代號,名稱,市 場,股價 日期,K 線,成交,漲跌 價,漲跌 幅,成交 張數,成交額 (百萬),昨收,開盤,最高,最低,振幅 (%),PER,PBR,折溢 價％,1個月 走勢圖,3個月 走勢圖,1年 走勢圖,3年 走勢圖,10年 走勢圖,平均 EPS (元),17Q1 EPS (元),17Q2 EPS (元),17Q3 EPS (元),17Q4 EPS (元),18Q1 EPS (元),18Q2 EPS (元),18Q3 EPS (元),18Q4 EPS (元),19Q1 EPS (元),19Q2 EPS (元),19Q3 EPS (元),19Q4 EPS (元),季度,14Q1 EPS (元),14Q2 EPS (元),14Q3 EPS (元),14Q4 EPS (元),15Q1 EPS (元),15Q2 EPS (元),15Q3 EPS (元),15Q4 EPS (元),16Q1 EPS (元),16Q2 EPS (元),16Q3 EPS (元),16Q4 EPS (元)
1235,興泰,市,04/17,,100.5,0,0,5,0.55,100.5,100.5,105.5,100,5.47,1256,1.16,+16.4,,,,,,,,,,,,,,,,,,,,,,,,,,,,,,,
1236,宏亞,市,04/17,,20.75,-0.05,-0.24,10,0.22,20.8,20.8,20.8,20.65,0.72,,0.7,-29.6,,,,,,,,,,,,,,,,,,,,,,,,,,,,,,,
1301,台塑,市,04/17,,35.5,-0.3,-0.84,10208,362,35.8,35.9,36,35.05,2.65,,0.78,-21.8,,,,,,,,,,,,,,,,,,,,,,,,,,,,,,,
1304,台聚,市,04/17,,10.1,-0.05,-0.49,1149,11.7,10.15,10.15,10.25,10,2.46,,0.52,-47.9,,,,,,,,,,,,,,,,,,,,,,,,,,,,,,,
1305,華夏,市,04/17,,11.25,0,0,396,4.42,11.25,11.2,11.3,11.05,2.22,,0.75,-25.2,,,,,,,,,,,,,,,,,,,,,,,,,,,,,,,
1308,亞聚,市,04/17,,13,-0.2,-1.52,329,4.27,13.2,13.1,13.15,12.8,2.65,,0.67,-32.8,,,,,,,,,,,,,,,,,,,,,,,,,,,,,,,
1309,台達化,市,04/17,,11.4,-0.1,-0.87,452,5.15,11.5,11.35,11.5,11.25,2.17,,0.72,-28,,,,,,,,,,,,,,,,,,,,,,,,,,,,,,,
1310,台苯,市,04/17,,8.92,-0.04,-0.45,427,3.79,8.96,8.85,8.96,8.81,1.67,,0.64,-36.3,,,,,,,,,,,,,,,,,,,,,,,,,,,,,,,
1312,國喬,市,04/17,,10.7,+0.1,+0.94,3275,34.9,10.6,10.5,10.85,10.45,3.77,,0.36,-63.9,,,,,,,,,,,,,,,,,,,,,,,,,,,,,,,
1313,聯成,市,04/17,,8.15,-0.04,-0.49,1007,8.2,8.19,8.18,8.24,8.08,1.95,,0.37,-63.2,,,,,,,,,,,,,,,,,,,,,,,,,,,,,,,
1316,上曜,市,04/17,,15.15,-0.7,-4.42,14083,216,15.85,15.65,15.7,15,4.42,,1.29,+29.4,,,,,,,,,,,,,,,,,,,,,,,,,,,,,,,
1325,恆大,市,04/17,,23.7,-0.3,-1.25,268,6.38,24,24,24,23.5,2.08,,0.76,-24.5,,,,,,,,,,,,,,,,,,,,,,,,,,,,,,,
1337,再生-KY,市,04/17,,5.6,+0.06,+1.08,246,1.36,5.54,5.54,5.68,5.43,4.51,,0.36,-63.6,,,,,,,,,,,,,,,,,,,,,,,,,,,,,,,
1338,廣華-KY,市,04/17,,23.95,-0.05,-0.21,57,1.36,24,23.85,24.3,23.5,3.33,,0.33,-67.2,,,,,,,,,,,,,,,,,,,,,,,,,,,,,,,
1340,勝悅-KY,市,04/17,,7.31,-0.02,-0.27,35,0.25,7.33,7.26,7.33,7.26,0.95,,0.37,-62.8,,,,,,,,,,,,,,,,,,,,,,,,,,,,,,,
1413,宏洲,市,04/17,,11.6,+0.15,+1.31,25,0.29,11.45,11.45,11.6,11.4,1.75,,1.43,+42.9,,,,,,,,,,,,,,,,,,,,,,,,,,,,,,,
1417,嘉裕,市,04/17,,7.81,+0.05,+0.64,127,0.99,7.76,7.75,7.81,7.72,1.16,,0.64,-36,,,,,,,,,,,,,,,,,,,,,,,,,,,,,,,
1432,大魯閣,市,04/17,,16.25,+0.1,+0.62,83,1.34,16.15,16.05,16.3,15.9,2.48,,1.76,+76.4,,,,,,,,,,,,,,,,,,,,,,,,,,,,,,,
代號,名稱,市 場,股價 日期,K 線,成交,漲跌 價,漲跌 幅,成交 張數,成交額 (百萬),昨收,開盤,最高,最低,振幅 (%),PER,PBR,折溢 價％,1個月 走勢圖,3個月 走勢圖,1年 走勢圖,3年 走勢圖,10年 走勢圖,,,,,,,,,,,,,,,,,,,,,,,,,,
1435,中福,市,04/17,,31.5,0,0,1,0.03,31.5,31.5,31.5,31.5,0,,3.8,+280,,,,,,,,,,,,,,,,,,,,,,,,,,,,,,,
1438,三地開發,市,04/17,,41.8,+2.3,+5.82,61,2.51,39.5,40.35,41.8,40,4.56,,1.76,+75.6,,,,,,,,,,,,,,,,,,,,,,,,,,,,,,,
1440,南紡,市,04/17,,11.7,-0.15,-1.27,704,8.26,11.85,11.85,11.85,11.7,1.27,,0.67,-33.5,,,,,,,,,,,,,,,,,,,,,,,,,,,,,,,
1445,大宇,市,04/17,,14.2,0,0,23,0.32,14.2,14.1,14.35,14.1,1.76,,0.77,-22.7,,,,,,,,,,,,,,,,,,,,,,,,,,,,,,,
1460,宏遠,市,04/17,,6.8,-0.07,-1.02,307,2.09,6.87,6.85,6.86,6.75,1.6,,0.78,-21.6,,,,,,,,,,,,,,,,,,,,,,,,,,,,,,,
1512,瑞利,市,04/17,,6.23,0,0,29,0.18,6.23,6.17,6.31,6.15,2.57,,0.94,-6.17,,,,,,,,,,,,,,,,,,,,,,,,,,,,,,,
1516,川飛,市,04/17,,14.15,-0.35,-2.41,28,0.4,14.5,14.1,14.55,14.1,3.1,,2.76,+176,,,,,,,,,,,,,,,,,,,,,,,,,,,,,,,
1517,利奇,市,04/17,,11.05,0,0,125,1.36,11.05,11.05,11.1,10.75,3.17,,0.68,-31.7,,,,,,,,,,,,,,,,,,,,,,,,,,,,,,,
1526,日馳,市,04/17,,18.6,-0.05,-0.27,31,0.58,18.65,18.55,18.8,18.35,2.41,,0.82,-17.6,,,,,,,,,,,,,,,,,,,,,,,,,,,,,,,
1528,恩德,市,04/17,,12.15,-0.05,-0.41,1141,13.8,12.2,12.2,12.25,11.95,2.46,,1.04,+4.2,,,,,,,,,,,,,,,,,,,,,,,,,,,,,,,
1529,樂事綠能,市,04/17,,21.95,+0.1,+0.46,408,8.86,21.85,21.55,21.95,21.5,2.06,,2.01,+101,,,,,,,,,,,,,,,,,,,,,,,,,,,,,,,
1533,車王電,市,04/17,,29.6,-0.25,-0.84,44,1.29,29.85,29.05,29.95,29.05,3.02,,1.3,+30.3,,,,,,,,,,,,,,,,,,,,,,,,,,,,,,,
1538,正峰,市,04/17,,26,-0.55,-2.07,6,0.16,26.55,26.9,26.9,26,3.39,,4.46,+346,,,,,,,,,,,,,,,,,,,,,,,,,,,,,,,
1587,吉茂,市,04/17,,26.95,-0.35,-1.28,116,3.13,27.3,27.15,27.3,26.65,2.38,,1.39,+38.6,,,,,,,,,,,,,,,,,,,,,,,,,,,,,,,
1589,永冠-KY,市,04/17,,27.85,-0.1,-0.36,157,4.35,27.95,28.55,28.55,27.25,4.65,,0.41,-58.7,,,,,,,,,,,,,,,,,,,,,,,,,,,,,,,
1626,艾美特-KY,市,04/17,,11.85,-0.05,-0.42,32,0.38,11.9,11.75,11.9,11.7,1.68,,0.6,-39.8,,,,,,,,,,,,,,,,,,,,,,,,,,,,,,,
1710,東聯,市,04/17,,12.9,-0.2,-1.53,867,11.2,13.1,12.95,12.95,12.75,1.53,645,1.05,+4.79,,,,,,,,,,,,,,,,,,,,,,,,,,,,,,,
1721,三晃,市,04/17,,11.45,+0.05,+0.44,627,7.13,11.4,11.35,11.5,11.2,2.63,,1.09,+9.15,,,,,,,,,,,,,,,,,,,,,,,,,,,,,,,
代號,名稱,市 場,股價 日期,K 線,成交,漲跌 價,漲跌 幅,成交 張數,成交額 (百萬),昨收,開盤,最高,最低,振幅 (%),PER,PBR,折溢 價％,1個月 走勢圖,3個月 走勢圖,1年 走勢圖,3年 走勢圖,10年 走勢圖,,,,,,,,,,,,,,,,,,,,,,,,,,
1802,台玻,市,04/17,,14,+0.1,+0.72,5712,79,13.9,13.7,14.1,13.55,3.96,,0.84,-16,,,,,,,,,,,,,,,,,,,,,,,,,,,,,,,
1903,士紙,市,04/17,,45.5,+0.4,+0.89,29,1.31,45.1,45.1,45.5,44.7,1.77,,2.24,+124,,,,,,,,,,,,,,,,,,,,,,,,,,,,,,,
1905,華紙,市,04/17,,13.05,-0.2,-1.51,540,7.03,13.25,13.05,13.15,12.9,1.89,,0.9,-9.63,,,,,,,,,,,,,,,,,,,,,,,,,,,,,,,
1909,榮成,市,04/17,,9.01,-0.16,-1.74,1746,15.8,9.17,9.15,9.19,9.01,1.96,,0.56,-44.2,,,,,,,,,,,,,,,,,,,,,,,,,,,,,,,
2007,燁興,市,04/17,,8.3,-0.06,-0.72,113,0.94,8.36,8.34,8.34,8.17,2.03,,0.83,-17.2,,,,,,,,,,,,,,,,,,,,,,,,,,,,,,,
2014,中鴻,市,04/17,,16.5,-0.2,-1.2,4480,74.2,16.7,16.6,16.9,16.35,3.29,,1.67,+67,,,,,,,,,,,,,,,,,,,,,,,,,,,,,,,
2022,聚亨,市,04/17,,8.1,-0.07,-0.86,484,3.91,8.17,8.13,8.17,8,2.08,,0.81,-19.1,,,,,,,,,,,,,,,,,,,,,,,,,,,,,,,
2023,燁輝,市,04/17,,15.55,0,0,1707,26.4,15.55,15.5,15.6,15.3,1.93,,0.79,-20.9,,,,,,,,,,,,,,,,,,,,,,,,,,,,,,,
2025,千興,市,04/17,,13.35,-0.1,-0.74,91,1.2,13.45,13.8,13.8,13.05,5.58,,1.57,+57.4,,,,,,,,,,,,,,,,,,,,,,,,,,,,,,,
2034,允強,市,04/17,,20.1,-0.2,-0.99,1289,25.9,20.3,20.2,20.3,20,1.48,,0.99,-0.54,,,,,,,,,,,,,,,,,,,,,,,,,,,,,,,
2102,泰豐,市,04/17,,16.95,-0.05,-0.29,257,4.36,17,16.7,17.1,16.7,2.35,,1.16,+15.5,,,,,,,,,,,,,,,,,,,,,,,,,,,,,,,
2104,國際中橡,市,04/17,,10.55,-0.1,-0.94,1014,10.7,10.65,10.6,10.75,10.45,2.82,,0.32,-67.6,,,,,,,,,,,,,,,,,,,,,,,,,,,,,,,
2208,台船,市,04/17,,17.15,-0.55,-3.11,3971,68.2,17.7,17.75,17.75,16.95,4.52,,2.4,+140,,,,,,,,,,,,,,,,,,,,,,,,,,,,,,,
2241,艾姆勒,市,04/17,,24.2,-0.1,-0.41,315,7.7,24.3,24.1,24.95,23.85,4.53,,1.79,+79.4,,,,,,,,,,,,,,,,,,,,,,,,,,,,,,,
2254,巨鎧精密-創,市,04/17,,67.4,-1.1,-1.61,69,4.65,68.5,68.5,68.8,67,2.63,,3.71,+271,,,,,,,,,,,,,,,,,,,,,,,,,,,,,,,
2258,鴻華先進-創,市,04/17,,40.5,-0.9,-2.17,458,18.6,41.4,41.4,41.4,40.15,3.02,,4.14,+314,,,,,,,,,,,,,,,,,,,,,,,,,,,,,,,
2314,台揚,市,04/17,,12,+0.1,+0.84,3184,38.2,11.9,12.5,12.5,11.2,10.9,,3.72,+272,,,,,,,,,,,,,,,,,,,,,,,,,,,,,,,
2321,東訊,市,04/17,,13.65,-0.3,-2.15,8,0.11,13.95,14.4,14.4,13.65,5.38,,2.05,+105,,,,,,,,,,,,,,,,,,,,,,,,,,,,,,,
代號,名稱,市 場,股價 日期,K 線,成交,漲跌 價,漲跌 幅,成交 張數,成交額 (百萬),昨收,開盤,最高,最低,振幅 (%),PER,PBR,折溢 價％,1個月 走勢圖,3個月 走勢圖,1年 走勢圖,3年 走勢圖,10年 走勢圖,,,,,,,,,,,,,,,,,,,,,,,,,,
2323,中環,市,04/17,,7.77,-0.06,-0.77,1999,15.5,7.83,7.77,7.85,7.67,2.3,,0.48,-52.1,,,,,,,,,,,,,,,,,,,,,,,,,,,,,,,
2331,精英,市,04/17,,15.4,+0.2,+1.32,1442,22,15.2,15.2,15.55,14.9,4.28,,0.73,-26.9,,,,,,,,,,,,,,,,,,,,,,,,,,,,,,,
2337,旺宏,市,04/17,,19.15,-0.05,-0.26,9840,187,19.2,18.9,19.35,18.7,3.39,,0.81,-19.3,,,,,,,,,,,,,,,,,,,,,,,,,,,,,,,
2338,光罩,市,04/17,,31.15,+0.3,+0.97,724,22.3,30.85,30.1,31.3,30.1,3.89,,1.51,+51.4,,,,,,,,,,,,,,,,,,,,,,,,,,,,,,,
2340,台亞,市,04/17,,20.75,+0.25,+1.22,960,19.8,20.5,20.45,20.9,20.25,3.17,,1.21,+20.7,,,,,,,,,,,,,,,,,,,,,,,,,,,,,,,
2369,菱生,市,04/17,,13.45,-0.05,-0.37,472,6.3,13.5,13.4,13.6,13.15,3.33,,0.95,-4.61,,,,,,,,,,,,,,,,,,,,,,,,,,,,,,,
2380,虹光,市,04/17,,3.89,+0.34,+9.58,173,0.63,3.55,3.5,3.9,3.5,11.3,,2.24,+124,,,,,,,,,,,,,,,,,,,,,,,,,,,,,,,
2390,云辰,市,04/17,,10.25,-0.05,-0.49,1545,16.2,10.3,10.6,10.8,10.1,6.8,,0.84,-15.8,,,,,,,,,,,,,,,,,,,,,,,,,,,,,,,
2406,國碩,市,04/17,,11,0,0,564,6.16,11,10.85,11.15,10.7,4.09,,1,+0.18,,,,,,,,,,,,,,,,,,,,,,,,,,,,,,,
2408,南亞科,市,04/17,,32.1,-0.65,-1.98,65164,2105,32.75,32.95,33.6,31.65,5.95,,0.6,-39.7,,,,,,,,,,,,,,,,,,,,,,,,,,,,,,,
2409,友達,市,04/17,,12.3,-0.1,-0.81,29799,370,12.4,12.4,12.7,12.15,4.44,,0.62,-38.5,,,,,,,,,,,,,,,,,,,,,,,,,,,,,,,
2413,環科,市,04/17,,18.25,0,0,150,2.74,18.25,18.25,18.55,17.95,3.29,,1.19,+18.7,,,,,,,,,,,,,,,,,,,,,,,,,,,,,,,
2424,隴華,市,04/17,,59.8,0,0,10,0.57,59.8,61.1,61.1,59.8,2.17,,11.87,+1087,,,,,,,,,,,,,,,,,,,,,,,,,,,,,,,
2429,銘旺科,市,04/17,,44.2,-0.55,-1.23,2380,107,44.75,44.4,46.1,43.8,5.14,,4.24,+324,,,,,,,,,,,,,,,,,,,,,,,,,,,,,,,
2431,聯昌,市,04/17,,11.05,-0.15,-1.34,1197,13.2,11.2,11.05,11.35,10.7,5.8,,0.9,-10.1,,,,,,,,,,,,,,,,,,,,,,,,,,,,,,,
2438,翔耀,市,04/17,,29.5,+0.5,+1.72,68,1.97,29,29,29.55,28.6,3.28,,3.94,+294,,,,,,,,,,,,,,,,,,,,,,,,,,,,,,,
2440,太空梭,市,04/17,,15.8,+0.65,+4.29,1686,26,15.15,14.85,15.9,14.6,8.58,,1.79,+79.1,,,,,,,,,,,,,,,,,,,,,,,,,,,,,,,
2444,兆勁,市,04/17,,12.1,-0.15,-1.22,256,3.12,12.25,12.25,12.35,12.05,2.45,,1.28,+28.5,,,,,,,,,,,,,,,,,,,,,,,,,,,,,,,
代號,名稱,市 場,股價 日期,K 線,成交,漲跌 價,漲跌 幅,成交 張數,成交額 (百萬),昨收,開盤,最高,最低,振幅 (%),PER,PBR,折溢 價％,1個月 走勢圖,3個月 走勢圖,1年 走勢圖,3年 走勢圖,10年 走勢圖,,,,,,,,,,,,,,,,,,,,,,,,,,
2460,建通,市,04/17,,16.45,-0.35,-2.08,146,2.4,16.8,16.25,16.7,16.25,2.68,,1.38,+38.5,,,,,,,,,,,,,,,,,,,,,,,,,,,,,,,
2465,麗臺,市,04/17,,47.6,0,0,257,12,47.6,46.15,47.8,45.95,3.89,,6.84,+584,,,,,,,,,,,,,,,,,,,,,,,,,,,,,,,
2466,冠西電,市,04/17,,108.5,+4,+3.83,14017,1471,104.5,101,112.5,94.1,17.6,,9.43,+843,,,,,,,,,,,,,,,,,,,,,,,,,,,,,,,
2485,兆赫,市,04/17,,11.5,-0.05,-0.43,443,5.08,11.55,11.35,11.65,11.3,3.03,,0.67,-32.6,,,,,,,,,,,,,,,,,,,,,,,,,,,,,,,
2491,吉祥全,市,04/17,,11.1,+0.05,+0.45,10,0.11,11.05,11.05,11.1,11.05,0.45,,1.13,+12.7,,,,,,,,,,,,,,,,,,,,,,,,,,,,,,,
2498,宏達電,市,04/17,,36.9,-0.15,-0.4,3045,112,37.05,37.25,37.25,36.5,2.02,,1.44,+43.5,,,,,,,,,,,,,,,,,,,,,,,,,,,,,,,
2547,日勝生,市,04/17,,12.65,+0.25,+2.02,3779,47.6,12.4,12.15,12.8,12.15,5.24,,1.08,+8.4,,,,,,,,,,,,,,,,,,,,,,,,,,,,,,,
2601,益航,市,04/17,,6.48,-0.09,-1.37,1035,6.7,6.57,6.5,6.52,6.4,1.83,,0.59,-40.8,,,,,,,,,,,,,,,,,,,,,,,,,,,,,,,
2616,山隆,市,04/17,,16.15,-0.45,-2.71,166,2.67,16.6,16.3,16.3,15.95,2.11,,0.6,-40.3,,,,,,,,,,,,,,,,,,,,,,,,,,,,,,,
2642,宅配通,市,04/17,,28,-0.4,-1.41,45,1.27,28.4,28.4,28.4,27.5,3.17,,1.3,+30.4,,,,,,,,,,,,,,,,,,,,,,,,,,,,,,,
2712,遠雄來,市,04/17,,18.4,0,0,0,0,18.4,18.4,18.4,18.4,0,,1.81,+81.3,,,,,,,,,,,,,,,,,,,,,,,,,,,,,,,
2722,夏都,市,04/17,,27.5,-0.5,-1.79,29,0.78,28,28,28,27.15,3.04,917,1.56,+56.2,,,,,,,,,,,,,,,,,,,,,,,,,,,,,,,
2911,麗嬰房,市,04/17,,5.08,-0.07,-1.36,21,0.1,5.15,5,5.1,4.99,2.14,,1.19,+18.7,,,,,,,,,,,,,,,,,,,,,,,,,,,,,,,
2913,農林,市,04/17,,15.45,+0.05,+0.32,637,9.8,15.4,15.35,15.55,15.2,2.27,,0.97,-2.65,,,,,,,,,,,,,,,,,,,,,,,,,,,,,,,
2939,永邑-KY,市,04/17,,28.85,+1.7,+6.26,8,0.23,27.15,26.95,28.85,26.95,7,,1.8,+80,,,,,,,,,,,,,,,,,,,,,,,,,,,,,,,
3011,今皓,市,04/17,,12.6,-0.15,-1.18,352,4.45,12.75,12.75,12.85,12.4,3.53,,0.94,-6.25,,,,,,,,,,,,,,,,,,,,,,,,,,,,,,,
3018,隆銘綠能,市,04/17,,21.85,+0.4,+1.86,35,0.74,21.45,20.05,21.85,20.05,8.39,,2.25,+125,,,,,,,,,,,,,,,,,,,,,,,,,,,,,,,
3041,揚智,市,04/17,,23.55,-0.15,-0.63,451,10.6,23.7,23.5,23.8,23.25,2.32,,2.05,+105,,,,,,,,,,,,,,,,,,,,,,,,,,,,,,,
代號,名稱,市 場,股價 日期,K 線,成交,漲跌 價,漲跌 幅,成交 張數,成交額 (百萬),昨收,開盤,最高,最低,振幅 (%),PER,PBR,折溢 價％,1個月 走勢圖,3個月 走勢圖,1年 走勢圖,3年 走勢圖,10年 走勢圖,,,,,,,,,,,,,,,,,,,,,,,,,,
3048,益登,市,04/17,,23.8,0,0,388,9.2,23.8,23.4,24.1,23.25,3.57,,1.4,+40,,,,,,,,,,,,,,,,,,,,,,,,,,,,,,,
3049,精金,市,04/17,,6.88,-0.08,-1.15,751,5.15,6.96,6.86,6.95,6.8,2.16,,0.72,-28,,,,,,,,,,,,,,,,,,,,,,,,,,,,,,,
3054,立萬利,市,04/17,,22.8,+0.8,+3.64,15,0.35,22,22.3,23.65,22.3,6.14,,2.44,+144,,,,,,,,,,,,,,,,,,,,,,,,,,,,,,,
3055,蔚華科,市,04/17,,48.05,-0.35,-0.72,338,16.2,48.4,46.05,48.05,46.05,4.13,,2.61,+161,,,,,,,,,,,,,,,,,,,,,,,,,,,,,,,
3057,喬鼎,市,04/17,,8.18,-0.09,-1.09,136,1.08,8.27,7.7,8.2,7.7,6.05,,1.26,+25.8,,,,,,,,,,,,,,,,,,,,,,,,,,,,,,,
3058,立德,市,04/17,,10.25,-0.15,-1.44,273,2.8,10.4,10.25,10.4,10.1,2.88,,1.07,+6.77,,,,,,,,,,,,,,,,,,,,,,,,,,,,,,,
3092,鴻碩,市,04/17,,19.25,-0.5,-2.53,120,2.32,19.75,19.7,19.7,19.15,2.78,,1.05,+4.68,,,,,,,,,,,,,,,,,,,,,,,,,,,,,,,
3149,正達,市,04/17,,29.8,-0.35,-1.16,1271,38.1,30.15,30.1,30.4,29.75,2.16,,2.83,+183,,,,,,,,,,,,,,,,,,,,,,,,,,,,,,,
3321,同泰,市,04/17,,7.08,+0.36,+5.36,99,0.69,6.72,6.72,7.2,6.72,7.14,,1.48,+47.8,,,,,,,,,,,,,,,,,,,,,,,,,,,,,,,
3419,譁裕,市,04/17,,14.55,+0.15,+1.04,65,0.95,14.4,14.25,14.65,14.25,2.78,,1.47,+47.4,,,,,,,,,,,,,,,,,,,,,,,,,,,,,,,
3432,台端,市,04/17,,13.8,+0.65,+4.94,20,0.27,13.15,13.3,13.8,13.3,3.8,,1.69,+69.3,,,,,,,,,,,,,,,,,,,,,,,,,,,,,,,
3437,榮創,市,04/17,,15.15,-0.15,-0.98,148,2.25,15.3,15.2,15.4,15.05,2.29,,0.87,-12.8,,,,,,,,,,,,,,,,,,,,,,,,,,,,,,,
3494,誠研,市,04/17,,14.55,0,0,181,2.57,14.55,14.55,14.6,13.9,4.81,,1.83,+83.2,,,,,,,,,,,,,,,,,,,,,,,,,,,,,,,
3504,揚明光,市,04/17,,44.35,+0.35,+0.8,245,10.8,44,44.45,44.8,43.3,3.41,,1.8,+80.1,,,,,,,,,,,,,,,,,,,,,,,,,,,,,,,
3518,柏騰,市,04/17,,17.75,0,0,177,3.1,17.75,17.4,17.85,17.2,3.66,,1.18,+18.3,,,,,,,,,,,,,,,,,,,,,,,,,,,,,,,
3530,晶相光,市,04/17,,55.4,-0.7,-1.25,114,6.3,56.1,54.3,56.9,54.3,4.63,,1.86,+85.9,,,,,,,,,,,,,,,,,,,,,,,,,,,,,,,
3543,州巧,市,04/17,,17.4,+0.3,+1.75,50,0.85,17.1,16.7,17.4,16.7,4.09,,0.58,-41.6,,,,,,,,,,,,,,,,,,,,,,,,,,,,,,,
3550,聯穎,市,04/17,,12.6,-0.05,-0.4,111,1.4,12.65,12.35,12.75,12.35,3.16,,0.76,-24,,,,,,,,,,,,,,,,,,,,,,,,,,,,,,,
代號,名稱,市 場,股價 日期,K 線,成交,漲跌 價,漲跌 幅,成交 張數,成交額 (百萬),昨收,開盤,最高,最低,振幅 (%),PER,PBR,折溢 價％,1個月 走勢圖,3個月 走勢圖,1年 走勢圖,3年 走勢圖,10年 走勢圖,,,,,,,,,,,,,,,,,,,,,,,,,,
3576,聯合再生,市,04/17,,8.2,+0.1,+1.23,1031,8.31,8.1,7.99,8.2,7.94,3.21,,1.18,+18.2,,,,,,,,,,,,,,,,,,,,,,,,,,,,,,,
3593,力銘,市,04/17,,9.85,-0.15,-1.5,62,0.61,10,10.4,10.4,9.65,7.5,,3.18,+218,,,,,,,,,,,,,,,,,,,,,,,,,,,,,,,
3686,達能,市,04/17,,14.1,-0.4,-2.76,128,1.79,14.5,13.9,14.35,13.8,3.79,,1.54,+53.9,,,,,,,,,,,,,,,,,,,,,,,,,,,,,,,
3714,富采,市,04/17,,35.15,+0.2,+0.57,1573,55.1,34.95,34.6,35.6,34.4,3.43,,0.56,-43.9,,,,,,,,,,,,,,,,,,,,,,,,,,,,,,,
4108,懷特,市,04/17,,13.15,0,0,67,0.87,13.15,13.1,13.15,12.9,1.9,,1.37,+37.4,,,,,,,,,,,,,,,,,,,,,,,,,,,,,,,
4142,國光生,市,04/17,,18.55,-0.15,-0.8,961,17.9,18.7,18.8,18.95,18.35,3.21,,1.49,+49.5,,,,,,,,,,,,,,,,,,,,,,,,,,,,,,,
4190,佐登-KY,市,04/17,,34.5,+0.4,+1.17,8,0.26,34.1,34.85,34.85,34,2.49,,1.17,+16.8,,,,,,,,,,,,,,,,,,,,,,,,,,,,,,,
4426,利勤,市,04/17,,11.2,-0.2,-1.75,66,0.74,11.4,11.15,11.35,11.15,1.75,,0.8,-20,,,,,,,,,,,,,,,,,,,,,,,,,,,,,,,
4526,東台,市,04/17,,21.5,-1,-4.44,2031,43.7,22.5,22,22.05,21.1,4.22,,1.24,+23.9,,,,,,,,,,,,,,,,,,,,,,,,,,,,,,,
4540,全球傳動,市,04/17,,36.6,-0.05,-0.14,2098,76.7,36.65,37,37.25,35.8,3.96,,1.22,+21.8,,,,,,,,,,,,,,,,,,,,,,,,,,,,,,,
4555,氣立,市,04/17,,34.75,+0.35,+1.02,256,8.77,34.4,33.95,34.95,33.45,4.36,,0.86,-13.8,,,,,,,,,,,,,,,,,,,,,,,,,,,,,,,
4562,穎漢,市,04/17,,40.9,+0.55,+1.36,488,19.7,40.35,40.4,41.2,39.55,4.09,,3.5,+250,,,,,,,,,,,,,,,,,,,,,,,,,,,,,,,
4564,元翎,市,04/17,,19.4,+0.65,+3.47,2634,50.5,18.75,18.5,19.75,18.4,7.2,,0.99,-0.67,,,,,,,,,,,,,,,,,,,,,,,,,,,,,,,
4737,華廣,市,04/17,,55,+5,+10,94,5.12,50,49.95,55,49.95,10.1,,1.79,+78.7,,,,,,,,,,,,,,,,,,,,,,,,,,,,,,,
4764,雙鍵,市,04/17,,39,-0.2,-0.51,51,2.02,39.2,40.55,40.55,38.1,6.25,,1.52,+52.3,,,,,,,,,,,,,,,,,,,,,,,,,,,,,,,
4807,日成-KY,市,04/17,,17.7,+1.6,+9.94,293,5.04,16.1,15.9,17.7,15.8,11.8,,0.91,-9.32,,,,,,,,,,,,,,,,,,,,,,,,,,,,,,,
4927,泰鼎-KY,市,04/17,,22.5,-0.65,-2.81,3105,68.7,23.15,22.95,22.95,21.3,7.13,,0.73,-26.8,,,,,,,,,,,,,,,,,,,,,,,,,,,,,,,
4934,太極,市,04/17,,9.9,0,0,277,2.72,9.9,9.9,9.9,9.56,3.43,,1.33,+32.7,,,,,,,,,,,,,,,,,,,,,,,,,,,,,,,
代號,名稱,市 場,股價 日期,K 線,成交,漲跌 價,漲跌 幅,成交 張數,成交額 (百萬),昨收,開盤,最高,最低,振幅 (%),PER,PBR,折溢 價％,1個月 走勢圖,3個月 走勢圖,1年 走勢圖,3年 走勢圖,10年 走勢圖,,,,,,,,,,,,,,,,,,,,,,,,,,
4943,康控-KY,市,04/17,,12,0,0,23,0.28,12,12,12,12,0,,4.43,+343,,,,,,,,,,,,,,,,,,,,,,,,,,,,,,,
4949,有成精密,市,04/17,,38.5,-0.8,-2.04,21638,866,39.3,39.35,43.1,36.4,17,,1.66,+66,,,,,,,,,,,,,,,,,,,,,,,,,,,,,,,
4956,光鋐,市,04/17,,21.35,+0.75,+3.64,911,19.1,20.6,20.5,21.75,20.2,7.52,,1.26,+26.1,,,,,,,,,,,,,,,,,,,,,,,,,,,,,,,
4960,誠美材,市,04/17,,12.25,-0.15,-1.21,1001,12.3,12.4,12.35,12.4,12.2,1.61,,0.79,-21.4,,,,,,,,,,,,,,,,,,,,,,,,,,,,,,,
4976,佳凌,市,04/17,,25.8,+0.3,+1.18,336,8.5,25.5,25.4,25.8,24.8,3.92,,1.45,+44.7,,,,,,,,,,,,,,,,,,,,,,,,,,,,,,,
4989,榮科,市,04/17,,14.6,-0.05,-0.34,48,0.7,14.65,14.5,14.6,14.25,2.39,,1.04,+3.69,,,,,,,,,,,,,,,,,,,,,,,,,,,,,,,
5484,慧友,市,04/17,,37.55,0,0,281,10.4,37.55,37,38,35.8,5.86,,4.74,+374,,,,,,,,,,,,,,,,,,,,,,,,,,,,,,,
5531,鄉林,市,04/17,,9.71,-0.11,-1.12,666,6.5,9.82,9.82,9.83,9.7,1.32,,0.92,-8.14,,,,,,,,,,,,,,,,,,,,,,,,,,,,,,,
5546,永固-KY,市,04/17,,28,+0.15,+0.54,2,0.06,27.85,28,28,28,0,165,1.04,+4.01,,,,,,,,,,,,,,,,,,,,,,,,,,,,,,,
5608,四維航,市,04/17,,16.3,-0.1,-0.61,1980,32.1,16.4,16.35,16.45,15.95,3.05,,0.63,-37.3,,,,,,,,,,,,,,,,,,,,,,,,,,,,,,,
5907,大洋-KY,市,04/17,,8.64,-0.34,-3.79,762,6.52,8.98,8.69,8.7,8.42,3.12,,0.35,-64.7,,,,,,,,,,,,,,,,,,,,,,,,,,,,,,,
6112,邁達特,市,04/17,,43.5,-0.55,-1.25,2773,120,44.05,44.35,44.55,42.2,5.33,72.5,2.01,+101,,,,,,,,,,,,,,,,,,,,,,,,,,,,,,,
6116,彩晶,市,04/17,,6.98,0,0,2707,18.9,6.98,6.92,7.05,6.85,2.87,,0.59,-41.4,,,,,,,,,,,,,,,,,,,,,,,,,,,,,,,
6141,柏承,市,04/17,,9.4,-0.05,-0.53,519,4.75,9.45,9.2,9.4,9.01,4.13,,0.94,-5.91,,,,,,,,,,,,,,,,,,,,,,,,,,,,,,,
6142,友勁,市,04/17,,8.62,+0.04,+0.47,314,2.7,8.58,8.58,8.68,8.45,2.68,,0.94,-6,,,,,,,,,,,,,,,,,,,,,,,,,,,,,,,
6152,百一,市,04/17,,9.01,-0.06,-0.66,411,3.67,9.07,9,9.1,8.81,3.2,,1.01,+1.46,,,,,,,,,,,,,,,,,,,,,,,,,,,,,,,
6153,嘉聯益,市,04/17,,11.4,+0.25,+2.24,1483,16.7,11.15,11.15,11.4,11.05,3.14,,0.66,-34.1,,,,,,,,,,,,,,,,,,,,,,,,,,,,,,,
6168,宏齊,市,04/17,,15.9,0,0,150,2.38,15.9,15.95,15.95,15.5,2.83,530,1.09,+8.76,,,,,,,,,,,,,,,,,,,,,,,,,,,,,,,
代號,名稱,市 場,股價 日期,K 線,成交,漲跌 價,漲跌 幅,成交 張數,成交額 (百萬),昨收,開盤,最高,最低,振幅 (%),PER,PBR,折溢 價％,1個月 走勢圖,3個月 走勢圖,1年 走勢圖,3年 走勢圖,10年 走勢圖,,,,,,,,,,,,,,,,,,,,,,,,,,
6202,盛群,市,04/17,,38.75,+0.2,+0.52,369,14.3,38.55,38.5,39,38,2.59,,2.44,+144,,,,,,,,,,,,,,,,,,,,,,,,,,,,,,,
6209,今國光,市,04/17,,23.5,-0.45,-1.88,819,19.2,23.95,23.95,23.95,23.2,3.13,,1.41,+41.1,,,,,,,,,,,,,,,,,,,,,,,,,,,,,,,
6225,天瀚,市,04/17,,12.35,-0.55,-4.26,85,1,12.9,11.8,12.35,11.65,5.43,,3.84,+284,,,,,,,,,,,,,,,,,,,,,,,,,,,,,,,
6226,光鼎,市,04/17,,7.28,+0.05,+0.69,117,0.84,7.23,7.02,7.3,6.93,5.12,,0.75,-25.3,,,,,,,,,,,,,,,,,,,,,,,,,,,,,,,
6269,台郡,市,04/17,,49.8,-0.6,-1.19,646,32.1,50.4,49.85,50.4,49.1,2.58,,0.67,-32.8,,,,,,,,,,,,,,,,,,,,,,,,,,,,,,,
6282,康舒,市,04/17,,26.05,-0.2,-0.76,3069,78.8,26.25,25.95,26.05,25.3,2.86,,0.97,-3.05,,,,,,,,,,,,,,,,,,,,,,,,,,,,,,,
6405,悅城,市,04/17,,21.6,-0.55,-2.48,165,3.56,22.15,21.55,21.85,21.2,2.93,,0.58,-41.6,,,,,,,,,,,,,,,,,,,,,,,,,,,,,,,
6426,統新,市,04/17,,59.1,0,0,172,10.1,59.1,58.5,59.5,57.7,3.05,,2.38,+138,,,,,,,,,,,,,,,,,,,,,,,,,,,,,,,
6431,光麗-KY,市,04/17,,18.75,+0.45,+2.46,47,0.86,18.3,18.3,18.85,18.25,3.28,,2.95,+195,,,,,,,,,,,,,,,,,,,,,,,,,,,,,,,
6443,元晶,市,04/17,,14.15,0,0,2566,35.9,14.15,14.15,14.2,13.75,3.18,,1.06,+6.23,,,,,,,,,,,,,,,,,,,,,,,,,,,,,,,
6477,安集,市,04/17,,27.9,-0.2,-0.71,505,14,28.1,28.1,28.2,27.2,3.56,,1.08,+8.48,,,,,,,,,,,,,,,,,,,,,,,,,,,,,,,
6541,泰福-KY,市,04/17,,63.5,+0.7,+1.11,137,8.65,62.8,62.8,63.9,61.5,3.82,,11.67,+1067,,,,,,,,,,,,,,,,,,,,,,,,,,,,,,,
6550,北極星藥業-KY,市,04/17,,40.25,+3.65,+9.97,6609,265,36.6,40.25,40.25,38.6,4.51,,4.63,+363,,,,,,,,,,,,,,,,,,,,,,,,,,,,,,,
6573,虹揚-KY,市,04/17,,11.25,-0.3,-2.6,6,0.07,11.55,11.2,11.25,11.2,0.43,,1.65,+65,,,,,,,,,,,,,,,,,,,,,,,,,,,,,,,
6598,ABC-KY,市,04/17,,18.85,-0.15,-0.79,42,0.8,19,19,19,18.75,1.32,,2.2,+120,,,,,,,,,,,,,,,,,,,,,,,,,,,,,,,
6645,金萬林-創,市,04/17,,21.85,+0.35,+1.63,49,1.04,21.5,22,22,20.25,8.14,,2.09,+109,,,,,,,,,,,,,,,,,,,,,,,,,,,,,,,
6657,華安,市,04/17,,59.5,0,0,188,11.2,59.5,59.4,61.1,58.1,5.04,,6.39,+539,,,,,,,,,,,,,,,,,,,,,,,,,,,,,,,
6668,中揚光,市,04/17,,33.95,+0.25,+0.74,200,6.73,33.7,33.2,34.1,33.2,2.67,,1.65,+65.2,,,,,,,,,,,,,,,,,,,,,,,,,,,,,,,
代號,名稱,市 場,股價 日期,K 線,成交,漲跌 價,漲跌 幅,成交 張數,成交額 (百萬),昨收,開盤,最高,最低,振幅 (%),PER,PBR,折溢 價％,1個月 走勢圖,3個月 走勢圖,1年 走勢圖,3年 走勢圖,10年 走勢圖,,,,,,,,,,,,,,,,,,,,,,,,,,
6674,鋐寶科技,市,04/17,,16.95,+0.1,+0.59,4,0.07,16.85,17.2,17.5,16.95,3.26,,1.17,+16.6,,,,,,,,,,,,,,,,,,,,,,,,,,,,,,,
6695,芯鼎,市,04/17,,41.6,-0.05,-0.12,303,12.6,41.65,40.95,42.45,40.65,4.32,,2.34,+134,,,,,,,,,,,,,,,,,,,,,,,,,,,,,,,
6698,旭暉應材,市,04/17,,27.2,+0.45,+1.68,76,2.05,26.75,26.5,27.4,26.3,4.11,,1.52,+52,,,,,,,,,,,,,,,,,,,,,,,,,,,,,,,
6706,惠特,市,04/17,,66.5,-0.2,-0.3,1142,75.4,66.7,66.7,67.4,64.5,4.35,,1.26,+25.9,,,,,,,,,,,,,,,,,,,,,,,,,,,,,,,
6770,力積電,市,04/17,,14.1,0,0,9924,139,14.1,14,14.25,13.85,2.84,,0.66,-33.6,,,,,,,,,,,,,,,,,,,,,,,,,,,,,,,
6794,向榮生技-創,市,04/17,,64.8,+1.5,+2.37,8,0.51,63.3,63.4,64.8,63.4,2.21,,5.53,+453,,,,,,,,,,,,,,,,,,,,,,,,,,,,,,,
6838,台新藥,市,04/17,,24.3,+0.15,+0.62,198,4.78,24.15,24.1,24.45,23.75,2.9,,2.37,+137,,,,,,,,,,,,,,,,,,,,,,,,,,,,,,,
6885,全福生技,市,04/17,,23.3,-0.2,-0.85,102,2.38,23.5,23.2,23.75,22.95,3.4,,1.49,+49,,,,,,,,,,,,,,,,,,,,,,,,,,,,,,,
6901,鑽石投資,市,04/17,,22.65,+0.6,+2.72,516,11.6,22.05,22.25,22.75,21.7,4.76,,1.86,+86,,,,,,,,,,,,,,,,,,,,,,,,,,,,,,,
6902,GOGOLOOK-創,市,04/17,,98,-1.5,-1.51,6,0.61,99.5,100.5,100.5,98,2.51,,7.69,+669,,,,,,,,,,,,,,,,,,,,,,,,,,,,,,,
6919,康霈*,市,04/17,,616,+4,+0.65,1376,853,612,617,634,611,3.76,,9.77,+877,,,,,,,,,,,,,,,,,,,,,,,,,,,,,,,
6928,攸泰科技,市,04/17,,44.3,-1.1,-2.42,125,5.59,45.4,45.8,45.8,43.75,4.52,,1.79,+79.4,,,,,,,,,,,,,,,,,,,,,,,,,,,,,,,
6949,沛爾生醫-創,市,04/17,,125.5,+0.5,+0.4,136,17.7,125,123,135,122.5,10,,6.18,+518,,,,,,,,,,,,,,,,,,,,,,,,,,,,,,,
6969,成信實業*-創,市,04/17,,26.75,-0.75,-2.73,45,1.22,27.5,27,27.5,26.75,2.73,,3.11,+211,,,,,,,,,,,,,,,,,,,,,,,,,,,,,,,
8101,華冠,市,04/17,,16.1,0,0,0,0.01,16.1,16.1,16.1,16.1,0,,4.81,+381,,,,,,,,,,,,,,,,,,,,,,,,,,,,,,,
8110,華東,市,04/17,,11.8,-0.05,-0.42,816,9.59,11.85,11.7,11.9,11.55,2.95,45.4,0.57,-42.8,,,,,,,,,,,,,,,,,,,,,,,,,,,,,,,
8201,無敵,市,04/17,,11.85,+0.1,+0.85,40,0.46,11.75,11.6,11.85,11.1,6.38,,1.57,+57.2,,,,,,,,,,,,,,,,,,,,,,,,,,,,,,,
8411,福貞-KY,市,04/17,,12.35,+0.55,+4.66,242,2.93,11.8,11.95,12.35,11.95,3.39,,0.46,-54,,,,,,,,,,,,,,,,,,,,,,,,,,,,,,,
代號,名稱,市 場,股價 日期,K 線,成交,漲跌 價,漲跌 幅,成交 張數,成交額 (百萬),昨收,開盤,最高,最低,振幅 (%),PER,PBR,折溢 價％,1個月 走勢圖,3個月 走勢圖,1年 走勢圖,3年 走勢圖,10年 走勢圖,,,,,,,,,,,,,,,,,,,,,,,,,,
8429,金麗-KY,市,04/17,,8.56,0,0,341,2.92,8.56,8.55,8.66,8.47,2.22,,0.25,-74.8,,,,,,,,,,,,,,,,,,,,,,,,,,,,,,,
8443,阿瘦,市,04/17,,11.6,+0.05,+0.43,6,0.07,11.55,11.55,11.6,11.55,0.43,,1,-0.34,,,,,,,,,,,,,,,,,,,,,,,,,,,,,,,
8488,吉源-KY,市,04/17,,11.85,+0.3,+2.6,59,0.68,11.55,11.65,11.9,11.5,3.46,,0.34,-65.8,,,,,,,,,,,,,,,,,,,,,,,,,,,,,,,
9912,偉聯,市,04/17,,11.7,+0.05,+0.43,36,0.41,11.65,11.4,11.7,11.35,3,,1.45,+45,,,,,,,,,,,,,,,,,,,,,,,,,,,,,,,
9914,美利達,市,04/17,,131.5,-1,-0.75,507,66.5,132.5,131.5,133,129.5,2.64,,2.04,+104,,,,,,,,,,,,,,,,,,,,,,,,,,,,,,,
9919,康那香,市,04/17,,15.55,-0.45,-2.81,275,4.33,16,16.1,16.1,15.55,3.44,,1.16,+16.3,,,,,,,,,,,,,,,,,,,,,,,,,,,,,,,
9928,中視,市,04/17,,15.6,0,0,20,0.31,15.6,15.9,15.9,15.3,3.85,,0.49,-50.7,,,,,,,,,,,,,,,,,,,,,,,,,,,,,,,
9929,秋雨,市,04/17,,13.75,+0.4,+3,9,0.12,13.35,13.4,13.75,13.4,2.62,,1.69,+68.7,,,,,,,,,,,,,,,,,,,,,,,,,,,,,,,
9955,佳龍,市,04/17,,29.15,+2.65,+10,3250,93.4,26.5,27.7,29.15,27.5,6.23,,2.6,+160,,,,,,,,,,,,,,,,,,,,,,,,,,,,,,,
1235,興泰,,,,100.5,0,0,,,,,,,,,,,,,,,,0.46,0.66,0.76,2.34,0.08,0.11,0.2,1.47,-0.55,-0.38,-0.18,1.1,-0.05,2019Q4,,,,,,,,,,,,
1236,宏亞,,,,20.75,-0.05,-0.24,,,,,,,,,,,,,,,,0.03,-0.07,-0.31,0.13,0.31,0.31,-0.47,-0.17,0.45,0.08,-0.48,0.1,0.46,2019Q4,,,,,,,,,,,,
1301,台塑,,,,35.5,-0.3,-0.84,,,,,,,,,,,,,,,,1.78,1.55,1.53,2.66,2.02,1.87,2.69,2.86,0.37,1.28,1.63,2.46,0.49,2019Q4,,,,,,,,,,,,
1304,台聚,,,,10.1,-0.05,-0.49,,,,,,,,,,,,,,,,0.23,0.28,0.21,0.33,0.22,0.24,0.26,0.11,-0.09,0.24,0.41,0.28,0.26,2019Q4,,,,,,,,,,,,
1305,華夏,,,,11.25,0,0,,,,,,,,,,,,,,,,0.53,0.77,0.5,0.54,0.74,1.1,0.76,0.47,0.22,0.36,0.09,0.31,0.45,2019Q4,,,,,,,,,,,,
1308,亞聚,,,,13,-0.2,-1.52,,,,,,,,,,,,,,,,0.25,0.29,0.32,0.27,0.17,0.16,0.14,0.18,0.04,0.25,0.35,0.35,0.49,2019Q4,,,,,,,,,,,,
1309,台達化,,,,11.4,-0.1,-0.87,,,,,,,,,,,,,,,,0.28,0.28,-0.2,0.71,0.74,0.58,0.59,0,-0.53,0.6,0.32,0.03,0.25,2019Q4,,,,,,,,,,,,
1310,台苯,,,,8.92,-0.04,-0.45,,,,,,,,,,,,,,,,0.5,0.83,0.19,0.71,0.27,0.75,0.65,0.8,0.11,0.63,0.58,0.39,0.06,2019Q4,,,,,,,,,,,,
1312,國喬,,,,10.7,+0.1,+0.94,,,,,,,,,,,,,,,,0.77,0.86,0.22,1.35,1.23,1.08,0.88,1.04,0.26,0.65,0.78,0.53,0.33,2019Q4,,,,,,,,,,,,
1313,聯成,,,,8.15,-0.04,-0.49,,,,,,,,,,,,,,,,0.2,0.26,0.19,1.02,0.45,0.37,0.12,0.23,-0.09,-0.11,-0.3,0.36,-0.06,2019Q4,,,,,,,,,,,,
1316,上曜,,,,15.15,-0.7,-4.42,,,,,,,,,,,,,,,,0.3,-0.33,-0.33,0.37,3.46,1.25,0.74,0.2,-0.75,-0.31,-0.22,-0.28,-0.15,2019Q4,,,,,,,,,,,,
1325,恆大,,,,23.7,-0.3,-1.25,,,,,,,,,,,,,,,,0.14,0.02,0.14,0.17,0.18,0.1,0.28,0.15,0.17,0.13,0.14,0.06,0.1,2019Q4,,,,,,,,,,,,
1337,再生-KY,,,,5.6,+0.06,+1.08,,,,,,,,,,,,,,,,-0.73,0.25,0.24,0.22,-0.02,-0.51,-0.55,-0.68,-5.28,-0.73,-0.69,-0.54,-0.43,2019Q4,,,,,,,,,,,,
1338,廣華-KY,,,,23.95,-0.05,-0.21,,,,,,,,,,,,,,,,1.71,2.2,2.08,2.32,2.65,2.26,1.75,1.21,1.28,1.19,1.05,0.98,1.56,2019Q4,,,,,,,,,,,,
1340,勝悅-KY,,,,7.31,-0.02,-0.27,,,,,,,,,,,,,,,,0.41,0.81,2.13,2.21,1.72,0.53,0.73,0.19,-0.5,-0.27,-0.48,-0.68,-1.47,2019Q4,,,,,,,,,,,,
1413,宏洲,,,,11.6,+0.15,+1.31,,,,,,,,,,,,,,,,0.27,-0.05,0.22,0.3,0.41,0.39,0.61,0.35,0.49,0.29,0.28,0.06,-0.11,2019Q4,,,,,,,,,,,,
1417,嘉裕,,,,7.81,+0.05,+0.64,,,,,,,,,,,,,,,,-0.04,-0.37,-0.21,-0.25,-0.38,-0.16,-0.07,-0.16,-0.22,-0.17,0.02,-0.06,1.49,2019Q4,,,,,,,,,,,,
1432,大魯閣,,,,16.25,+0.1,+0.62,,,,,,,,,,,,,,,,-0.48,-0.46,-0.5,-0.45,0.57,-0.33,-0.33,-0.05,-0.38,-0.33,-0.8,-0.69,-2.04,2019Q4,,,,,,,,,,,,
代號,名稱,,,,成交,漲跌 價,漲跌 幅,,,,,,,,,,,,,,,,平均 EPS (元),17Q1 EPS (元),17Q2 EPS (元),17Q3 EPS (元),17Q4 EPS (元),18Q1 EPS (元),18Q2 EPS (元),18Q3 EPS (元),18Q4 EPS (元),19Q1 EPS (元),19Q2 EPS (元),19Q3 EPS (元),19Q4 EPS (元),2019Q4,,,,,,,,,,,,
1435,中福,,,,31.5,0,0,,,,,,,,,,,,,,,,0,-0.01,0.02,0.04,-0.09,-0.04,0.09,-0.08,-0.07,0.1,0.01,-0.02,0.07,2019Q4,,,,,,,,,,,,
1438,三地開發,,,,41.8,+2.3,+5.82,,,,,,,,,,,,,,,,-0.02,-0.02,-0.02,-0.01,-0.01,-0.02,-0.01,-0.01,-0.08,0.01,-0.01,-0.09,-0.01,2019Q4,,,,,,,,,,,,
1440,南紡,,,,11.7,-0.15,-1.27,,,,,,,,,,,,,,,,0.1,0.07,0.16,0.13,0.09,0.1,0.34,0.25,-0.04,0.02,0.06,-0.04,0.02,2019Q4,,,,,,,,,,,,
1445,大宇,,,,14.2,0,0,,,,,,,,,,,,,,,,-0.03,-0.01,-0.02,0.09,0.02,-0.11,-0.01,-0.01,-0.04,-0.03,-0.04,-0.14,-0.09,2019Q4,,,,,,,,,,,,
1460,宏遠,,,,6.8,-0.07,-1.02,,,,,,,,,,,,,,,,0.02,0.1,0.08,0.11,0.18,0.09,0.16,0.06,0.02,0.03,0.01,-0.17,-0.43,2019Q4,,,,,,,,,,,,
1512,瑞利,,,,6.23,0,0,,,,,,,,,,,,,,,,-0.51,-0.57,-0.55,-1.37,-0.6,-0.09,-0.09,-0.31,-0.44,-0.2,0.01,-0.28,-1.66,2019Q4,,,,,,,,,,,,
1516,川飛,,,,14.15,-0.35,-2.41,,,,,,,,,,,,,,,,0.12,0.13,0.25,0.05,0.12,0.12,0.22,0.24,-0.05,-0.01,0.16,0.1,0.14,2019Q4,,,,,,,,,,,,
1517,利奇,,,,11.05,0,0,,,,,,,,,,,,,,,,0.02,-0.25,0.01,0.19,-0.13,-0.15,0.55,0.05,-0.05,0.06,0.01,0.01,-0.02,2019Q4,,,,,,,,,,,,
1526,日馳,,,,18.6,-0.05,-0.27,,,,,,,,,,,,,,,,0.56,-0.57,1.26,1.48,0.54,0.46,0.76,0.79,0.7,0.16,0.59,0.23,0.35,2019Q4,,,,,,,,,,,,
1528,恩德,,,,12.15,-0.05,-0.41,,,,,,,,,,,,,,,,-0.05,-0.09,0.24,0.4,0,0.13,0.22,0.01,-0.12,0.01,-0.41,-0.31,-0.68,2019Q4,,,,,,,,,,,,
1529,樂事綠能,,,,21.95,+0.1,+0.46,,,,,,,,,,,,,,,,0.09,0.03,0.01,0,0.07,0.11,0.04,-0.05,0.3,0.03,-0.01,0.04,0.47,2019Q4,,,,,,,,,,,,
1533,車王電,,,,29.6,-0.25,-0.84,,,,,,,,,,,,,,,,0.49,-0.24,0.56,0.56,0.26,0.9,0.5,0.5,0.81,0.41,0.94,0.36,0.34,2019Q4,,,,,,,,,,,,
1538,正峰,,,,26,-0.55,-2.07,,,,,,,,,,,,,,,,-0.59,0.15,-1.94,-0.71,-0.21,-0.47,-0.4,-0.13,-0.54,-0.83,-0.14,-0.37,-1.52,2019Q4,,,,,,,,,,,,
1587,吉茂,,,,26.95,-0.35,-1.28,,,,,,,,,,,,,,,,0.07,-0.01,0.16,0.18,-0.07,-0.18,0.04,0.1,0.62,0.04,0.09,-0.05,-0.03,2019Q4,,,,,,,,,,,,
1589,永冠-KY,,,,27.85,-0.1,-0.36,,,,,,,,,,,,,,,,0.11,0.6,1.68,0.53,-0.54,-0.37,-1.15,-0.41,-0.55,-1,0.18,0.75,1.62,2019Q4,,,,,,,,,,,,
1626,艾美特-KY,,,,11.85,-0.05,-0.42,,,,,,,,,,,,,,,,0.17,0.31,1.04,-0.94,-0.32,-0.45,0.38,-0.93,0.88,0.36,2.05,0.03,-0.41,2019Q4,,,,,,,,,,,,
1710,東聯,,,,12.9,-0.2,-1.53,,,,,,,,,,,,,,,,0.34,0.52,0.01,1.14,0.33,0.69,0.56,0.63,0.13,0.22,-0.19,0.06,-0.05,2019Q4,,,,,,,,,,,,
1721,三晃,,,,11.45,+0.05,+0.44,,,,,,,,,,,,,,,,0.03,0.05,-0.05,0.2,0.12,-0.06,0.06,0.03,0.04,0.11,-0.04,-0.06,-0.04,2019Q4,,,,,,,,,,,,
代號,名稱,,,,成交,漲跌 價,漲跌 幅,,,,,,,,,,,,,,,,平均 EPS (元),17Q1 EPS (元),17Q2 EPS (元),17Q3 EPS (元),17Q4 EPS (元),18Q1 EPS (元),18Q2 EPS (元),18Q3 EPS (元),18Q4 EPS (元),19Q1 EPS (元),19Q2 EPS (元),19Q3 EPS (元),19Q4 EPS (元),2019Q4,,,,,,,,,,,,
1802,台玻,,,,14,+0.1,+0.72,,,,,,,,,,,,,,,,0.05,0,0.13,0.28,0.32,0.26,0.13,-0.03,0.01,-0.1,-0.26,-0.15,0.01,2019Q4,,,,,,,,,,,,
1903,士紙,,,,45.5,+0.4,+0.89,,,,,,,,,,,,,,,,-0.17,-0.19,-0.19,-0.06,-0.21,-0.14,-0.22,-0.15,-0.14,-0.15,-0.21,-0.14,-0.19,2019Q4,,,,,,,,,,,,
1905,華紙,,,,13.05,-0.2,-1.51,,,,,,,,,,,,,,,,0.06,0.12,0.15,0.16,0.14,0.04,0.12,0.16,0.08,0.08,-0.03,-0.1,-0.19,2019Q4,,,,,,,,,,,,
1909,榮成,,,,9.01,-0.16,-1.74,,,,,,,,,,,,,,,,0.4,0.9,0.83,1.01,0.81,0.24,0.64,-0.03,-0.02,0.13,-0.05,-0.07,0.44,2019Q4,,,,,,,,,,,,
2007,燁興,,,,8.3,-0.06,-0.72,,,,,,,,,,,,,,,,-0.13,-0.05,-0.15,-0.1,-0.05,0.03,0.01,0.03,-0.04,-0.25,-0.27,-0.31,-0.38,2019Q4,,,,,,,,,,,,
2014,中鴻,,,,16.5,-0.2,-1.2,,,,,,,,,,,,,,,,0.32,0.48,0.22,0.31,0.81,0.51,0.59,0.62,0.4,0.05,0.2,0.04,-0.38,2019Q4,,,,,,,,,,,,
2022,聚亨,,,,8.1,-0.07,-0.86,,,,,,,,,,,,,,,,-0.16,-0.02,-0.2,-0.07,0.13,0.11,-0.05,0,-0.17,-0.01,0.02,-0.35,-1.3,2019Q4,,,,,,,,,,,,
2023,燁輝,,,,15.55,0,0,,,,,,,,,,,,,,,,0.01,0.49,0.11,0.1,0.04,0.03,0.09,0.35,-0.3,-0.29,-0.14,-0.09,-0.22,2019Q4,,,,,,,,,,,,
2025,千興,,,,13.35,-0.1,-0.74,,,,,,,,,,,,,,,,-0.16,0.2,-0.47,0.18,0.63,0.19,-1.55,-0.18,-0.29,-0.2,-0.32,0.04,-0.16,2019Q4,,,,,,,,,,,,
2034,允強,,,,20.1,-0.2,-0.99,,,,,,,,,,,,,,,,0.48,0.55,0.5,0.55,0.41,0.47,0.95,0.59,0.23,0.61,0.5,0.49,-0.07,2019Q4,,,,,,,,,,,,
2102,泰豐,,,,16.95,-0.05,-0.29,,,,,,,,,,,,,,,,-0.47,-1.25,0.05,-0.22,-0.09,-0.39,-0.35,-0.73,-1.21,-0.22,-0.25,-0.23,-0.77,2019Q4,,,,,,,,,,,,
2104,國際中橡,,,,10.55,-0.1,-0.94,,,,,,,,,,,,,,,,0.76,0.78,1.33,0.92,0.56,1.29,1.21,1.33,0.5,0.78,0.27,0.53,-0.38,2019Q4,,,,,,,,,,,,
2208,台船,,,,17.15,-0.55,-3.11,,,,,,,,,,,,,,,,-2.48,-4.77,-3.71,-6.84,-1.46,-2.71,-1.02,-2.94,-2.32,-0.67,-1.13,0.07,-2.2,2019Q4,,,,,,,,,,,,
2241,艾姆勒,,,,24.2,-0.1,-0.41,,,,,,,,,,,,,,,,0.35,,,,,,0.46,,0.65,0.14,0.51,0.39,-0.03,2019Q4,,,,,,,,,,,,
2254,巨鎧精密-創,,,,67.4,-1.1,-1.61,,,,,,,,,,,,,,,,,,,,,,,,,,,,,2019Q4,,,,,,,,,,,,
2258,鴻華先進-創,,,,40.5,-0.9,-2.17,,,,,,,,,,,,,,,,,,,,,,,,,,,,,2019Q4,,,,,,,,,,,,
2314,台揚,,,,12,+0.1,+0.84,,,,,,,,,,,,,,,,0.08,0.27,0.28,0.12,0.08,0.01,0.02,0.11,0.09,0.01,0,-0.1,0.13,2019Q4,,,,,,,,,,,,
2321,東訊,,,,13.65,-0.3,-2.15,,,,,,,,,,,,,,,,-0.16,-0.13,0.02,-0.06,-0.08,-0.11,0.03,-0.05,-0.1,-0.22,-0.06,-1.02,-0.2,2019Q4,,,,,,,,,,,,
代號,名稱,,,,成交,漲跌 價,漲跌 幅,,,,,,,,,,,,,,,,平均 EPS (元),17Q1 EPS (元),17Q2 EPS (元),17Q3 EPS (元),17Q4 EPS (元),18Q1 EPS (元),18Q2 EPS (元),18Q3 EPS (元),18Q4 EPS (元),19Q1 EPS (元),19Q2 EPS (元),19Q3 EPS (元),19Q4 EPS (元),2019Q4,,,,,,,,,,,,
2323,中環,,,,7.77,-0.06,-0.77,,,,,,,,,,,,,,,,-0.01,-0.28,-0.01,-0.16,-0.16,-0.25,-0.09,-0.04,0.63,0.17,0.18,-0.22,0.07,2019Q4,,,,,,,,,,,,
2331,精英,,,,15.4,+0.2,+1.32,,,,,,,,,,,,,,,,0.04,0.34,0.26,0.21,-0.42,-0.27,0.1,0.07,0.14,-0.13,-0.26,0.3,0.16,2019Q4,,,,,,,,,,,,
2337,旺宏,,,,19.15,-0.05,-0.26,,,,,,,,,,,,,,,,0.81,0.12,0.35,1.18,1.46,1.04,1.28,1.05,1.58,0.08,0.14,1.01,0.41,2019Q4,,,,,,,,,,,,
2338,光罩,,,,31.15,+0.3,+0.97,,,,,,,,,,,,,,,,0.24,-0.11,0.06,0,-0.27,0.42,1.06,-0.35,-0.11,0.31,0.6,0.66,0.63,2019Q4,,,,,,,,,,,,
2340,台亞,,,,20.75,+0.25,+1.22,,,,,,,,,,,,,,,,0.35,0.34,0.3,0.39,0.25,0.36,0.34,0.39,0.38,0.26,0.33,0.5,0.35,2019Q4,,,,,,,,,,,,
2369,菱生,,,,13.45,-0.05,-0.37,,,,,,,,,,,,,,,,-0.14,0.11,0.08,0.1,0.05,-0.22,0.01,-0.09,-0.25,-0.58,-0.37,-0.23,-0.29,2019Q4,,,,,,,,,,,,
2380,虹光,,,,3.89,+0.34,+9.58,,,,,,,,,,,,,,,,-0.52,-0.63,-0.53,-0.71,-1.19,-0.57,-0.56,-0.44,-0.49,-0.59,-0.66,-0.61,0.8,2019Q4,,,,,,,,,,,,
2390,云辰,,,,10.25,-0.05,-0.49,,,,,,,,,,,,,,,,-0.19,-0.41,-0.3,-0.07,0.13,-0.1,-0.13,-0.25,-0.33,-0.16,-0.22,-0.17,-0.29,2019Q4,,,,,,,,,,,,
2406,國碩,,,,11,0,0,,,,,,,,,,,,,,,,-0.94,-0.73,-4.4,-0.38,-2.26,-0.6,-1.05,-1.62,-0.95,1.51,-0.38,-0.07,-0.32,2019Q4,,,,,,,,,,,,
2408,南亞科,,,,32.1,-0.65,-1.98,,,,,,,,,,,,,,,,2.54,1.19,2.36,3.09,7.83,2.39,3.68,4.15,2.59,1.18,0.9,0.72,0.42,2019Q4,,,,,,,,,,,,
2409,友達,,,,12.3,-0.1,-0.81,,,,,,,,,,,,,,,,0.2,0.98,1.02,0.92,0.44,0.45,0.13,0.45,0.03,-0.38,-0.28,-0.41,-0.92,2019Q4,,,,,,,,,,,,
2413,環科,,,,18.25,0,0,,,,,,,,,,,,,,,,-0.2,-0.65,0.23,0.21,-0.78,-0.15,0.22,-0.1,0.08,0,-0.51,-0.34,-0.64,2019Q4,,,,,,,,,,,,
2424,隴華,,,,59.8,0,0,,,,,,,,,,,,,,,,-0.62,-0.9,-0.19,-0.03,-0.53,-0.42,0.11,-0.62,-0.45,-0.65,-0.84,-1.9,-1.01,2019Q4,,,,,,,,,,,,
2429,銘旺科,,,,44.2,-0.55,-1.23,,,,,,,,,,,,,,,,-0.55,-0.41,-0.44,-0.51,-0.85,-0.09,0.2,-0.21,-0.24,-0.3,-0.18,-0.37,-3.18,2019Q4,,,,,,,,,,,,
2431,聯昌,,,,11.05,-0.15,-1.34,,,,,,,,,,,,,,,,-0.16,0.05,0.06,0.01,-0.46,-0.48,-0.34,-0.01,-0.89,-0.3,-0.07,0.38,0.07,2019Q4,,,,,,,,,,,,
2438,翔耀,,,,29.5,+0.5,+1.72,,,,,,,,,,,,,,,,-0.13,0.1,-0.3,-0.17,-0.44,0.06,0.1,-0.04,-0.03,-0.94,-0.01,0.02,0.07,2019Q4,,,,,,,,,,,,
2440,太空梭,,,,15.8,+0.65,+4.29,,,,,,,,,,,,,,,,0.01,0.08,0.1,0.34,0.33,0.16,-0.26,-0.27,-0.05,0,-0.27,-0.16,0.16,2019Q4,,,,,,,,,,,,
2444,兆勁,,,,12.1,-0.15,-1.22,,,,,,,,,,,,,,,,-0.09,-0.15,0.2,0.17,-0.07,-0.33,-0.09,-0.16,-0.37,-0.32,-0.22,0.16,0.11,2019Q4,,,,,,,,,,,,
代號,名稱,,,,成交,漲跌 價,漲跌 幅,,,,,,,,,,,,,,,,平均 EPS (元),17Q1 EPS (元),17Q2 EPS (元),17Q3 EPS (元),17Q4 EPS (元),18Q1 EPS (元),18Q2 EPS (元),18Q3 EPS (元),18Q4 EPS (元),19Q1 EPS (元),19Q2 EPS (元),19Q3 EPS (元),19Q4 EPS (元),2019Q4,,,,,,,,,,,,
2460,建通,,,,16.45,-0.35,-2.08,,,,,,,,,,,,,,,,-0.12,-0.11,-0.08,0,0.36,-0.19,-0.06,-0.24,-0.04,-0.19,-0.02,-0.11,-0.81,2019Q4,,,,,,,,,,,,
2465,麗臺,,,,47.6,0,0,,,,,,,,,,,,,,,,-0.21,1.62,-0.17,-0.04,-2.49,-0.1,-0.38,-0.48,-0.16,0.08,-0.63,0.12,0.07,2019Q4,,,,,,,,,,,,
2466,冠西電,,,,108.5,+4,+3.83,,,,,,,,,,,,,,,,0.02,-0.3,0.02,0.13,0.16,-0.37,0.11,0.11,0.15,-0.22,0.24,-0.01,0.17,2019Q4,,,,,,,,,,,,
2485,兆赫,,,,11.5,-0.05,-0.43,,,,,,,,,,,,,,,,0.06,-0.42,0.28,0.2,0.04,-0.3,0.5,0.26,0.47,-0.17,0.24,-0.09,-0.35,2019Q4,,,,,,,,,,,,
2491,吉祥全,,,,11.1,+0.05,+0.45,,,,,,,,,,,,,,,,0.46,-0.02,0.56,-0.04,0.01,-0.06,-0.16,-0.06,-0.13,0.08,-0.14,0,5.54,2019Q4,,,,,,,,,,,,
2498,宏達電,,,,36.9,-0.15,-0.4,,,,,,,,,,,,,,,,-1.44,-2.47,-2.37,-3.8,-11.93,25.7,-2.53,-3.18,-5.31,-2.98,-2.71,-2.86,-2.87,2019Q4,,,,,,,,,,,,
2547,日勝生,,,,12.65,+0.25,+2.02,,,,,,,,,,,,,,,,0.28,-0.82,-0.35,-0.4,0.73,0.21,1.09,2.72,-0.31,0.01,-0.18,0.54,0.07,2019Q4,,,,,,,,,,,,
2601,益航,,,,6.48,-0.09,-1.37,,,,,,,,,,,,,,,,0.29,0.61,-0.23,0.16,0.66,0.13,-0.15,0,0.02,0.22,1.88,-0.17,0.32,2019Q4,,,,,,,,,,,,
2616,山隆,,,,16.15,-0.45,-2.71,,,,,,,,,,,,,,,,0.69,2.8,0.57,0.66,0.28,0.38,0.38,0.75,0.26,0.39,0.49,0.9,0.37,2019Q4,,,,,,,,,,,,
2642,宅配通,,,,28,-0.4,-1.41,,,,,,,,,,,,,,,,0.31,0.52,0.48,0.23,0.01,0.16,0.17,0.12,0.26,0.4,0.45,0.45,0.41,2019Q4,,,,,,,,,,,,
2712,遠雄來,,,,18.4,0,0,,,,,,,,,,,,,,,,-0.02,-0.07,-0.03,0.25,0.01,-0.39,-0.02,0.21,-0.1,-0.11,-0.07,0.13,-0.1,2019Q4,,,,,,,,,,,,
2722,夏都,,,,27.5,-0.5,-1.79,,,,,,,,,,,,,,,,0.12,0,0.27,0.53,0.04,-0.22,-0.01,0.4,0.02,-0.12,0.16,0.32,0,2019Q4,,,,,,,,,,,,
2911,麗嬰房,,,,5.08,-0.07,-1.36,,,,,,,,,,,,,,,,-0.02,-0.14,-0.44,-0.48,3.14,0.1,-0.27,-0.3,0.01,-0.25,-0.54,-0.48,-0.56,2019Q4,,,,,,,,,,,,
2913,農林,,,,15.45,+0.05,+0.32,,,,,,,,,,,,,,,,0.05,0.74,0.04,0,0.02,-0.03,0.01,-0.04,0,-0.06,0.09,-0.04,-0.17,2019Q4,,,,,,,,,,,,
2939,永邑-KY,,,,28.85,+1.7,+6.26,,,,,,,,,,,,,,,,2.82,5.15,7.91,3.36,2.21,1.96,3.69,2.97,1.6,1.63,0.98,1.87,0.53,2019Q4,,,,,,,,,,,,
3011,今皓,,,,12.6,-0.15,-1.18,,,,,,,,,,,,,,,,-0.17,-0.21,-0.09,-0.27,-0.34,-0.42,-0.02,-0.02,0.17,-0.26,-0.11,-0.05,-0.36,2019Q4,,,,,,,,,,,,
3018,隆銘綠能,,,,21.85,+0.4,+1.86,,,,,,,,,,,,,,,,-0.34,0.11,0.02,0.04,0.71,0.08,0.21,-1.56,-0.76,0.03,-0.39,-0.62,-2.01,2019Q4,,,,,,,,,,,,
3041,揚智,,,,23.55,-0.15,-0.63,,,,,,,,,,,,,,,,-0.51,-0.39,-0.34,-0.36,-0.51,-0.33,-0.59,-1.1,-0.97,-0.21,-0.7,-0.27,-0.37,2019Q4,,,,,,,,,,,,
代號,名稱,,,,成交,漲跌 價,漲跌 幅,,,,,,,,,,,,,,,,平均 EPS (元),17Q1 EPS (元),17Q2 EPS (元),17Q3 EPS (元),17Q4 EPS (元),18Q1 EPS (元),18Q2 EPS (元),18Q3 EPS (元),18Q4 EPS (元),19Q1 EPS (元),19Q2 EPS (元),19Q3 EPS (元),19Q4 EPS (元),2019Q4,,,,,,,,,,,,
3048,益登,,,,23.8,0,0,,,,,,,,,,,,,,,,0.37,0.24,0.35,0.62,0.43,0.22,0.21,0.3,0.37,0.09,0.5,0.67,0.39,2019Q4,,,,,,,,,,,,
3049,精金,,,,6.88,-0.08,-1.15,,,,,,,,,,,,,,,,0.15,0.07,0.02,-0.21,0.31,-0.13,0.21,0.21,-0.04,0.32,0.39,0.37,0.29,2019Q4,,,,,,,,,,,,
3054,立萬利,,,,22.8,+0.8,+3.64,,,,,,,,,,,,,,,,0.06,0.38,-0.14,0.26,0.19,0.19,-0.11,-0.22,0.13,0.22,-0.17,0.04,-0.04,2019Q4,,,,,,,,,,,,
3055,蔚華科,,,,48.05,-0.35,-0.72,,,,,,,,,,,,,,,,0.11,0.01,0.17,0.09,0.13,0.23,0.33,-0.03,0.32,0.29,0.11,-0.67,0.38,2019Q4,,,,,,,,,,,,
3057,喬鼎,,,,8.18,-0.09,-1.09,,,,,,,,,,,,,,,,-0.55,-0.82,-0.37,-0.55,-1.99,-0.35,0.43,-0.13,-0.34,-0.53,-0.37,-0.96,-0.62,2019Q4,,,,,,,,,,,,
3058,立德,,,,10.25,-0.15,-1.44,,,,,,,,,,,,,,,,-0.1,0.02,-0.01,-0.22,0,-0.31,-0.03,-0.02,-0.58,-0.14,-0.06,-0.02,0.13,2019Q4,,,,,,,,,,,,
3092,鴻碩,,,,19.25,-0.5,-2.53,,,,,,,,,,,,,,,,1.19,1.11,1.35,1.25,1.13,0.49,1.56,1.6,1.81,0.91,1.14,0.78,1.18,2019Q4,,,,,,,,,,,,
3149,正達,,,,29.8,-0.35,-1.16,,,,,,,,,,,,,,,,-0.07,0.07,0.28,-0.15,-0.07,-0.25,0.26,-0.16,-0.49,0.03,-0.02,-0.13,-0.17,2019Q4,,,,,,,,,,,,
3321,同泰,,,,7.08,+0.36,+5.36,,,,,,,,,,,,,,,,-0.88,-1.03,-0.74,-0.57,-0.52,-1.54,-0.92,-0.09,-1.3,-1.37,-1.3,-0.58,-0.64,2019Q4,,,,,,,,,,,,
3419,譁裕,,,,14.55,+0.15,+1.04,,,,,,,,,,,,,,,,-0.06,0.09,0.09,0.06,-0.92,-0.11,0.3,0.21,0.2,-0.22,0.08,-0.09,-0.36,2019Q4,,,,,,,,,,,,
3432,台端,,,,13.8,+0.65,+4.94,,,,,,,,,,,,,,,,0.38,-0.47,0.16,0.08,-0.11,-0.06,3.55,0.43,0.27,0.33,0.2,0.29,-0.13,2019Q4,,,,,,,,,,,,
3437,榮創,,,,15.15,-0.15,-0.98,,,,,,,,,,,,,,,,-0.29,-0.14,0.01,0.73,0.07,-1.23,-0.83,0.15,-0.77,-0.83,-0.42,0.04,-0.22,2019Q4,,,,,,,,,,,,
3494,誠研,,,,14.55,0,0,,,,,,,,,,,,,,,,-0.44,-0.31,-0.12,-0.5,-0.95,-0.3,-0.42,-0.26,-0.63,-0.54,-0.39,0.09,-1.01,2019Q4,,,,,,,,,,,,
3504,揚明光,,,,44.35,+0.35,+0.8,,,,,,,,,,,,,,,,0.02,-0.58,-0.39,-0.34,0,0.04,0.46,1.01,0.06,0.05,0.28,0.12,-0.41,2019Q4,,,,,,,,,,,,
3518,柏騰,,,,17.75,0,0,,,,,,,,,,,,,,,,-0.82,-0.81,-0.61,-0.8,-0.86,-1.09,-0.92,-1.15,-1.12,-0.17,-0.44,-0.54,-1.36,2019Q4,,,,,,,,,,,,
3530,晶相光,,,,55.4,-0.7,-1.25,,,,,,,,,,,,,,,,0.6,0.55,0.59,0.73,1.15,0.44,0.55,0.21,1.02,0.03,0.52,0.72,0.74,2019Q4,,,,,,,,,,,,
3543,州巧,,,,17.4,+0.3,+1.75,,,,,,,,,,,,,,,,0.42,,,,,,0.5,,0.8,0.47,0.1,0.36,0.28,2019Q4,,,,,,,,,,,,
3550,聯穎,,,,12.6,-0.05,-0.4,,,,,,,,,,,,,,,,0.28,0.06,0.38,0.56,0.47,0.16,0.52,0.44,0.25,-0.11,0.15,0.21,0.33,2019Q4,,,,,,,,,,,,
代號,名稱,,,,成交,漲跌 價,漲跌 幅,,,,,,,,,,,,,,,,平均 EPS (元),17Q1 EPS (元),17Q2 EPS (元),17Q3 EPS (元),17Q4 EPS (元),18Q1 EPS (元),18Q2 EPS (元),18Q3 EPS (元),18Q4 EPS (元),19Q1 EPS (元),19Q2 EPS (元),19Q3 EPS (元),19Q4 EPS (元),2019Q4,,,,,,,,,,,,
3576,聯合再生,,,,8.2,+0.1,+1.23,,,,,,,,,,,,,,,,-0.6,-1.26,-0.57,-1.67,-0.58,-0.66,-0.44,-0.84,1.02,-0.26,-0.36,-0.45,-1.18,2019Q4,,,,,,,,,,,,
3593,力銘,,,,9.85,-0.15,-1.5,,,,,,,,,,,,,,,,-0.4,-0.24,0.01,0.32,0.08,-0.66,-0.87,-0.14,-0.65,-0.56,-1.14,-0.84,-0.16,2019Q4,,,,,,,,,,,,
3686,達能,,,,14.1,-0.4,-2.76,,,,,,,,,,,,,,,,-0.72,-0.55,-0.57,-0.45,-0.41,-0.51,-1.27,-0.51,-3,-0.11,-0.07,0.02,-1.23,2019Q4,,,,,,,,,,,,
3714,富采,,,,35.15,+0.2,+0.57,,,,,,,,,,,,,,,,,,,,,,,,,,,,,2019Q4,,,,,,,,,,,,
4108,懷特,,,,13.15,0,0,,,,,,,,,,,,,,,,-0.28,-0.25,-0.22,-0.22,-0.57,-0.21,-0.17,-0.23,-0.5,-0.19,-0.15,-0.24,-0.46,2019Q4,,,,,,,,,,,,
4142,國光生,,,,18.55,-0.15,-0.8,,,,,,,,,,,,,,,,-0.59,-0.84,-0.63,-0.48,-1.29,-0.76,-0.33,-0.03,-1.52,-0.83,-0.62,0.31,-0.07,2019Q4,,,,,,,,,,,,
4190,佐登-KY,,,,34.5,+0.4,+1.17,,,,,,,,,,,,,,,,1.68,0.91,0.68,0.86,0.67,1.91,2.57,2.1,2.44,1.17,2.61,1.51,2.75,2019Q4,,,,,,,,,,,,
4426,利勤,,,,11.2,-0.2,-1.75,,,,,,,,,,,,,,,,0.48,0.35,0.44,0.42,0.24,0.75,0.5,0.48,0.42,0.77,0.5,0.77,0.17,2019Q4,,,,,,,,,,,,
4526,東台,,,,21.5,-1,-4.44,,,,,,,,,,,,,,,,0.04,-0.46,-0.11,0.14,-0.5,0.24,0.56,0.05,0.37,0.42,0.06,0.01,-0.25,2019Q4,,,,,,,,,,,,
4540,全球傳動,,,,36.6,-0.05,-0.14,,,,,,,,,,,,,,,,0.75,-0.22,0.39,0.91,1.42,1.41,2.63,2.01,1.04,0.2,-0.18,-0.28,-0.38,2019Q4,,,,,,,,,,,,
4555,氣立,,,,34.75,+0.35,+1.02,,,,,,,,,,,,,,,,0.46,0.04,0.89,0.96,0.52,0.87,0.81,0.35,0.46,0.22,0.16,0.24,0.05,2019Q4,,,,,,,,,,,,
4562,穎漢,,,,40.9,+0.55,+1.36,,,,,,,,,,,,,,,,0.3,0.29,0.72,0.47,0.8,0.1,1.03,0.62,0.46,0.12,0.17,-0.28,-0.96,2019Q4,,,,,,,,,,,,
4564,元翎,,,,19.4,+0.65,+3.47,,,,,,,,,,,,,,,,0.7,,0.45,0.58,0.48,0.69,0.74,0.72,1.1,0.95,0.98,0.68,0.28,2019Q4,,,,,,,,,,,,
4737,華廣,,,,55,+5,+10,,,,,,,,,,,,,,,,0.55,0.41,0.49,0.82,0.79,0.24,0.47,0.45,1.07,0.12,0.67,0.1,0.96,2019Q4,,,,,,,,,,,,
4764,雙鍵,,,,39,-0.2,-0.51,,,,,,,,,,,,,,,,1.33,1.1,1.43,1.89,0.85,1.53,2.58,2.02,1.93,1.22,1.01,0.18,0.23,2019Q4,,,,,,,,,,,,
4807,日成-KY,,,,17.7,+1.6,+9.94,,,,,,,,,,,,,,,,0.43,1.06,0.57,1.14,0.77,1.09,1.42,2.31,0.59,-1.24,-2.16,-1.28,0.85,2019Q4,,,,,,,,,,,,
4927,泰鼎-KY,,,,22.5,-0.65,-2.81,,,,,,,,,,,,,,,,0.89,0.52,0.03,0.05,0.02,0.7,0.99,2.16,1.68,1.43,1.41,1.4,0.25,2019Q4,,,,,,,,,,,,
4934,太極,,,,9.9,0,0,,,,,,,,,,,,,,,,-0.85,-0.77,-1.13,-0.05,-0.72,-0.64,-1.21,-1.48,-1.84,-0.15,-0.16,-0.01,-1.98,2019Q4,,,,,,,,,,,,
代號,名稱,,,,成交,漲跌 價,漲跌 幅,,,,,,,,,,,,,,,,平均 EPS (元),17Q1 EPS (元),17Q2 EPS (元),17Q3 EPS (元),17Q4 EPS (元),18Q1 EPS (元),18Q2 EPS (元),18Q3 EPS (元),18Q4 EPS (元),19Q1 EPS (元),19Q2 EPS (元),19Q3 EPS (元),19Q4 EPS (元),2019Q4,,,,,,,,,,,,
4943,康控-KY,,,,12,0,0,,,,,,,,,,,,,,,,1.75,0.19,0.25,4.51,5.03,0.24,1.34,4.19,2.24,-1.26,1.09,1.61,1.58,2019Q4,,,,,,,,,,,,
4949,有成精密,,,,38.5,-0.8,-2.04,,,,,,,,,,,,,,,,,,,,,,,,,,,,,2019Q4,,,,,,,,,,,,
4956,光鋐,,,,21.35,+0.75,+3.64,,,,,,,,,,,,,,,,-0.12,0.02,0.25,0.25,0.1,0.05,0.13,-0.04,-0.9,-0.35,-0.16,-0.22,-0.53,2019Q4,,,,,,,,,,,,
4960,誠美材,,,,12.25,-0.15,-1.21,,,,,,,,,,,,,,,,-0.36,-0.87,-0.48,-0.59,-0.37,-0.51,-0.33,0.07,-0.21,-0.21,-0.39,-0.37,-0.07,2019Q4,,,,,,,,,,,,
4976,佳凌,,,,25.8,+0.3,+1.18,,,,,,,,,,,,,,,,-0.02,0.01,0.04,0.01,0.04,0.07,0.25,0.11,0.02,-0.12,-0.08,-0.24,-0.37,2019Q4,,,,,,,,,,,,
4989,榮科,,,,14.6,-0.05,-0.34,,,,,,,,,,,,,,,,0.53,1.54,1.06,0.77,0.9,0.71,0.34,0.46,0.41,0.21,0.11,0.02,-0.12,2019Q4,,,,,,,,,,,,
5484,慧友,,,,37.55,0,0,,,,,,,,,,,,,,,,-0.32,-0.23,-0.08,-0.25,-0.34,-0.22,-0.23,-0.71,-0.43,-0.16,-0.37,-0.39,-0.47,2019Q4,,,,,,,,,,,,
5531,鄉林,,,,9.71,-0.11,-1.12,,,,,,,,,,,,,,,,0.08,-0.12,-0.11,0.11,0.75,0.09,-0.02,0.14,-0.05,-0.12,-0.51,-0.28,1.03,2019Q4,,,,,,,,,,,,
5546,永固-KY,,,,28,+0.15,+0.54,,,,,,,,,,,,,,,,2.81,,,,,,,,6.92,0.9,1.03,2.43,2.79,2019Q4,,,,,,,,,,,,
5608,四維航,,,,16.3,-0.1,-0.61,,,,,,,,,,,,,,,,-0.53,-0.66,-0.93,-0.5,-2.71,-0.23,-0.1,-0.05,0.03,-0.23,-0.36,-0.19,-0.48,2019Q4,,,,,,,,,,,,
5907,大洋-KY,,,,8.64,-0.34,-3.79,,,,,,,,,,,,,,,,0.65,0.52,-0.07,-0.83,2.25,0.89,0.89,-0.09,1.02,1.11,0.43,0,1.64,2019Q4,,,,,,,,,,,,
6112,邁達特,,,,43.5,-0.55,-1.25,,,,,,,,,,,,,,,,0.7,0.6,0.62,0.62,0.87,0.76,0.66,0.65,0.79,0.68,0.84,0.71,0.61,2019Q4,,,,,,,,,,,,
6116,彩晶,,,,6.98,0,0,,,,,,,,,,,,,,,,0.22,0.57,0.32,0.67,0.52,0.27,0.26,0.16,-0.38,0.06,0.1,0.1,0,2019Q4,,,,,,,,,,,,
6141,柏承,,,,9.4,-0.05,-0.53,,,,,,,,,,,,,,,,0.43,0.37,0.51,0.38,0.37,0.3,-0.1,-0.04,-0.84,0.36,0.49,0.16,3.19,2019Q4,,,,,,,,,,,,
6142,友勁,,,,8.62,+0.04,+0.47,,,,,,,,,,,,,,,,-0.24,-0.21,-0.03,-0.27,-0.26,-0.37,-0.22,0.09,-0.32,-0.49,-0.35,-0.08,-0.35,2019Q4,,,,,,,,,,,,
6152,百一,,,,9.01,-0.06,-0.66,,,,,,,,,,,,,,,,-0.38,0.02,0.05,-0.41,-0.82,-1.03,-0.65,-0.23,-1.63,-0.41,0.19,0.12,0.18,2019Q4,,,,,,,,,,,,
6153,嘉聯益,,,,11.4,+0.25,+2.24,,,,,,,,,,,,,,,,0.26,-0.26,0,0.22,0.11,0.1,0.29,0.54,1.13,0.09,0.35,0.43,0.06,2019Q4,,,,,,,,,,,,
6168,宏齊,,,,15.9,0,0,,,,,,,,,,,,,,,,0.21,0.07,0.34,0.62,0.23,0.21,0.36,0.14,0.44,0.24,-0.03,-0.04,-0.09,2019Q4,,,,,,,,,,,,
代號,名稱,,,,成交,漲跌 價,漲跌 幅,,,,,,,,,,,,,,,,平均 EPS (元),17Q1 EPS (元),17Q2 EPS (元),17Q3 EPS (元),17Q4 EPS (元),18Q1 EPS (元),18Q2 EPS (元),18Q3 EPS (元),18Q4 EPS (元),19Q1 EPS (元),19Q2 EPS (元),19Q3 EPS (元),19Q4 EPS (元),2019Q4,,,,,,,,,,,,
6202,盛群,,,,38.75,+0.2,+0.52,,,,,,,,,,,,,,,,1.07,0.82,1.01,1.05,1.22,1,1.38,1.16,1.16,0.9,1.13,0.98,1.04,2019Q4,,,,,,,,,,,,
6209,今國光,,,,23.5,-0.45,-1.88,,,,,,,,,,,,,,,,-0.16,0.01,-0.32,-0.2,-0.34,-0.27,-0.36,0.51,-0.32,-0.43,-0.33,0.06,0.01,2019Q4,,,,,,,,,,,,
6225,天瀚,,,,12.35,-0.55,-4.26,,,,,,,,,,,,,,,,-0.03,-0.04,-0.02,-0.04,-0.03,-0.03,-0.08,-0.03,-0.04,-0.04,0.02,-0.03,-0.03,2019Q4,,,,,,,,,,,,
6226,光鼎,,,,7.28,+0.05,+0.69,,,,,,,,,,,,,,,,0.13,0.04,0.23,0.07,-0.15,0.14,0.02,0.1,-0.19,0,0.13,0.08,1.11,2019Q4,,,,,,,,,,,,
6269,台郡,,,,49.8,-0.6,-1.19,,,,,,,,,,,,,,,,2.39,0.83,1.21,3.48,4.53,0.8,0.47,3.22,4.06,0.37,0.77,3.65,5.25,2019Q4,,,,,,,,,,,,
6282,康舒,,,,26.05,-0.2,-0.76,,,,,,,,,,,,,,,,0.45,0.1,0.16,0.31,0.03,-0.26,1.99,0.12,0.1,0.08,0.97,1.8,0.02,2019Q4,,,,,,,,,,,,
6405,悅城,,,,21.6,-0.55,-2.48,,,,,,,,,,,,,,,,0.03,-0.56,0.28,0.31,0.29,-0.1,0.28,-0.1,0.01,-0.27,0.11,0.17,-0.01,2019Q4,,,,,,,,,,,,
6426,統新,,,,59.1,0,0,,,,,,,,,,,,,,,,0.47,0.99,0.84,0.26,0.38,0.22,0.02,-0.3,0.41,0.52,0.74,1.18,0.36,2019Q4,,,,,,,,,,,,
6431,光麗-KY,,,,18.75,+0.45,+2.46,,,,,,,,,,,,,,,,-0.37,-0.64,-0.64,-0.72,-1.48,-0.6,0.01,0.45,-0.27,-0.28,-0.26,0.35,-0.41,2019Q4,,,,,,,,,,,,
6443,元晶,,,,14.15,0,0,,,,,,,,,,,,,,,,-0.51,-0.62,-0.41,-0.18,-1,-0.53,-0.88,-1.09,-0.75,0.09,-0.08,-0.26,-0.36,2019Q4,,,,,,,,,,,,
6477,安集,,,,27.9,-0.2,-0.71,,,,,,,,,,,,,,,,0.46,-0.17,0.32,0.52,0.24,0.39,0.55,0.79,0.69,0.61,0.59,0.49,0.52,2019Q4,,,,,,,,,,,,
6541,泰福-KY,,,,63.5,+0.7,+1.11,,,,,,,,,,,,,,,,-2.09,-1.81,-1.8,-1.58,-2.1,-1.52,-2.95,-2.03,-1.97,-2.12,-2.18,-2.82,-2.18,2019Q4,,,,,,,,,,,,
6550,北極星藥業-KY,,,,40.25,+3.65,+9.97,,,,,,,,,,,,,,,,,,,,,,,,,,,,,2019Q4,,,,,,,,,,,,
6573,虹揚-KY,,,,11.25,-0.3,-2.6,,,,,,,,,,,,,,,,0.18,0.5,1.1,0.65,0.89,1.8,0.31,-0.24,-1.3,-0.2,-0.43,-0.37,-0.57,2019Q4,,,,,,,,,,,,
6598,ABC-KY,,,,18.85,-0.15,-0.79,,,,,,,,,,,,,,,,-1.88,,,-1.53,-5.66,,-2.42,-1.53,-1.28,-1.21,-1.27,-1.11,-0.89,2019Q4,,,,,,,,,,,,
6645,金萬林-創,,,,21.85,+0.35,+1.63,,,,,,,,,,,,,,,,,,,,,,,,,,,,,2019Q4,,,,,,,,,,,,
6657,華安,,,,59.5,0,0,,,,,,,,,,,,,,,,,,,,,,,,,,,,,2019Q4,,,,,,,,,,,,
6668,中揚光,,,,33.95,+0.25,+0.74,,,,,,,,,,,,,,,,0.8,,2.21,1.2,1.31,0.45,1.07,1.01,-0.19,0.06,0.43,0.98,0.29,2019Q4,,,,,,,,,,,,
代號,名稱,,,,成交,漲跌 價,漲跌 幅,,,,,,,,,,,,,,,,平均 EPS (元),17Q1 EPS (元),17Q2 EPS (元),17Q3 EPS (元),17Q4 EPS (元),18Q1 EPS (元),18Q2 EPS (元),18Q3 EPS (元),18Q4 EPS (元),19Q1 EPS (元),19Q2 EPS (元),19Q3 EPS (元),19Q4 EPS (元),2019Q4,,,,,,,,,,,,
6674,鋐寶科技,,,,16.95,+0.1,+0.59,,,,,,,,,,,,,,,,0.5,,0.59,0.8,0.94,0.8,0.99,0.82,0.43,0.09,0.19,0.01,-0.13,2019Q4,,,,,,,,,,,,
6695,芯鼎,,,,41.6,-0.05,-0.12,,,,,,,,,,,,,,,,,,,,,,,,,,,,,2019Q4,,,,,,,,,,,,
6698,旭暉應材,,,,27.2,+0.45,+1.68,,,,,,,,,,,,,,,,0.65,,0.13,0.59,0.63,0.34,0.75,0.59,0.69,0.8,1.05,1.22,0.36,2019Q4,,,,,,,,,,,,
6706,惠特,,,,66.5,-0.2,-0.3,,,,,,,,,,,,,,,,2.32,,3.22,0.09,11.42,0.63,2.06,0.08,2.72,1.69,2.2,0.91,0.45,2019Q4,,,,,,,,,,,,
6770,力積電,,,,14.1,0,0,,,,,,,,,,,,,,,,-0.94,,,,,,,,,,,,-0.94,2019Q4,,,,,,,,,,,,
6794,向榮生技-創,,,,64.8,+1.5,+2.37,,,,,,,,,,,,,,,,,,,,,,,,,,,,,2019Q4,,,,,,,,,,,,
6838,台新藥,,,,24.3,+0.15,+0.62,,,,,,,,,,,,,,,,,,,,,,,,,,,,,2019Q4,,,,,,,,,,,,
6885,全福生技,,,,23.3,-0.2,-0.85,,,,,,,,,,,,,,,,,,,,,,,,,,,,,2019Q4,,,,,,,,,,,,
6901,鑽石投資,,,,22.65,+0.6,+2.72,,,,,,,,,,,,,,,,,,,,,,,,,,,,,2019Q4,,,,,,,,,,,,
6902,GOGOLOOK-創,,,,98,-1.5,-1.51,,,,,,,,,,,,,,,,,,,,,,,,,,,,,2019Q4,,,,,,,,,,,,
6919,康霈*,,,,616,+4,+0.65,,,,,,,,,,,,,,,,,,,,,,,,,,,,,2019Q4,,,,,,,,,,,,
6928,攸泰科技,,,,44.3,-1.1,-2.42,,,,,,,,,,,,,,,,,,,,,,,,,,,,,2019Q4,,,,,,,,,,,,
6949,沛爾生醫-創,,,,125.5,+0.5,+0.4,,,,,,,,,,,,,,,,,,,,,,,,,,,,,2019Q4,,,,,,,,,,,,
6969,成信實業*-創,,,,26.75,-0.75,-2.73,,,,,,,,,,,,,,,,,,,,,,,,,,,,,2019Q4,,,,,,,,,,,,
8101,華冠,,,,16.1,0,0,,,,,,,,,,,,,,,,-0.48,-0.47,0.02,-1.09,-0.63,-0.74,-1.51,-1.36,0.19,-0.44,0.02,0.12,0.08,2019Q4,,,,,,,,,,,,
8110,華東,,,,11.8,-0.05,-0.42,,,,,,,,,,,,,,,,0.21,0.13,0.19,0.53,0.56,0.1,0.42,0.03,0.22,-0.22,-0.18,0.41,0.32,2019Q4,,,,,,,,,,,,
8201,無敵,,,,11.85,+0.1,+0.85,,,,,,,,,,,,,,,,-0.26,-0.69,-0.38,-0.16,-0.33,-0.4,-0.19,0,0.12,-0.04,-0.18,-0.45,-0.37,2019Q4,,,,,,,,,,,,
8411,福貞-KY,,,,12.35,+0.55,+4.66,,,,,,,,,,,,,,,,0.04,0.6,0.21,0.38,0.41,0.07,-0.56,-0.21,-0.08,-0.4,-0.21,-0.15,0.41,2019Q4,,,,,,,,,,,,
代號,名稱,,,,成交,漲跌 價,漲跌 幅,,,,,,,,,,,,,,,,平均 EPS (元),17Q1 EPS (元),17Q2 EPS (元),17Q3 EPS (元),17Q4 EPS (元),18Q1 EPS (元),18Q2 EPS (元),18Q3 EPS (元),18Q4 EPS (元),19Q1 EPS (元),19Q2 EPS (元),19Q3 EPS (元),19Q4 EPS (元),2019Q4,,,,,,,,,,,,
8429,金麗-KY,,,,8.56,0,0,,,,,,,,,,,,,,,,0.35,0.84,0.85,0.27,0.3,0.51,0.67,0.37,0.68,0.24,0.33,-0.13,-0.72,2019Q4,,,,,,,,,,,,
8443,阿瘦,,,,11.6,+0.05,+0.43,,,,,,,,,,,,,,,,-0.12,-0.58,-0.54,-0.19,0.43,0.17,0.06,-0.18,0.17,0,-0.31,-0.37,-0.11,2019Q4,,,,,,,,,,,,
8488,吉源-KY,,,,11.85,+0.3,+2.6,,,,,,,,,,,,,,,,0,0.32,0.45,0.84,-0.05,-0.29,-1.46,-1.41,0.17,0.34,0.09,0.06,0.94,2019Q4,,,,,,,,,,,,
9912,偉聯,,,,11.7,+0.05,+0.43,,,,,,,,,,,,,,,,-0.15,0.02,0,0.01,0.13,0.05,0,0.12,0.06,-0.32,-0.22,-0.19,-1.46,2019Q4,,,,,,,,,,,,
9914,美利達,,,,131.5,-1,-0.75,,,,,,,,,,,,,,,,1.4,1.01,0.49,1.35,-0.18,0.02,1.82,2.23,1.65,1.6,1.9,2.88,1.98,2019Q4,,,,,,,,,,,,
9919,康那香,,,,15.55,-0.45,-2.81,,,,,,,,,,,,,,,,0.05,0.03,0.14,0.4,0.02,0.09,-0.07,-0.05,-0.05,0.08,-0.07,-0.11,0.16,2019Q4,,,,,,,,,,,,
9928,中視,,,,15.6,0,0,,,,,,,,,,,,,,,,-0.35,-0.27,-0.81,-0.63,-0.31,-0.46,-0.41,-0.35,-0.05,-0.34,-0.23,-0.13,-0.24,2019Q4,,,,,,,,,,,,
9929,秋雨,,,,13.75,+0.4,+3,,,,,,,,,,,,,,,,-0.1,-0.05,0,0.04,0.03,-0.01,0.05,0.03,0.25,-0.41,-0.1,-0.29,-0.68,2019Q4,,,,,,,,,,,,
9955,佳龍,,,,29.15,+2.65,+10,,,,,,,,,,,,,,,,-0.28,-0.26,-0.39,0.09,-0.28,-0.44,-0.29,-1.71,-0.18,0.05,0.21,0.08,-0.24,2019Q4,,,,,,,,,,,,
1235,興泰,,,,100.5,0,0,,,,,,,,,,,,,,,,0.45,,,,,,,,,,,,,2016Q4,0.51,0.61,1.25,-1.56,0,-0.55,0.95,0.4,1.42,0.95,2.17,-0.73
1236,宏亞,,,,20.75,-0.05,-0.24,,,,,,,,,,,,,,,,0.26,,,,,,,,,,,,,2016Q4,0.21,0.87,0.11,0.36,0.67,-0.23,0.09,0.4,0.3,-0.37,0.15,0.61
1301,台塑,,,,35.5,-0.3,-0.84,,,,,,,,,,,,,,,,1.15,,,,,,,,,,,,,2016Q4,1.13,0.59,1.18,-0.08,0.57,1.71,1.65,0.92,0.9,1.6,1.79,1.89
1304,台聚,,,,10.1,-0.05,-0.49,,,,,,,,,,,,,,,,0.22,,,,,,,,,,,,,2016Q4,0.14,0.17,0.24,0.07,0.18,0.31,0.13,0.23,0.27,0.43,0.26,0.2
1305,華夏,,,,11.25,0,0,,,,,,,,,,,,,,,,0.41,,,,,,,,,,,,,2016Q4,0.33,-0.05,0.1,-0.12,0.35,0.54,0.18,0.58,0.38,0.86,0.6,1.21
1308,亞聚,,,,13,-0.2,-1.52,,,,,,,,,,,,,,,,0.29,,,,,,,,,,,,,2016Q4,0.22,0.33,0.31,0.17,0.25,0.36,0.21,0.26,0.19,0.39,0.29,0.44
1309,台達化,,,,11.4,-0.1,-0.87,,,,,,,,,,,,,,,,-0.11,,,,,,,,,,,,,2016Q4,-0.65,-0.24,-0.34,-0.69,0.25,0.58,-0.55,-0.07,0.15,0.04,-0.14,0.31
1310,台苯,,,,8.92,-0.04,-0.45,,,,,,,,,,,,,,,,0.33,,,,,,,,,,,,,2016Q4,0.02,0.6,-0.18,-0.5,0.05,0.96,0.15,0.15,0.78,0.42,0.76,0.71
1312,國喬,,,,10.7,+0.1,+0.94,,,,,,,,,,,,,,,,0.38,,,,,,,,,,,,,2016Q4,0.14,0.05,0.21,-0.09,0.32,0.96,0.16,0.19,0.64,0.36,0.63,1.03
1313,聯成,,,,8.15,-0.04,-0.49,,,,,,,,,,,,,,,,0.05,,,,,,,,,,,,,2016Q4,-0.14,0.04,0.14,-0.26,0.08,0.41,-0.21,-0.43,0.03,0.27,0.23,0.44
1316,上曜,,,,15.15,-0.7,-4.42,,,,,,,,,,,,,,,,-0.17,,,,,,,,,,,,,2016Q4,-0.36,-0.36,-0.35,0.72,-0.43,-0.11,-0.19,-0.2,-0.22,-0.2,-0.2,-0.17
1325,恆大,,,,23.7,-0.3,-1.25,,,,,,,,,,,,,,,,0.23,,,,,,,,,,,,,2016Q4,0.21,-0.03,0.11,0.3,0.18,0.17,0.36,0.29,0.35,0.31,0.1,0.37
1337,再生-KY,,,,5.6,+0.06,+1.08,,,,,,,,,,,,,,,,0.63,,,,,,,,,,,,,2016Q4,1.22,1.27,1.09,0.87,0.27,0.13,0.43,0.68,0.44,0.55,0.51,0.06
1338,廣華-KY,,,,23.95,-0.05,-0.21,,,,,,,,,,,,,,,,2.09,,,,,,,,,,,,,2016Q4,1.62,2.14,1.75,2.35,2.18,2.28,2.14,2.45,2.25,1.71,1.76,2.46
1340,勝悅-KY,,,,7.31,-0.02,-0.27,,,,,,,,,,,,,,,,2.18,,,,,,,,,,,,,2016Q4,2.17,2.57,2.13,3.1,1.74,2.51,2.3,1.94,1.51,2.37,2.18,1.62
1413,宏洲,,,,11.6,+0.15,+1.31,,,,,,,,,,,,,,,,-0.22,,,,,,,,,,,,,2016Q4,-0.29,-0.23,-1,-0.73,-0.32,0.4,-0.28,0.27,-0.03,-0.11,-0.18,-0.15
1417,嘉裕,,,,7.81,+0.05,+0.64,,,,,,,,,,,,,,,,-0.12,,,,,,,,,,,,,2016Q4,0.23,-0.04,-0.17,0.07,-0.25,-0.24,-0.34,-0.19,-0.32,0.25,-0.23,-0.15
1432,大魯閣,,,,16.25,+0.1,+0.62,,,,,,,,,,,,,,,,-0.2,,,,,,,,,,,,,2016Q4,-0.37,-0.29,0.29,-0.5,-0.48,0.28,-0.02,-0.53,0.59,-0.28,-0.89,-0.26
代號,名稱,,,,成交,漲跌 價,漲跌 幅,,,,,,,,,,,,,,,,平均 EPS (元),,,,,,,,,,,,,2016Q4,14Q1 EPS (元),14Q2 EPS (元),14Q3 EPS (元),14Q4 EPS (元),15Q1 EPS (元),15Q2 EPS (元),15Q3 EPS (元),15Q4 EPS (元),16Q1 EPS (元),16Q2 EPS (元),16Q3 EPS (元),16Q4 EPS (元)
1435,中福,,,,31.5,0,0,,,,,,,,,,,,,,,,-0.01,,,,,,,,,,,,,2016Q4,0,0,0,-0.02,0.01,-0.01,0,-0.04,-0.05,0,0,0
1438,三地開發,,,,41.8,+2.3,+5.82,,,,,,,,,,,,,,,,0.01,,,,,,,,,,,,,2016Q4,0.01,-0.01,-0.01,0.07,0.13,-0.02,0.04,-0.05,-0.01,-0.01,-0.01,-0.03
1440,南紡,,,,11.7,-0.15,-1.27,,,,,,,,,,,,,,,,0.12,,,,,,,,,,,,,2016Q4,0.07,0.08,0.08,0.05,0.12,0.26,0.23,0.14,0.02,0.12,0.13,0.08
1445,大宇,,,,14.2,0,0,,,,,,,,,,,,,,,,0.11,,,,,,,,,,,,,2016Q4,0.08,0.07,0.01,0.05,0.12,0.17,0.22,0.14,0.1,0.19,0.1,0.06
1460,宏遠,,,,6.8,-0.07,-1.02,,,,,,,,,,,,,,,,0.26,,,,,,,,,,,,,2016Q4,0.18,0.15,0.17,0.35,0.25,0.15,0.21,0.42,0.27,0.19,0.24,0.49
1512,瑞利,,,,6.23,0,0,,,,,,,,,,,,,,,,-0.24,,,,,,,,,,,,,2016Q4,-0.43,-0.37,-0.33,-0.17,-0.33,-0.56,-0.04,0.09,-0.13,-0.33,-0.38,0.16
1516,川飛,,,,14.15,-0.35,-2.41,,,,,,,,,,,,,,,,0.46,,,,,,,,,,,,,2016Q4,0.07,0.14,0.37,0.78,3.8,-0.13,-0.08,-0.47,0.71,0.15,0.03,0.11
1517,利奇,,,,11.05,0,0,,,,,,,,,,,,,,,,0.14,,,,,,,,,,,,,2016Q4,0.26,0.15,0.33,0.27,0.02,0.24,0.28,0.07,0.03,0.07,0.07,-0.09
1526,日馳,,,,18.6,-0.05,-0.27,,,,,,,,,,,,,,,,0.36,,,,,,,,,,,,,2016Q4,0.25,0.27,0.24,0.32,0.09,0.39,0.97,0.01,0.22,0.77,0.08,0.73
1528,恩德,,,,12.15,-0.05,-0.41,,,,,,,,,,,,,,,,0.04,,,,,,,,,,,,,2016Q4,0.18,0.05,-0.21,0.09,0,0.05,0.01,-0.3,0.15,0.15,0.05,0.21
1529,樂事綠能,,,,21.95,+0.1,+0.46,,,,,,,,,,,,,,,,-0.09,,,,,,,,,,,,,2016Q4,-0.02,-0.15,0.01,-0.09,-0.02,-0.09,-0.05,-0.55,0.06,-0.04,0.02,-0.17
1533,車王電,,,,29.6,-0.25,-0.84,,,,,,,,,,,,,,,,0.42,,,,,,,,,,,,,2016Q4,0.91,0.47,0.41,0.62,0.22,0.28,0.79,0.43,0.28,0.11,0.21,0.25
1538,正峰,,,,26,-0.55,-2.07,,,,,,,,,,,,,,,,-0.2,,,,,,,,,,,,,2016Q4,0.29,-0.05,-0.41,-0.47,-1.05,-0.9,1.77,-0.48,0,-0.18,-0.13,-0.83
1587,吉茂,,,,26.95,-0.35,-1.28,,,,,,,,,,,,,,,,0.48,,,,,,,,,,,,,2016Q4,,,,,,,0.05,1.17,,0.87,0.05,0.25
1589,永冠-KY,,,,27.85,-0.1,-0.36,,,,,,,,,,,,,,,,2.56,,,,,,,,,,,,,2016Q4,2.06,2.97,2.19,2.61,2.22,2.87,3.29,3.98,2.51,2.77,1.34,1.88
1626,艾美特-KY,,,,11.85,-0.05,-0.42,,,,,,,,,,,,,,,,-0.1,,,,,,,,,,,,,2016Q4,-1.93,0.28,-0.27,-0.78,0.06,1.12,-1.14,-0.81,0.28,1.93,-0.54,0.63
1710,東聯,,,,12.9,-0.2,-1.53,,,,,,,,,,,,,,,,-0.05,,,,,,,,,,,,,2016Q4,0.06,0.08,0.17,-0.17,0.05,0.47,-0.26,-0.4,-0.11,-0.28,-0.33,0.07
1721,三晃,,,,11.45,+0.05,+0.44,,,,,,,,,,,,,,,,0.18,,,,,,,,,,,,,2016Q4,0.1,0.01,-0.04,0.02,0.19,0.15,0.26,0.16,0.46,0.32,0.09,0.46
代號,名稱,,,,成交,漲跌 價,漲跌 幅,,,,,,,,,,,,,,,,平均 EPS (元),,,,,,,,,,,,,2016Q4,14Q1 EPS (元),14Q2 EPS (元),14Q3 EPS (元),14Q4 EPS (元),15Q1 EPS (元),15Q2 EPS (元),15Q3 EPS (元),15Q4 EPS (元),16Q1 EPS (元),16Q2 EPS (元),16Q3 EPS (元),16Q4 EPS (元)
1802,台玻,,,,14,+0.1,+0.72,,,,,,,,,,,,,,,,-0.22,,,,,,,,,,,,,2016Q4,-0.55,-0.2,0.52,0.27,-0.51,-0.3,-0.61,-0.56,-0.14,-0.24,-0.12,-0.14
1903,士紙,,,,45.5,+0.4,+0.89,,,,,,,,,,,,,,,,-0.25,,,,,,,,,,,,,2016Q4,-0.46,-0.11,-0.25,-0.89,-0.18,-0.26,-0.01,-0.16,-0.22,-0.27,-0.04,-0.17
1905,華紙,,,,13.05,-0.2,-1.51,,,,,,,,,,,,,,,,0.08,,,,,,,,,,,,,2016Q4,-0.03,-0.09,-0.04,0.16,0.13,0.13,0.23,0.16,0.07,0.1,0.05,0.14
1909,榮成,,,,9.01,-0.16,-1.74,,,,,,,,,,,,,,,,0.42,,,,,,,,,,,,,2016Q4,-0.02,0.54,0.58,0,0.21,0.41,0.31,0.19,0.3,0.67,0.2,1.66
2007,燁興,,,,8.3,-0.06,-0.72,,,,,,,,,,,,,,,,-0.18,,,,,,,,,,,,,2016Q4,-0.27,-0.2,-0.27,-0.25,-0.18,-0.21,-0.24,-0.16,-0.06,-0.06,-0.17,-0.12
2014,中鴻,,,,16.5,-0.2,-1.2,,,,,,,,,,,,,,,,0.05,,,,,,,,,,,,,2016Q4,0.11,0.01,0.04,-0.01,-0.98,0.2,0.35,-0.39,0,0.51,0.53,0.28
2022,聚亨,,,,8.1,-0.07,-0.86,,,,,,,,,,,,,,,,-0.1,,,,,,,,,,,,,2016Q4,0.07,0,0,0,-0.15,-0.18,-0.36,-0.37,-0.04,0.06,-0.03,-0.16
2023,燁輝,,,,15.55,0,0,,,,,,,,,,,,,,,,0.14,,,,,,,,,,,,,2016Q4,0.07,0.2,0.21,0.26,0.2,-0.16,-0.26,-0.34,0.14,0.6,0.31,0.4
2025,千興,,,,13.35,-0.1,-0.74,,,,,,,,,,,,,,,,-0.12,,,,,,,,,,,,,2016Q4,-0.13,0.33,-0.06,-0.43,-0.19,-0.31,-0.56,-0.4,-0.11,0.02,0.19,0.22
2034,允強,,,,20.1,-0.2,-0.99,,,,,,,,,,,,,,,,0.51,,,,,,,,,,,,,2016Q4,0.8,0.58,0.89,0.39,0.41,0.21,0.56,0.26,0.39,0.5,0.46,0.63
2102,泰豐,,,,16.95,-0.05,-0.29,,,,,,,,,,,,,,,,0.18,,,,,,,,,,,,,2016Q4,0.39,0.24,0.16,0.19,0.21,0.27,0.47,0.25,0.24,0.01,-0.23,-0.04
2104,國際中橡,,,,10.55,-0.1,-0.94,,,,,,,,,,,,,,,,0.73,,,,,,,,,,,,,2016Q4,0.37,0.35,3.92,0.12,0.4,0.18,0.58,0.34,0.51,0.43,0.91,0.65
2208,台船,,,,17.15,-0.55,-3.11,,,,,,,,,,,,,,,,-0.04,,,,,,,,,,,,,2016Q4,0.07,0.11,0.15,0.29,0.17,0.09,0.11,0.26,0.05,-0.02,-1.14,-0.63
2241,艾姆勒,,,,24.2,-0.1,-0.41,,,,,,,,,,,,,,,,,,,,,,,,,,,,,2016Q4,,,,,,,,,,,,
2254,巨鎧精密-創,,,,67.4,-1.1,-1.61,,,,,,,,,,,,,,,,,,,,,,,,,,,,,2016Q4,,,,,,,,,,,,
2258,鴻華先進-創,,,,40.5,-0.9,-2.17,,,,,,,,,,,,,,,,,,,,,,,,,,,,,2016Q4,,,,,,,,,,,,
2314,台揚,,,,12,+0.1,+0.84,,,,,,,,,,,,,,,,-0.04,,,,,,,,,,,,,2016Q4,-0.4,-0.34,-0.17,-0.42,0.01,-0.65,0.72,0.05,0.13,0.15,0.18,0.23
2321,東訊,,,,13.65,-0.3,-2.15,,,,,,,,,,,,,,,,-0.03,,,,,,,,,,,,,2016Q4,-0.01,0.04,-0.17,-0.15,0,-0.15,-0.06,-0.07,0.03,0.08,0.05,0
代號,名稱,,,,成交,漲跌 價,漲跌 幅,,,,,,,,,,,,,,,,平均 EPS (元),,,,,,,,,,,,,2016Q4,14Q1 EPS (元),14Q2 EPS (元),14Q3 EPS (元),14Q4 EPS (元),15Q1 EPS (元),15Q2 EPS (元),15Q3 EPS (元),15Q4 EPS (元),16Q1 EPS (元),16Q2 EPS (元),16Q3 EPS (元),16Q4 EPS (元)
2323,中環,,,,7.77,-0.06,-0.77,,,,,,,,,,,,,,,,-0.26,,,,,,,,,,,,,2016Q4,-0.19,-0.2,-0.19,-0.14,-0.18,-0.16,-0.26,-0.66,-0.19,-0.13,-0.22,-0.64
2331,精英,,,,15.4,+0.2,+1.32,,,,,,,,,,,,,,,,0.2,,,,,,,,,,,,,2016Q4,0.42,0.63,0.64,0.33,0.68,0.56,0.85,-0.02,0.23,-3.21,0.8,0.48
2337,旺宏,,,,19.15,-0.05,-0.26,,,,,,,,,,,,,,,,-0.26,,,,,,,,,,,,,2016Q4,-0.36,-0.51,-0.31,-0.65,-0.1,-0.35,-0.27,-0.47,-0.25,-0.19,0.18,0.2
2338,光罩,,,,31.15,+0.3,+0.97,,,,,,,,,,,,,,,,-0.05,,,,,,,,,,,,,2016Q4,0.1,0.05,0.02,0.08,0.02,-0.32,0.15,0,-0.21,-0.07,-0.18,-0.26
2340,台亞,,,,20.75,+0.25,+1.22,,,,,,,,,,,,,,,,0.3,,,,,,,,,,,,,2016Q4,0.24,0.29,0.25,0.25,0.2,0.27,0.29,0.29,0.21,0.5,0.53,0.32
2369,菱生,,,,13.45,-0.05,-0.37,,,,,,,,,,,,,,,,0.08,,,,,,,,,,,,,2016Q4,0.1,0.17,0.19,0.04,-0.02,-0.11,-0.03,-0.05,0.03,0.07,0.42,0.11
2380,虹光,,,,3.89,+0.34,+9.58,,,,,,,,,,,,,,,,-0.24,,,,,,,,,,,,,2016Q4,-0.06,-0.3,-0.12,0.09,-0.26,-0.25,-0.08,-0.43,-0.5,-0.27,-0.34,-0.34
2390,云辰,,,,10.25,-0.05,-0.49,,,,,,,,,,,,,,,,0.02,,,,,,,,,,,,,2016Q4,-0.1,0.1,-0.23,-0.12,0.04,0.06,0.4,0.31,0.15,-0.12,-0.26,0.01
2406,國碩,,,,11,0,0,,,,,,,,,,,,,,,,0,,,,,,,,,,,,,2016Q4,0.88,0.04,-0.57,-0.27,-0.34,-0.62,0.44,0.38,0.71,0.25,-0.45,-0.4
2408,南亞科,,,,32.1,-0.65,-1.98,,,,,,,,,,,,,,,,2.29,,,,,,,,,,,,,2016Q4,2.56,2.54,3.11,3.57,2.61,1.75,1.94,0.77,0.68,0.14,0.51,7.34
2409,友達,,,,12.3,-0.1,-0.81,,,,,,,,,,,,,,,,0.26,,,,,,,,,,,,,2016Q4,0.03,0.42,0.76,0.62,0.54,0.47,0.36,-0.85,-0.57,-0.06,0.51,0.93
2413,環科,,,,18.25,0,0,,,,,,,,,,,,,,,,0.16,,,,,,,,,,,,,2016Q4,0.01,-0.37,0.51,0.27,0.25,0.16,0.71,0.2,0.13,0.25,0.07,-0.28
2424,隴華,,,,59.8,0,0,,,,,,,,,,,,,,,,-0.22,,,,,,,,,,,,,2016Q4,-0.45,0.03,0.12,0.09,-0.33,-0.4,0.49,-0.65,-0.42,-0.27,-0.58,-0.24
2429,銘旺科,,,,44.2,-0.55,-1.23,,,,,,,,,,,,,,,,-0.4,,,,,,,,,,,,,2016Q4,-0.74,-0.44,-0.62,-0.91,-0.33,-0.1,-0.45,-1.44,0.13,0.34,0,-0.26
2431,聯昌,,,,11.05,-0.15,-1.34,,,,,,,,,,,,,,,,0.21,,,,,,,,,,,,,2016Q4,0.16,0.31,0.74,0.07,0.3,0.03,0.15,-0.17,0.09,0.21,0.2,0.37
2438,翔耀,,,,29.5,+0.5,+1.72,,,,,,,,,,,,,,,,-0.01,,,,,,,,,,,,,2016Q4,-0.21,0.42,0.03,-0.28,0.17,-0.12,0.09,-0.06,0.01,-0.08,-0.01,-0.02
2440,太空梭,,,,15.8,+0.65,+4.29,,,,,,,,,,,,,,,,-0.01,,,,,,,,,,,,,2016Q4,-0.11,-0.05,-0.02,0.11,-0.09,0.13,-0.11,-0.11,-0.12,0,0.09,0.1
2444,兆勁,,,,12.1,-0.15,-1.22,,,,,,,,,,,,,,,,0.12,,,,,,,,,,,,,2016Q4,0.27,0.03,0.05,0.21,0.27,-1.32,0.45,0.91,0.31,0.31,0.08,-0.08
代號,名稱,,,,成交,漲跌 價,漲跌 幅,,,,,,,,,,,,,,,,平均 EPS (元),,,,,,,,,,,,,2016Q4,14Q1 EPS (元),14Q2 EPS (元),14Q3 EPS (元),14Q4 EPS (元),15Q1 EPS (元),15Q2 EPS (元),15Q3 EPS (元),15Q4 EPS (元),16Q1 EPS (元),16Q2 EPS (元),16Q3 EPS (元),16Q4 EPS (元)
2460,建通,,,,16.45,-0.35,-2.08,,,,,,,,,,,,,,,,0.05,,,,,,,,,,,,,2016Q4,-0.15,0.39,0.15,0.12,-0.07,-0.11,-0.14,0.07,-0.09,0.13,0.09,0.15
2465,麗臺,,,,47.6,0,0,,,,,,,,,,,,,,,,-0.23,,,,,,,,,,,,,2016Q4,-0.29,-0.44,-0.18,-0.34,1.53,-0.39,-0.37,-0.29,-0.37,-0.46,-0.26,-0.86
2466,冠西電,,,,108.5,+4,+3.83,,,,,,,,,,,,,,,,-0.11,,,,,,,,,,,,,2016Q4,-0.18,-0.42,-0.02,-0.25,-0.2,-0.17,0.09,-0.27,-0.24,0.1,-0.08,0.27
2485,兆赫,,,,11.5,-0.05,-0.43,,,,,,,,,,,,,,,,0.52,,,,,,,,,,,,,2016Q4,0.58,0.1,0.55,0.68,0.25,0.36,1.16,0.89,0.71,0.35,0.17,0.44
2491,吉祥全,,,,11.1,+0.05,+0.45,,,,,,,,,,,,,,,,0.3,,,,,,,,,,,,,2016Q4,0.82,3.47,-0.07,-0.7,-0.19,-0.21,-0.21,1.08,-0.15,-0.16,-0.15,0.09
2498,宏達電,,,,36.9,-0.15,-0.4,,,,,,,,,,,,,,,,-2.48,,,,,,,,,,,,,2016Q4,-2.28,2.74,0.78,0.57,0.43,-9.7,-5.41,-4.09,-3.16,-3.71,-2.18,-3.75
2547,日勝生,,,,12.65,+0.25,+2.02,,,,,,,,,,,,,,,,-0.63,,,,,,,,,,,,,2016Q4,-0.05,-0.18,-0.13,-0.13,-0.1,-0.2,-0.82,-0.42,-0.28,-3.7,-0.99,-0.58
2601,益航,,,,6.48,-0.09,-1.37,,,,,,,,,,,,,,,,-0.58,,,,,,,,,,,,,2016Q4,0.66,0.39,-0.84,-0.26,0.32,0.15,-3.22,-1.27,-1.3,-0.11,-1.21,-0.3
2616,山隆,,,,16.15,-0.45,-2.71,,,,,,,,,,,,,,,,0.59,,,,,,,,,,,,,2016Q4,0.33,0.46,0.73,0.5,0.38,0.5,0.55,0.47,0.55,0.88,0.93,0.78
2642,宅配通,,,,28,-0.4,-1.41,,,,,,,,,,,,,,,,0.3,,,,,,,,,,,,,2016Q4,0.45,0.39,0.19,0.6,0.45,0.58,0.07,-0.04,0.5,0.21,0.08,0.07
2712,遠雄來,,,,18.4,0,0,,,,,,,,,,,,,,,,0.2,,,,,,,,,,,,,2016Q4,0.05,0.19,0.59,0.11,0.13,0.16,0.43,0.12,0.11,0.12,0.35,0.02
2722,夏都,,,,27.5,-0.5,-1.79,,,,,,,,,,,,,,,,0.4,,,,,,,,,,,,,2016Q4,0.15,0.55,1.03,0.13,0.15,0.45,0.87,0.14,0.16,0.44,0.69,0.07
2911,麗嬰房,,,,5.08,-0.07,-1.36,,,,,,,,,,,,,,,,-0.14,,,,,,,,,,,,,2016Q4,-0.26,-0.51,-0.1,-0.37,0.15,-0.51,-0.02,0.08,0.06,-0.54,-0.3,0.65
2913,農林,,,,15.45,+0.05,+0.32,,,,,,,,,,,,,,,,0.22,,,,,,,,,,,,,2016Q4,0.23,0.15,0.34,0.44,0.3,0.27,0.24,0.2,0.17,0.1,0.19,-0.05
2939,永邑-KY,,,,28.85,+1.7,+6.26,,,,,,,,,,,,,,,,4.41,,,,,,,,,,,,,2016Q4,,,,,,,,,,6.21,2.07,4.94
3011,今皓,,,,12.6,-0.15,-1.18,,,,,,,,,,,,,,,,-0.13,,,,,,,,,,,,,2016Q4,-0.1,-0.12,-0.13,-0.28,-0.15,-0.36,-0.33,-0.09,-0.28,-0.07,0.15,0.26
3018,隆銘綠能,,,,21.85,+0.4,+1.86,,,,,,,,,,,,,,,,0,,,,,,,,,,,,,2016Q4,0.08,0.15,0.25,0.24,-0.1,0.07,-0.05,-0.94,0.01,-0.15,0.12,0.28
3041,揚智,,,,23.55,-0.15,-0.63,,,,,,,,,,,,,,,,-0.11,,,,,,,,,,,,,2016Q4,0.28,0.12,0.38,0.12,0,-0.46,0.11,0.06,-0.09,-0.31,-0.28,-1.27
代號,名稱,,,,成交,漲跌 價,漲跌 幅,,,,,,,,,,,,,,,,平均 EPS (元),,,,,,,,,,,,,2016Q4,14Q1 EPS (元),14Q2 EPS (元),14Q3 EPS (元),14Q4 EPS (元),15Q1 EPS (元),15Q2 EPS (元),15Q3 EPS (元),15Q4 EPS (元),16Q1 EPS (元),16Q2 EPS (元),16Q3 EPS (元),16Q4 EPS (元)
3048,益登,,,,23.8,0,0,,,,,,,,,,,,,,,,0.49,,,,,,,,,,,,,2016Q4,0.31,0.65,0.75,0.82,0.59,0.57,0.68,0.4,0.13,0.25,0.68,0.05
3049,精金,,,,6.88,-0.08,-1.15,,,,,,,,,,,,,,,,0.01,,,,,,,,,,,,,2016Q4,0.34,0.17,0.1,0.02,0.12,-0.09,0.24,-0.11,-0.56,-0.86,0.27,0.48
3054,立萬利,,,,22.8,+0.8,+3.64,,,,,,,,,,,,,,,,-0.02,,,,,,,,,,,,,2016Q4,0.27,0.06,-0.06,-0.13,-0.16,-0.17,-0.19,-0.45,0.21,0.05,0.29,0.05
3055,蔚華科,,,,48.05,-0.35,-0.72,,,,,,,,,,,,,,,,0.67,,,,,,,,,,,,,2016Q4,0.32,0.98,0.81,0.14,0.21,0.27,0.1,4.1,0.36,0.28,0.1,0.37
3057,喬鼎,,,,8.18,-0.09,-1.09,,,,,,,,,,,,,,,,0.08,,,,,,,,,,,,,2016Q4,0.52,0.59,0.63,0.82,0.32,0.03,0.12,0.01,-0.34,-0.39,-0.33,-0.97
3058,立德,,,,10.25,-0.15,-1.44,,,,,,,,,,,,,,,,0.07,,,,,,,,,,,,,2016Q4,0.17,-0.13,0.22,-0.15,0.04,0.16,0.07,-0.17,0.12,0.13,0.22,0.11
3092,鴻碩,,,,19.25,-0.5,-2.53,,,,,,,,,,,,,,,,0.57,,,,,,,,,,,,,2016Q4,0.05,0.5,0.29,0.22,0.04,-0.03,0.69,0.54,0.48,1.12,1.23,1.69
3149,正達,,,,29.8,-0.35,-1.16,,,,,,,,,,,,,,,,-2.48,,,,,,,,,,,,,2016Q4,-1.57,-1.63,-1.04,-3.7,-1.42,-11.07,-2.1,-4.5,0.06,-0.02,-1.1,-1.64
3321,同泰,,,,7.08,+0.36,+5.36,,,,,,,,,,,,,,,,0.34,,,,,,,,,,,,,2016Q4,0.95,1.11,1.4,1.1,1.02,0.74,0.42,0.04,-0.54,-0.9,-0.97,-0.27
3419,譁裕,,,,14.55,+0.15,+1.04,,,,,,,,,,,,,,,,0,,,,,,,,,,,,,2016Q4,-0.2,-0.01,-0.08,0,-0.07,-0.41,0.05,-0.06,-0.32,0.08,0.42,0.65
3432,台端,,,,13.8,+0.65,+4.94,,,,,,,,,,,,,,,,0.08,,,,,,,,,,,,,2016Q4,-0.18,0.15,0.32,0.34,-0.02,-0.18,0.33,0.04,-0.01,0,-0.07,0.19
3437,榮創,,,,15.15,-0.15,-0.98,,,,,,,,,,,,,,,,0.5,,,,,,,,,,,,,2016Q4,1.09,0.97,0.43,0.67,0.8,0.29,0.58,0.7,0.21,-0.23,0.26,0.18
3494,誠研,,,,14.55,0,0,,,,,,,,,,,,,,,,-0.04,,,,,,,,,,,,,2016Q4,0.1,0.03,0.18,0.15,0.01,-0.01,-0.12,-0.03,0.08,-0.14,-0.39,-0.35
3504,揚明光,,,,44.35,+0.35,+0.8,,,,,,,,,,,,,,,,0.09,,,,,,,,,,,,,2016Q4,0.2,0.28,0.54,0.68,0.16,0.31,0.5,0.16,-0.59,-0.67,-0.25,-0.23
3518,柏騰,,,,17.75,0,0,,,,,,,,,,,,,,,,-0.83,,,,,,,,,,,,,2016Q4,-0.84,-0.9,-0.79,-0.39,0.17,0.04,-0.51,-1.67,-0.67,-1.79,-0.93,-1.67
3530,晶相光,,,,55.4,-0.7,-1.25,,,,,,,,,,,,,,,,1.23,,,,,,,,,,,,,2016Q4,,,,,,,,,,0.97,0.73,1.98
3543,州巧,,,,17.4,+0.3,+1.75,,,,,,,,,,,,,,,,,,,,,,,,,,,,,2016Q4,,,,,,,,,,,,
3550,聯穎,,,,12.6,-0.05,-0.4,,,,,,,,,,,,,,,,0.29,,,,,,,,,,,,,2016Q4,0.24,0.34,0.5,0.13,0.08,0.24,0.48,0.17,-0.03,0.55,0.23,0.51
代號,名稱,,,,成交,漲跌 價,漲跌 幅,,,,,,,,,,,,,,,,平均 EPS (元),,,,,,,,,,,,,2016Q4,14Q1 EPS (元),14Q2 EPS (元),14Q3 EPS (元),14Q4 EPS (元),15Q1 EPS (元),15Q2 EPS (元),15Q3 EPS (元),15Q4 EPS (元),16Q1 EPS (元),16Q2 EPS (元),16Q3 EPS (元),16Q4 EPS (元)
3576,聯合再生,,,,8.2,+0.1,+1.23,,,,,,,,,,,,,,,,-0.65,,,,,,,,,,,,,2016Q4,0.52,0.49,-0.23,-0.5,-0.55,-0.9,-0.42,0.16,0.13,-0.96,-1.82,-3.76
3593,力銘,,,,9.85,-0.15,-1.5,,,,,,,,,,,,,,,,-0.43,,,,,,,,,,,,,2016Q4,-0.27,-0.78,0.02,-0.81,-0.32,-0.66,-0.18,-0.72,-0.26,-0.29,-0.04,-0.85
3686,達能,,,,14.1,-0.4,-2.76,,,,,,,,,,,,,,,,-0.45,,,,,,,,,,,,,2016Q4,-0.28,-0.33,-0.42,-0.53,-0.39,-0.45,-0.32,-0.57,-0.21,-0.21,-0.66,-1.03
3714,富采,,,,35.15,+0.2,+0.57,,,,,,,,,,,,,,,,,,,,,,,,,,,,,2016Q4,,,,,,,,,,,,
4108,懷特,,,,13.15,0,0,,,,,,,,,,,,,,,,-0.37,,,,,,,,,,,,,2016Q4,-0.21,-0.69,-0.48,-0.59,-0.43,-0.36,-0.22,-0.23,-0.34,-0.32,-0.18,-0.35
4142,國光生,,,,18.55,-0.15,-0.8,,,,,,,,,,,,,,,,-0.74,,,,,,,,,,,,,2016Q4,-0.82,0.09,-1.23,-1.13,-0.61,-0.39,-0.81,-1.42,-0.63,-0.45,-0.55,-0.91
4190,佐登-KY,,,,34.5,+0.4,+1.17,,,,,,,,,,,,,,,,1.5,,,,,,,,,,,,,2016Q4,,2.07,1.66,1.53,1.35,1.89,1.72,1.62,1,1.06,1.17,1.44
4426,利勤,,,,11.2,-0.2,-1.75,,,,,,,,,,,,,,,,1.34,,,,,,,,,,,,,2016Q4,0.74,0.33,0.86,1.5,1.51,1.56,1.54,1.67,2.7,0.75,1.62,1.32
4526,東台,,,,21.5,-1,-4.44,,,,,,,,,,,,,,,,0.32,,,,,,,,,,,,,2016Q4,0.61,0.5,0.96,0.42,0.06,0.17,0.8,0.03,-0.07,0.21,-0.11,0.2
4540,全球傳動,,,,36.6,-0.05,-0.14,,,,,,,,,,,,,,,,0.54,,,,,,,,,,,,,2016Q4,,,,,,,,,,0.17,0.91,0.54
4555,氣立,,,,34.75,+0.35,+1.02,,,,,,,,,,,,,,,,0.94,,,,,,,,,,,,,2016Q4,0.71,1.79,1.68,1.14,0.64,1.54,1.6,0.16,0.33,0.96,0.63,0.15
4562,穎漢,,,,40.9,+0.55,+1.36,,,,,,,,,,,,,,,,1.09,,,,,,,,,,,,,2016Q4,,,,,,1.33,0.8,2.82,0.43,0.21,0.8,1.27
4564,元翎,,,,19.4,+0.65,+3.47,,,,,,,,,,,,,,,,1.34,,,,,,,,,,,,,2016Q4,,,,,,,,,,,0.58,2.11
4737,華廣,,,,55,+5,+10,,,,,,,,,,,,,,,,0.5,,,,,,,,,,,,,2016Q4,0.06,0.05,0.24,0.87,0.39,0.24,0.59,0.7,0.2,0.63,0.86,1.13
4764,雙鍵,,,,39,-0.2,-0.51,,,,,,,,,,,,,,,,2.45,,,,,,,,,,,,,2016Q4,,,,,,,1.22,6.96,,1.02,1.22,1.81
4807,日成-KY,,,,17.7,+1.6,+9.94,,,,,,,,,,,,,,,,1.88,,,,,,,,,,,,,2016Q4,,,,,,0.84,0.46,5.96,1.84,2.17,0.46,1.4
4927,泰鼎-KY,,,,22.5,-0.65,-2.81,,,,,,,,,,,,,,,,0.9,,,,,,,,,,,,,2016Q4,1.09,0.95,1.56,0.61,0.53,0.63,2.02,1.15,0.82,1.04,0.88,-0.52
4934,太極,,,,9.9,0,0,,,,,,,,,,,,,,,,0.09,,,,,,,,,,,,,2016Q4,0.5,0.24,-0.04,0.02,0.1,-0.11,0.41,0.69,0.59,0.28,-1.09,-0.56
代號,名稱,,,,成交,漲跌 價,漲跌 幅,,,,,,,,,,,,,,,,平均 EPS (元),,,,,,,,,,,,,2016Q4,14Q1 EPS (元),14Q2 EPS (元),14Q3 EPS (元),14Q4 EPS (元),15Q1 EPS (元),15Q2 EPS (元),15Q3 EPS (元),15Q4 EPS (元),16Q1 EPS (元),16Q2 EPS (元),16Q3 EPS (元),16Q4 EPS (元)
4943,康控-KY,,,,12,0,0,,,,,,,,,,,,,,,,0.6,,,,,,,,,,,,,2016Q4,,0.58,0.55,1.72,0.48,0.52,0.55,0.72,0.31,0.17,0.51,0.54
4949,有成精密,,,,38.5,-0.8,-2.04,,,,,,,,,,,,,,,,,,,,,,,,,,,,,2016Q4,,,,,,,,,,,,
4956,光鋐,,,,21.35,+0.75,+3.64,,,,,,,,,,,,,,,,0.14,,,,,,,,,,,,,2016Q4,0.24,0.34,0.31,0.26,0.16,0.11,0.17,0,-0.45,0.11,0.25,0.15
4960,誠美材,,,,12.25,-0.15,-1.21,,,,,,,,,,,,,,,,0.3,,,,,,,,,,,,,2016Q4,1.08,0.94,1.1,1.33,0.81,0.42,0.61,0.18,-0.7,-0.95,-0.86,-0.36
4976,佳凌,,,,25.8,+0.3,+1.18,,,,,,,,,,,,,,,,-0.16,,,,,,,,,,,,,2016Q4,0.18,0.06,-0.18,-0.41,-0.45,-0.23,-0.06,-0.39,-0.26,-0.11,0.09,-0.21
4989,榮科,,,,14.6,-0.05,-0.34,,,,,,,,,,,,,,,,0.55,,,,,,,,,,,,,2016Q4,,,,,,,,-0.7,,0.67,0.41,1.82
5484,慧友,,,,37.55,0,0,,,,,,,,,,,,,,,,-0.2,,,,,,,,,,,,,2016Q4,-0.06,-0.41,-0.11,-0.5,-0.47,-0.45,-0.25,-0.35,0.02,0.14,0.12,-0.13
5531,鄉林,,,,9.71,-0.11,-1.12,,,,,,,,,,,,,,,,0.18,,,,,,,,,,,,,2016Q4,-0.06,0.66,0.49,0.26,-0.12,-0.18,0.08,0.46,0.27,-0.38,0.01,0.66
5546,永固-KY,,,,28,+0.15,+0.54,,,,,,,,,,,,,,,,,,,,,,,,,,,,,2016Q4,,,,,,,,,,,,
5608,四維航,,,,16.3,-0.1,-0.61,,,,,,,,,,,,,,,,-0.18,,,,,,,,,,,,,2016Q4,0.22,-0.04,0.14,0.23,0.05,-0.09,0.01,-0.09,-0.85,-0.59,-0.42,-0.71
5907,大洋-KY,,,,8.64,-0.34,-3.79,,,,,,,,,,,,,,,,0.72,,,,,,,,,,,,,2016Q4,1.84,1.35,0.38,1.81,1.94,1.12,-2.48,1.05,-0.39,0.78,-0.39,1.64
6112,邁達特,,,,43.5,-0.55,-1.25,,,,,,,,,,,,,,,,0.63,,,,,,,,,,,,,2016Q4,0.65,0.69,0.62,0.61,0.6,0.7,0.62,0.53,0.61,0.64,0.63,0.63
6116,彩晶,,,,6.98,0,0,,,,,,,,,,,,,,,,0.06,,,,,,,,,,,,,2016Q4,0.33,0.21,-0.18,-0.2,0.21,-0.25,-0.22,-0.42,-0.28,-0.22,0.73,1.03
6141,柏承,,,,9.4,-0.05,-0.53,,,,,,,,,,,,,,,,-0.35,,,,,,,,,,,,,2016Q4,-0.1,0.03,0.16,0.01,-0.61,-0.56,-0.84,-1.15,-0.55,-0.32,-0.28,0.04
6142,友勁,,,,8.62,+0.04,+0.47,,,,,,,,,,,,,,,,-0.07,,,,,,,,,,,,,2016Q4,-0.31,-0.34,-0.05,-0.19,-0.29,-0.11,0.03,-0.19,0.91,-0.17,-0.17,0.03
6152,百一,,,,9.01,-0.06,-0.66,,,,,,,,,,,,,,,,-0.32,,,,,,,,,,,,,2016Q4,-0.2,-0.36,-0.59,-0.45,-0.69,-0.6,-0.41,-0.27,-0.33,-0.25,0.09,0.18
6153,嘉聯益,,,,11.4,+0.25,+2.24,,,,,,,,,,,,,,,,0.28,,,,,,,,,,,,,2016Q4,0.21,0.09,0.29,0.66,-0.26,-0.16,1.43,0.9,-0.36,0.12,0.13,0.35
6168,宏齊,,,,15.9,0,0,,,,,,,,,,,,,,,,0.08,,,,,,,,,,,,,2016Q4,0.26,0.75,0.56,0.24,-0.22,-0.62,0.88,-0.12,-0.35,-0.71,0.12,0.18
代號,名稱,,,,成交,漲跌 價,漲跌 幅,,,,,,,,,,,,,,,,平均 EPS (元),,,,,,,,,,,,,2016Q4,14Q1 EPS (元),14Q2 EPS (元),14Q3 EPS (元),14Q4 EPS (元),15Q1 EPS (元),15Q2 EPS (元),15Q3 EPS (元),15Q4 EPS (元),16Q1 EPS (元),16Q2 EPS (元),16Q3 EPS (元),16Q4 EPS (元)
6202,盛群,,,,38.75,+0.2,+0.52,,,,,,,,,,,,,,,,0.88,,,,,,,,,,,,,2016Q4,0.73,0.92,0.9,0.95,0.71,0.97,0.97,0.91,0.74,0.89,0.92,0.92
6209,今國光,,,,23.5,-0.45,-1.88,,,,,,,,,,,,,,,,-0.14,,,,,,,,,,,,,2016Q4,-0.26,-0.08,0.01,-0.54,-0.16,0.03,-0.25,-0.39,-0.04,-0.24,0.29,0
6225,天瀚,,,,12.35,-0.55,-4.26,,,,,,,,,,,,,,,,-0.26,,,,,,,,,,,,,2016Q4,-0.46,-0.42,-0.28,-1.01,-0.11,-0.35,-0.11,-0.12,-0.07,-0.08,-0.03,-0.07
6226,光鼎,,,,7.28,+0.05,+0.69,,,,,,,,,,,,,,,,0.01,,,,,,,,,,,,,2016Q4,-0.13,0.21,0.16,0.05,-0.21,-0.34,0.04,-0.21,-0.18,0.21,0.13,0.38
6269,台郡,,,,49.8,-0.6,-1.19,,,,,,,,,,,,,,,,2.19,,,,,,,,,,,,,2016Q4,0.92,0.12,1.62,4.15,3.28,1.44,3.19,3.1,1.56,0.41,2.71,3.8
6282,康舒,,,,26.05,-0.2,-0.76,,,,,,,,,,,,,,,,0.37,,,,,,,,,,,,,2016Q4,0.39,0.62,0.6,0.5,0.23,0.2,0.56,0.3,0.28,0.28,0.21,0.24
6405,悅城,,,,21.6,-0.55,-2.48,,,,,,,,,,,,,,,,0.47,,,,,,,,,,,,,2016Q4,1.16,1.67,1.66,1.05,0.22,0.12,0.49,-0.68,-0.29,-0.21,-0.15,0.63
6426,統新,,,,59.1,0,0,,,,,,,,,,,,,,,,0.63,,,,,,,,,,,,,2016Q4,1.28,0.4,0.91,0.42,0.73,0.44,1.1,-0.47,0.2,0.74,0.37,1.47
6431,光麗-KY,,,,18.75,+0.45,+2.46,,,,,,,,,,,,,,,,-0.72,,,,,,,,,,,,,2016Q4,0.57,1.65,0.22,-0.57,-0.68,-1.01,-0.24,-2.63,-0.78,-2.13,-0.94,-2.1
6443,元晶,,,,14.15,0,0,,,,,,,,,,,,,,,,0.1,,,,,,,,,,,,,2016Q4,0.24,0.4,-0.2,0.05,0.11,-0.22,0.2,0.43,0.55,0.11,-0.48,-0.04
6477,安集,,,,27.9,-0.2,-0.71,,,,,,,,,,,,,,,,0.36,,,,,,,,,,,,,2016Q4,,0.76,0.5,2.1,0.23,0.29,0.5,0.3,0.06,0.05,-0.81,0.03
6541,泰福-KY,,,,63.5,+0.7,+1.11,,,,,,,,,,,,,,,,-2.49,,,,,,,,,,,,,2016Q4,,,,,,-2.25,,-5.95,-0.92,-1.74,-1.6,-2.47
6550,北極星藥業-KY,,,,40.25,+3.65,+9.97,,,,,,,,,,,,,,,,,,,,,,,,,,,,,2016Q4,,,,,,,,,,,,
6573,虹揚-KY,,,,11.25,-0.3,-2.6,,,,,,,,,,,,,,,,1.08,,,,,,,,,,,,,2016Q4,,,,,,,,,,1.49,0.67,1.08
6598,ABC-KY,,,,18.85,-0.15,-0.79,,,,,,,,,,,,,,,,,,,,,,,,,,,,,2016Q4,,,,,,,,,,,,
6645,金萬林-創,,,,21.85,+0.35,+1.63,,,,,,,,,,,,,,,,,,,,,,,,,,,,,2016Q4,,,,,,,,,,,,
6657,華安,,,,59.5,0,0,,,,,,,,,,,,,,,,,,,,,,,,,,,,,2016Q4,,,,,,,,,,,,
6668,中揚光,,,,33.95,+0.25,+0.74,,,,,,,,,,,,,,,,2.81,,,,,,,,,,,,,2016Q4,,,,,,,,,,,1.28,4.34
代號,名稱,,,,成交,漲跌 價,漲跌 幅,,,,,,,,,,,,,,,,平均 EPS (元),,,,,,,,,,,,,2016Q4,14Q1 EPS (元),14Q2 EPS (元),14Q3 EPS (元),14Q4 EPS (元),15Q1 EPS (元),15Q2 EPS (元),15Q3 EPS (元),15Q4 EPS (元),16Q1 EPS (元),16Q2 EPS (元),16Q3 EPS (元),16Q4 EPS (元)
6674,鋐寶科技,,,,16.95,+0.1,+0.59,,,,,,,,,,,,,,,,2.4,,,,,,,,,,,,,2016Q4,,,,,,,,,,,0.8,4.01
6695,芯鼎,,,,41.6,-0.05,-0.12,,,,,,,,,,,,,,,,,,,,,,,,,,,,,2016Q4,,,,,,,,,,,,
6698,旭暉應材,,,,27.2,+0.45,+1.68,,,,,,,,,,,,,,,,,,,,,,,,,,,,,2016Q4,,,,,,,,,,,,
6706,惠特,,,,66.5,-0.2,-0.3,,,,,,,,,,,,,,,,,,,,,,,,,,,,,2016Q4,,,,,,,,,,,,
6770,力積電,,,,14.1,0,0,,,,,,,,,,,,,,,,,,,,,,,,,,,,,2016Q4,,,,,,,,,,,,
6794,向榮生技-創,,,,64.8,+1.5,+2.37,,,,,,,,,,,,,,,,,,,,,,,,,,,,,2016Q4,,,,,,,,,,,,
6838,台新藥,,,,24.3,+0.15,+0.62,,,,,,,,,,,,,,,,,,,,,,,,,,,,,2016Q4,,,,,,,,,,,,
6885,全福生技,,,,23.3,-0.2,-0.85,,,,,,,,,,,,,,,,,,,,,,,,,,,,,2016Q4,,,,,,,,,,,,
6901,鑽石投資,,,,22.65,+0.6,+2.72,,,,,,,,,,,,,,,,,,,,,,,,,,,,,2016Q4,,,,,,,,,,,,
6902,GOGOLOOK-創,,,,98,-1.5,-1.51,,,,,,,,,,,,,,,,,,,,,,,,,,,,,2016Q4,,,,,,,,,,,,
6919,康霈*,,,,616,+4,+0.65,,,,,,,,,,,,,,,,,,,,,,,,,,,,,2016Q4,,,,,,,,,,,,
6928,攸泰科技,,,,44.3,-1.1,-2.42,,,,,,,,,,,,,,,,,,,,,,,,,,,,,2016Q4,,,,,,,,,,,,
6949,沛爾生醫-創,,,,125.5,+0.5,+0.4,,,,,,,,,,,,,,,,,,,,,,,,,,,,,2016Q4,,,,,,,,,,,,
6969,成信實業*-創,,,,26.75,-0.75,-2.73,,,,,,,,,,,,,,,,,,,,,,,,,,,,,2016Q4,,,,,,,,,,,,
8101,華冠,,,,16.1,0,0,,,,,,,,,,,,,,,,-0.34,,,,,,,,,,,,,2016Q4,0.2,-0.18,0.03,0.41,-0.16,-0.21,-0.23,-0.27,-0.35,-0.83,-0.91,-1.64
8110,華東,,,,11.8,-0.05,-0.42,,,,,,,,,,,,,,,,0.25,,,,,,,,,,,,,2016Q4,0.2,0.53,0.63,0.41,-0.09,-0.09,0.31,0.17,-0.16,0.19,0.22,0.67
8201,無敵,,,,11.85,+0.1,+0.85,,,,,,,,,,,,,,,,-0.58,,,,,,,,,,,,,2016Q4,-0.17,-0.87,-0.2,-1.76,-0.32,-0.66,-0.31,-1.46,0.1,-0.34,-0.68,-0.34
8411,福貞-KY,,,,12.35,+0.55,+4.66,,,,,,,,,,,,,,,,0.47,,,,,,,,,,,,,2016Q4,0.92,0.2,0.31,-0.03,0.5,0.16,0.49,0.32,0.76,0.49,0.87,0.63
代號,名稱,,,,成交,漲跌 價,漲跌 幅,,,,,,,,,,,,,,,,平均 EPS (元),,,,,,,,,,,,,2016Q4,14Q1 EPS (元),14Q2 EPS (元),14Q3 EPS (元),14Q4 EPS (元),15Q1 EPS (元),15Q2 EPS (元),15Q3 EPS (元),15Q4 EPS (元),16Q1 EPS (元),16Q2 EPS (元),16Q3 EPS (元),16Q4 EPS (元)
8429,金麗-KY,,,,8.56,0,0,,,,,,,,,,,,,,,,1.86,,,,,,,,,,,,,2016Q4,1.92,2.21,1.97,2.26,1.73,2.1,1.37,2.07,1.88,2.18,0.86,1.79
8443,阿瘦,,,,11.6,+0.05,+0.43,,,,,,,,,,,,,,,,0.31,,,,,,,,,,,,,2016Q4,0.49,0.54,0.42,0.61,0.27,0.26,0.19,0.67,0.22,0.05,-0.24,0.21
8488,吉源-KY,,,,11.85,+0.3,+2.6,,,,,,,,,,,,,,,,1.57,,,,,,,,,,,,,2016Q4,,,,5.23,,,0.61,0.67,2.04,0.09,1.4,0.98
9912,偉聯,,,,11.7,+0.05,+0.43,,,,,,,,,,,,,,,,-0.1,,,,,,,,,,,,,2016Q4,0.08,0.01,-0.3,0.2,-0.47,-0.26,-0.2,-0.15,-0.17,0,0,0
9914,美利達,,,,131.5,-1,-0.75,,,,,,,,,,,,,,,,2.32,,,,,,,,,,,,,2016Q4,2.42,2.46,3.33,3.1,2.35,1.96,3.72,2.13,1.53,1.45,1.67,1.77
9919,康那香,,,,15.55,-0.45,-2.81,,,,,,,,,,,,,,,,-0.15,,,,,,,,,,,,,2016Q4,0.08,0.02,0.07,0.13,0.03,0.07,0.03,0.08,-0.03,0.12,0.04,-2.39
9928,中視,,,,15.6,0,0,,,,,,,,,,,,,,,,-0.56,,,,,,,,,,,,,2016Q4,-0.56,-0.28,-0.49,-0.44,-1.04,-0.65,-0.4,-0.15,-0.45,-0.45,-0.49,-1.32
9929,秋雨,,,,13.75,+0.4,+3,,,,,,,,,,,,,,,,-0.24,,,,,,,,,,,,,2016Q4,-0.08,-0.34,-0.56,-0.17,-0.1,-0.33,-0.31,-1.79,-1,1.79,-0.02,0.03
9955,佳龍,,,,29.15,+2.65,+10,,,,,,,,,,,,,,,,-0.17,,,,,,,,,,,,,2016Q4,0.12,0.01,0.05,0.19,0.08,-0.35,-0.23,-0.74,-0.1,0.24,-0.19,-1.17
