代號,名稱,市 場,股價 日期,K 線,成交,漲跌 價,漲跌 幅,成交 張數,成交額 (百萬),昨收,開盤,最高,最低,振幅 (%),PER,PBR,折溢 價％,1個月 走勢圖,3個月 走勢圖,1年 走勢圖,3年 走勢圖,10年 走勢圖,平均 業外 損益 (億),17Q1 業外 損益 (億),17Q2 業外 損益 (億),17Q3 業外 損益 (億),17Q4 業外 損益 (億),18Q1 業外 損益 (億),18Q2 業外 損益 (億),18Q3 業外 損益 (億),18Q4 業外 損益 (億),19Q1 業外 損益 (億),19Q2 業外 損益 (億),19Q3 業外 損益 (億),19Q4 業外 損益 (億),季度,14Q1 業外 損益 (億),14Q2 業外 損益 (億),14Q3 業外 損益 (億),14Q4 業外 損益 (億),15Q1 業外 損益 (億),15Q2 業外 損益 (億),15Q3 業外 損益 (億),15Q4 業外 損益 (億),16Q1 業外 損益 (億),16Q2 業外 損益 (億),16Q3 業外 損益 (億),16Q4 業外 損益 (億)
1569,濱川,櫃,04/17,,55.8,-2.8,-4.78,3606,204,58.6,58.6,59.4,55,7.51,,2.35,+135,,,,,,,,,,,,,,,,,,,,,,,,,,,,,,,
1591,駿吉-KY,櫃,04/17,,41.3,-0.25,-0.6,143,5.87,41.55,42.35,42.35,40.4,4.69,,3.01,+201,,,,,,,,,,,,,,,,,,,,,,,,,,,,,,,
1595,川寶,櫃,04/17,,33,-0.35,-1.05,140,4.63,33.35,32.75,33.7,32.35,4.05,,0.62,-37.8,,,,,,,,,,,,,,,,,,,,,,,,,,,,,,,
1796,金穎生技,櫃,04/17,,47,0,0,14,0.67,47,46.95,47.5,46.95,1.17,,2.47,+147,,,,,,,,,,,,,,,,,,,,,,,,,,,,,,,
1799,易威,櫃,04/17,,58.6,-0.4,-0.68,152,8.94,59,58.7,59.7,58.1,2.71,,9.93,+893,,,,,,,,,,,,,,,,,,,,,,,,,,,,,,,
1813,寶利徠,櫃,04/17,,14.4,+0.05,+0.35,6,0.09,14.35,14.4,14.4,14.4,0,,0.93,-7.22,,,,,,,,,,,,,,,,,,,,,,,,,,,,,,,
2035,唐榮,櫃,04/17,,31.7,+1.3,+4.28,14,0.43,30.4,30.2,31.7,30.05,5.43,,2.9,+190,,,,,,,,,,,,,,,,,,,,,,,,,,,,,,,
2061,風青,櫃,04/17,,18.2,+0.15,+0.83,91,1.65,18.05,18.05,18.3,17.95,1.94,,1.56,+56.2,,,,,,,,,,,,,,,,,,,,,,,,,,,,,,,
2064,晉椿,櫃,04/17,,13.45,0,0,1,0.02,13.45,13.45,13.45,13.45,0,,0.91,-8.94,,,,,,,,,,,,,,,,,,,,,,,,,,,,,,,
2067,嘉鋼,櫃,04/17,,8.99,-0.46,-4.87,4,0.04,9.45,9.44,9.45,8.99,4.87,,1.71,+71.2,,,,,,,,,,,,,,,,,,,,,,,,,,,,,,,
2736,富野,櫃,04/17,,16.15,+0.15,+0.94,51,0.81,16,16.2,16.2,15.8,2.5,,0.77,-23,,,,,,,,,,,,,,,,,,,,,,,,,,,,,,,
2740,天蔥,櫃,04/17,,27.8,+0.9,+3.35,1,0.03,26.9,27.8,27.8,27.8,0,,4.09,+309,,,,,,,,,,,,,,,,,,,,,,,,,,,,,,,
2924,宏太-KY,櫃,04/17,,29.95,+0.15,+0.5,6,0.18,30.05,30,30,29.8,0.67,,2.9,+190,,,,,,,,,,,,,,,,,,,,,,,,,,,,,,,
3067,全域,櫃,04/17,,19.45,+0.1,+0.52,34,0.64,19.35,19.5,19.7,18.75,4.91,,1.56,+56.1,,,,,,,,,,,,,,,,,,,,,,,,,,,,,,,
3081,聯亞,櫃,04/17,,248.5,+5.5,+2.26,6801,1653,243,245,249,234,6.17,,6.1,+510,,,,,,,,,,,,,,,,,,,,,,,,,,,,,,,
3085,新零售,櫃,04/17,,17.6,-1.3,-6.88,3,0.05,18.9,17.6,17.8,17.6,1.06,,2.74,+174,,,,,,,,,,,,,,,,,,,,,,,,,,,,,,,
3115,富榮綱,櫃,04/17,,12.3,-0.65,-5.02,1,0.01,12.95,12.3,12.3,12.3,0,,2.17,+117,,,,,,,,,,,,,,,,,,,,,,,,,,,,,,,
3122,笙泉,櫃,04/17,,22.1,-0.4,-1.78,72,1.57,22.5,21.65,22.15,21.65,2.22,,2.07,+107,,,,,,,,,,,,,,,,,,,,,,,,,,,,,,,
代號,名稱,市 場,股價 日期,K 線,成交,漲跌 價,漲跌 幅,成交 張數,成交額 (百萬),昨收,開盤,最高,最低,振幅 (%),PER,PBR,折溢 價％,1個月 走勢圖,3個月 走勢圖,1年 走勢圖,3年 走勢圖,10年 走勢圖,,,,,,,,,,,,,,,,,,,,,,,,,,
3176,基亞,櫃,04/17,,29.85,-0.35,-1.16,172,5.13,30.2,30.2,30.7,29.1,5.3,,2.63,+163,,,,,,,,,,,,,,,,,,,,,,,,,,,,,,,
3191,雲嘉南,櫃,04/17,,15,0,0,0,0,15,15,15,15,0,,2.96,+196,,,,,,,,,,,,,,,,,,,,,,,,,,,,,,,
3205,佰研,櫃,04/17,,23.85,+0.25,+1.06,70,1.65,23.6,23.05,24,23.05,4.03,,1.9,+90,,,,,,,,,,,,,,,,,,,,,,,,,,,,,,,
3207,耀勝,櫃,04/17,,84.1,-0.3,-0.36,324,27.2,84.4,85.7,85.7,82.3,4.03,,2.98,+198,,,,,,,,,,,,,,,,,,,,,,,,,,,,,,,
3224,三顧,櫃,04/17,,39.15,0,0,67,2.62,39.15,39.15,39.3,38.9,1.02,,2.33,+133,,,,,,,,,,,,,,,,,,,,,,,,,,,,,,,
3228,金麗科,櫃,04/17,,155,+3,+1.97,298,45.3,152,150,155,147.5,4.93,,16.72,+1572,,,,,,,,,,,,,,,,,,,,,,,,,,,,,,,
3234,光環,櫃,04/17,,33.2,-0.4,-1.19,312,10.3,33.6,33.6,33.6,32.3,3.87,,3.86,+286,,,,,,,,,,,,,,,,,,,,,,,,,,,,,,,
3252,海灣,櫃,04/17,,19.8,+0.15,+0.76,14,0.27,19.65,19.1,19.95,19.1,4.33,,0.51,-49.2,,,,,,,,,,,,,,,,,,,,,,,,,,,,,,,
3259,鑫創,櫃,04/17,,20.8,+0.3,+1.46,17,0.35,20.5,20.5,20.8,20.5,1.46,,2.55,+155,,,,,,,,,,,,,,,,,,,,,,,,,,,,,,,
3272,東碩,櫃,04/17,,21.15,-0.35,-1.63,55,1.16,21.5,21.2,21.45,20.85,2.79,,0.84,-16.4,,,,,,,,,,,,,,,,,,,,,,,,,,,,,,,
3276,宇環,櫃,04/17,,11.3,-0.1,-0.88,78,0.89,11.4,11.55,11.6,11.3,2.63,,0.99,-1.05,,,,,,,,,,,,,,,,,,,,,,,,,,,,,,,
3288,點晶,櫃,04/17,,19.6,+0.4,+2.08,1,0.02,19.2,19.6,19.6,19.6,0,,2.91,+191,,,,,,,,,,,,,,,,,,,,,,,,,,,,,,,
3297,杭特,櫃,04/17,,31.7,-0.5,-1.55,1162,37.7,32.2,33,34,31.1,9.01,,2.03,+103,,,,,,,,,,,,,,,,,,,,,,,,,,,,,,,
3322,建舜電,櫃,04/17,,12.45,-0.15,-1.19,139,1.72,12.6,12.35,12.6,12.2,3.17,,0.93,-7.37,,,,,,,,,,,,,,,,,,,,,,,,,,,,,,,
3323,加百裕,櫃,04/17,,27.85,-0.1,-0.36,7378,212,27.95,28.4,29.7,27.85,6.62,,1.02,+1.83,,,,,,,,,,,,,,,,,,,,,,,,,,,,,,,
3325,旭品,櫃,04/17,,14.75,+0.25,+1.72,425,6.22,14.5,14.25,14.95,14.2,5.17,,1.38,+38.1,,,,,,,,,,,,,,,,,,,,,,,,,,,,,,,
3349,寶德,櫃,04/17,,18.25,0,0,0,0,18.25,18.25,18.25,18.25,0,,2.41,+141,,,,,,,,,,,,,,,,,,,,,,,,,,,,,,,
3354,律勝,櫃,04/17,,16.25,-0.3,-1.81,142,2.33,16.55,16.5,17.05,16.2,5.14,,1.32,+32.1,,,,,,,,,,,,,,,,,,,,,,,,,,,,,,,
代號,名稱,市 場,股價 日期,K 線,成交,漲跌 價,漲跌 幅,成交 張數,成交額 (百萬),昨收,開盤,最高,最低,振幅 (%),PER,PBR,折溢 價％,1個月 走勢圖,3個月 走勢圖,1年 走勢圖,3年 走勢圖,10年 走勢圖,,,,,,,,,,,,,,,,,,,,,,,,,,
3360,尚立,櫃,04/17,,12.65,0,0,209,2.63,12.65,12.8,12.8,12.3,3.95,,1.11,+11.1,,,,,,,,,,,,,,,,,,,,,,,,,,,,,,,
3363,上詮,櫃,04/17,,169,-1,-0.59,522,87.8,170,167,172,166,3.53,,6.92,+592,,,,,,,,,,,,,,,,,,,,,,,,,,,,,,,
3372,典範,櫃,04/17,,12.1,+0.1,+0.83,126,1.52,12,12,12.1,11.8,2.5,,1.24,+23.7,,,,,,,,,,,,,,,,,,,,,,,,,,,,,,,
3373,熱映,櫃,04/17,,19.9,-0.2,-1,142,2.84,20.1,19.9,20.25,19.65,2.99,,1,-0.5,,,,,,,,,,,,,,,,,,,,,,,,,,,,,,,
3466,德晉,櫃,04/17,,40.65,+2.25,+5.86,5385,216,38.4,38.8,41.8,38.6,8.33,,3.53,+253,,,,,,,,,,,,,,,,,,,,,,,,,,,,,,,
3489,森寶,櫃,04/17,,23.25,+0.75,+3.33,108,2.49,22.5,22.5,23.4,22.5,4,,1.67,+67,,,,,,,,,,,,,,,,,,,,,,,,,,,,,,,
3498,陽程,櫃,04/17,,35.15,+0.45,+1.3,414,14.5,34.7,34.8,35.5,34.35,3.31,,0.96,-4.43,,,,,,,,,,,,,,,,,,,,,,,,,,,,,,,
3508,位速,櫃,04/17,,21.05,+0.05,+0.24,64,1.33,21,21,21.05,20.7,1.67,,3.36,+236,,,,,,,,,,,,,,,,,,,,,,,,,,,,,,,
3511,矽瑪,櫃,04/17,,21.2,-0.25,-1.17,246,5.2,21.45,20.8,21.55,20.8,3.5,,1.21,+21.4,,,,,,,,,,,,,,,,,,,,,,,,,,,,,,,
3521,鴻翊,櫃,04/17,,11.95,-0.05,-0.42,55,0.65,12,11.85,12.05,11.8,2.08,,1.2,+20.5,,,,,,,,,,,,,,,,,,,,,,,,,,,,,,,
3522,御嵿,櫃,04/17,,16.1,-0.6,-3.59,116,1.86,16.7,16.25,16.25,15.85,2.4,,2.26,+126,,,,,,,,,,,,,,,,,,,,,,,,,,,,,,,
3523,迎輝,櫃,04/17,,20.1,+0.15,+0.75,6,0.12,19.95,19.95,20.15,19.95,1,,2.49,+149,,,,,,,,,,,,,,,,,,,,,,,,,,,,,,,
3540,曜越,櫃,04/17,,26.45,-0.25,-0.94,115,3.04,26.7,26.25,26.7,26,2.62,,1.06,+6.05,,,,,,,,,,,,,,,,,,,,,,,,,,,,,,,
3541,西柏,櫃,04/17,,26.85,+0.1,+0.37,12,0.32,26.75,26.7,26.85,26.7,0.56,,1.96,+95.8,,,,,,,,,,,,,,,,,,,,,,,,,,,,,,,
3555,博士旺,櫃,04/17,,28.3,+1.8,+6.79,7,0.2,26.5,26.5,28.3,26.5,6.79,,3.02,+202,,,,,,,,,,,,,,,,,,,,,,,,,,,,,,,
3609,三一東林,櫃,04/17,,43.5,-0.5,-1.14,101,4.44,44,44.7,44.7,43.15,3.52,,5.94,+494,,,,,,,,,,,,,,,,,,,,,,,,,,,,,,,
3623,富晶通,櫃,04/17,,16.5,-0.15,-0.9,53,0.87,16.65,16.55,16.7,16.15,3.3,,1.36,+36.4,,,,,,,,,,,,,,,,,,,,,,,,,,,,,,,
3625,西勝,櫃,04/17,,13.45,-0.05,-0.37,282,3.75,13.5,13.2,13.55,13.1,3.33,,2.44,+144,,,,,,,,,,,,,,,,,,,,,,,,,,,,,,,
代號,名稱,市 場,股價 日期,K 線,成交,漲跌 價,漲跌 幅,成交 張數,成交額 (百萬),昨收,開盤,最高,最低,振幅 (%),PER,PBR,折溢 價％,1個月 走勢圖,3個月 走勢圖,1年 走勢圖,3年 走勢圖,10年 走勢圖,,,,,,,,,,,,,,,,,,,,,,,,,,
3629,地心引力,櫃,04/17,,18,0,0,0,0,18,18,18,18,0,,8.18,+718,,,,,,,,,,,,,,,,,,,,,,,,,,,,,,,
3630,新鉅科,櫃,04/17,,19.2,-0.4,-2.04,518,9.99,19.6,19.6,19.6,18.9,3.57,,1.56,+56.5,,,,,,,,,,,,,,,,,,,,,,,,,,,,,,,
3631,晟楠,櫃,04/17,,27.95,-0.95,-3.29,152,4.28,28.9,29.15,29.15,27.95,4.15,,1.8,+80,,,,,,,,,,,,,,,,,,,,,,,,,,,,,,,
3632,研勤,櫃,04/17,,11.95,0,0,1,0.02,11.95,11.95,11.95,11.95,0,,3.61,+261,,,,,,,,,,,,,,,,,,,,,,,,,,,,,,,
3666,光耀,櫃,04/17,,31,+0.2,+0.65,29,0.9,30.8,30.8,31.1,30.5,1.95,,4.5,+350,,,,,,,,,,,,,,,,,,,,,,,,,,,,,,,
3672,康聯訊,櫃,04/17,,17.5,+0.1,+0.57,3,0.06,17.4,17.9,17.9,17.5,2.3,,2.02,+102,,,,,,,,,,,,,,,,,,,,,,,,,,,,,,,
3685,元創精密,櫃,04/17,,11.5,-0.25,-2.13,26,0.3,11.75,11.7,11.85,11.5,2.98,,1.14,+14.2,,,,,,,,,,,,,,,,,,,,,,,,,,,,,,,
3691,碩禾,櫃,04/17,,58.2,+1,+1.75,150,8.66,57.2,57.2,58.4,56.7,2.97,,0.83,-16.6,,,,,,,,,,,,,,,,,,,,,,,,,,,,,,,
3707,漢磊,櫃,04/17,,32.6,-0.85,-2.54,975,31.9,33.45,33.5,33.6,32.1,4.48,,1.66,+66.2,,,,,,,,,,,,,,,,,,,,,,,,,,,,,,,
3710,連展投控,櫃,04/17,,8.83,+0.02,+0.23,590,5.14,8.81,8.72,8.98,8.59,4.43,,1.48,+48.2,,,,,,,,,,,,,,,,,,,,,,,,,,,,,,,
3713,新晶投控,櫃,04/17,,18,-0.05,-0.28,45,0.8,18.05,17.85,18,17.75,1.39,,2.27,+127,,,,,,,,,,,,,,,,,,,,,,,,,,,,,,,
4120,友華,櫃,04/17,,44.2,+0.1,+0.23,7,0.33,44.1,44.1,44.85,44.1,1.7,,0.74,-25.8,,,,,,,,,,,,,,,,,,,,,,,,,,,,,,,
4121,優盛,櫃,04/17,,15.05,+1.35,+9.85,961,14.1,13.7,14.2,15.05,13.8,9.12,,0.87,-13.3,,,,,,,,,,,,,,,,,,,,,,,,,,,,,,,
4123,晟德,櫃,04/17,,35.05,+0.45,+1.3,699,24.3,34.6,34.5,35.2,34.2,2.89,,1.4,+39.9,,,,,,,,,,,,,,,,,,,,,,,,,,,,,,,
4128,中天,櫃,04/17,,24.15,+1.5,+6.62,4408,105,22.65,22.7,24.35,22.45,8.39,,1.38,+37.8,,,,,,,,,,,,,,,,,,,,,,,,,,,,,,,
4131,浩泰,櫃,04/17,,32.25,-0.25,-0.77,7,0.23,32.5,32.2,32.25,32.2,0.15,,4.18,+318,,,,,,,,,,,,,,,,,,,,,,,,,,,,,,,
4139,馬光-KY,櫃,04/17,,28.5,-0.3,-1.04,7,0.2,28.8,28.5,28.5,28.5,0,119,2.64,+164,,,,,,,,,,,,,,,,,,,,,,,,,,,,,,,
4147,中裕,櫃,04/17,,79.4,+0.5,+0.63,692,55,78.9,79.2,80.5,78,3.17,,5.39,+439,,,,,,,,,,,,,,,,,,,,,,,,,,,,,,,
代號,名稱,市 場,股價 日期,K 線,成交,漲跌 價,漲跌 幅,成交 張數,成交額 (百萬),昨收,開盤,最高,最低,振幅 (%),PER,PBR,折溢 價％,1個月 走勢圖,3個月 走勢圖,1年 走勢圖,3年 走勢圖,10年 走勢圖,,,,,,,,,,,,,,,,,,,,,,,,,,
4154,樂威科-KY,櫃,04/17,,18.25,+0.15,+0.83,15,0.27,18.1,18.1,18.25,18.1,0.83,,2.54,+154,,,,,,,,,,,,,,,,,,,,,,,,,,,,,,,
4157,太景*-KY,櫃,04/17,,9.64,+0.21,+2.23,415,3.95,9.43,9.37,9.68,9.29,4.14,,6.38,+538,,,,,,,,,,,,,,,,,,,,,,,,,,,,,,,
4168,醣聯,櫃,04/17,,16.7,-0.25,-1.47,66,1.1,16.95,16.1,17,16.1,5.31,,1.73,+73.4,,,,,,,,,,,,,,,,,,,,,,,,,,,,,,,
4171,瑞基,櫃,04/17,,18.4,0,0,85,1.54,18.4,18.2,18.4,17.95,2.45,,1.47,+47.4,,,,,,,,,,,,,,,,,,,,,,,,,,,,,,,
4174,浩鼎,櫃,04/17,,47.6,+0.1,+0.21,505,23.9,47.5,47.6,47.8,46.85,2,,3.28,+228,,,,,,,,,,,,,,,,,,,,,,,,,,,,,,,
4188,安克,櫃,04/17,,13.4,0,0,20,0.27,13.4,13.15,13.4,13.15,1.87,,1.49,+49.2,,,,,,,,,,,,,,,,,,,,,,,,,,,,,,,
4192,杏國,櫃,04/17,,28.3,+0.4,+1.43,1,0.03,27.9,28.3,28.3,28.3,0,,3.38,+238,,,,,,,,,,,,,,,,,,,,,,,,,,,,,,,
4198,欣大健康,櫃,04/17,,31.4,+0.45,+1.45,7,0.22,30.95,31.45,31.5,30,4.85,,2.9,+190,,,,,,,,,,,,,,,,,,,,,,,,,,,,,,,
4304,勝昱,櫃,04/17,,8.6,+0.11,+1.3,8,0.07,8.49,8.5,8.6,8.5,1.18,,7.89,+689,,,,,,,,,,,,,,,,,,,,,,,,,,,,,,,
4402,郡都開發,櫃,04/17,,20.4,-0.4,-1.92,57,1.17,20.8,20.8,20.8,20.1,3.37,,2.29,+129,,,,,,,,,,,,,,,,,,,,,,,,,,,,,,,
4406,新昕纖,櫃,04/17,,9.05,0,0,0,0,9.05,9.05,9.05,9.05,0,,0.8,-19.9,,,,,,,,,,,,,,,,,,,,,,,,,,,,,,,
4419,皇家美食,櫃,04/17,,48,+0.5,+1.05,5,0.25,47.5,47.5,49,47.5,3.16,,9.32,+832,,,,,,,,,,,,,,,,,,,,,,,,,,,,,,,
4430,耀億,櫃,04/17,,18.45,+0.25,+1.37,20,0.37,18.2,18.4,18.45,18.3,0.82,,0.58,-42.4,,,,,,,,,,,,,,,,,,,,,,,,,,,,,,,
4503,金雨,櫃,04/17,,43.9,+0.75,+1.74,596,26,43.15,43.65,44.55,43,3.59,,2.28,+128,,,,,,,,,,,,,,,,,,,,,,,,,,,,,,,
4513,福裕,櫃,04/17,,23.1,-0.65,-2.74,222,5.12,23.75,23.1,23.6,22.7,3.79,,1.94,+93.8,,,,,,,,,,,,,,,,,,,,,,,,,,,,,,,
4523,永彰,櫃,04/17,,29.25,-0.25,-0.85,160,4.71,29.5,29.75,29.75,29.2,1.86,,2.54,+154,,,,,,,,,,,,,,,,,,,,,,,,,,,,,,,
4529,淳紳,櫃,04/17,,4.81,-0.04,-0.82,29,0.14,4.85,4.41,4.85,4.41,9.07,,1.38,+37.8,,,,,,,,,,,,,,,,,,,,,,,,,,,,,,,
4530,宏易,櫃,04/17,,11.85,+0.15,+1.28,12,0.14,11.7,11.85,12.05,11.8,2.14,,3.26,+226,,,,,,,,,,,,,,,,,,,,,,,,,,,,,,,
代號,名稱,市 場,股價 日期,K 線,成交,漲跌 價,漲跌 幅,成交 張數,成交額 (百萬),昨收,開盤,最高,最低,振幅 (%),PER,PBR,折溢 價％,1個月 走勢圖,3個月 走勢圖,1年 走勢圖,3年 走勢圖,10年 走勢圖,,,,,,,,,,,,,,,,,,,,,,,,,,
4577,達航科技,櫃,04/17,,18,-0.7,-3.74,51,0.93,18.7,18.4,18.95,18,5.08,,0.9,-10.5,,,,,,,,,,,,,,,,,,,,,,,,,,,,,,,
4609,唐鋒,櫃,04/17,,7.51,-0.32,-4.09,18,0.14,7.83,8.06,8.06,7.5,7.15,,2.33,+133,,,,,,,,,,,,,,,,,,,,,,,,,,,,,,,
4726,永昕,櫃,04/17,,32.2,+0.2,+0.62,136,4.34,32,32,32.25,30.9,4.22,,3.3,+230,,,,,,,,,,,,,,,,,,,,,,,,,,,,,,,
4743,合一,櫃,04/17,,61.5,+1.1,+1.82,1992,123,60.4,59.9,62.7,59.4,5.46,,2.39,+139,,,,,,,,,,,,,,,,,,,,,,,,,,,,,,,
4804,大略-KY,櫃,04/17,,3.58,+0.2,+5.92,52,0.19,3.38,3.38,3.6,3.38,6.51,,4.26,+326,,,,,,,,,,,,,,,,,,,,,,,,,,,,,,,
4806,桂田文創,櫃,04/17,,9.15,-0.23,-2.45,4,0.04,9.38,9.38,9.7,9.15,5.86,,2.68,+168,,,,,,,,,,,,,,,,,,,,,,,,,,,,,,,
4923,力士,櫃,04/17,,30.7,+0.7,+2.33,71,2.1,30,29,30.95,29,6.5,,1.75,+74.9,,,,,,,,,,,,,,,,,,,,,,,,,,,,,,,
4946,辣椒,櫃,04/17,,118,-3,-2.48,465,55.5,121,121.5,127,112,12.4,,21.57,+2057,,,,,,,,,,,,,,,,,,,,,,,,,,,,,,,
4950,金耘國際,櫃,04/17,,18.25,+0.2,+1.11,2493,44.8,18.05,17.5,18.3,17.45,4.71,,4.72,+372,,,,,,,,,,,,,,,,,,,,,,,,,,,,,,,
4971,IET-KY,櫃,04/17,,116.5,+2.5,+2.19,3356,389,114,115,119.5,111.5,7.02,,2.52,+152,,,,,,,,,,,,,,,,,,,,,,,,,,,,,,,
4991,環宇-KY,櫃,04/17,,98,-2,-2,15402,1516,100,100,101,95.4,5.6,,3.64,+264,,,,,,,,,,,,,,,,,,,,,,,,,,,,,,,
5011,久陽,櫃,04/17,,14.15,-0.55,-3.74,265,3.75,14.7,14.55,14.55,13.75,5.44,,0.64,-35.5,,,,,,,,,,,,,,,,,,,,,,,,,,,,,,,
5205,中茂,櫃,04/17,,36.4,-0.75,-2.02,13,0.49,37.15,37.15,38.45,36.4,5.52,,3.75,+275,,,,,,,,,,,,,,,,,,,,,,,,,,,,,,,
5210,寶碩,櫃,04/17,,28.25,+2.55,+9.92,2667,75,25.7,28.25,28.25,25.95,8.95,,3.14,+214,,,,,,,,,,,,,,,,,,,,,,,,,,,,,,,
5211,蒙恬,櫃,04/17,,22.8,-0.6,-2.56,11,0.25,23.4,23.5,23.5,22.8,2.99,,1.96,+95.5,,,,,,,,,,,,,,,,,,,,,,,,,,,,,,,
5223,安力-KY,櫃,04/17,,24,+0.7,+3,13,0.31,23.3,23.3,24.1,23.25,3.65,,0.53,-47.1,,,,,,,,,,,,,,,,,,,,,,,,,,,,,,,
5227,立凱-KY,櫃,04/17,,30.25,-0.5,-1.63,105,3.15,30.75,30.4,30.45,29.8,2.11,,3.95,+295,,,,,,,,,,,,,,,,,,,,,,,,,,,,,,,
5228,鈺鎧,櫃,04/17,,15.2,-0.1,-0.65,1,0.02,15.3,15.2,15.2,15.2,0,,1.12,+11.8,,,,,,,,,,,,,,,,,,,,,,,,,,,,,,,
代號,名稱,市 場,股價 日期,K 線,成交,漲跌 價,漲跌 幅,成交 張數,成交額 (百萬),昨收,開盤,最高,最低,振幅 (%),PER,PBR,折溢 價％,1個月 走勢圖,3個月 走勢圖,1年 走勢圖,3年 走勢圖,10年 走勢圖,,,,,,,,,,,,,,,,,,,,,,,,,,
5245,智晶,櫃,04/17,,22.15,+0.25,+1.14,58,1.27,21.9,21.65,22.15,21.2,4.34,,1.09,+9.06,,,,,,,,,,,,,,,,,,,,,,,,,,,,,,,
5272,笙科,櫃,04/17,,19.75,-0.05,-0.25,178,3.53,19.8,18.85,20.55,18.85,8.59,,1.09,+8.94,,,,,,,,,,,,,,,,,,,,,,,,,,,,,,,
5301,寶得利,櫃,04/17,,6.03,-0.2,-3.21,109,0.65,6.23,5.89,6.23,5.89,5.46,,1.34,+34,,,,,,,,,,,,,,,,,,,,,,,,,,,,,,,
5302,太欣,櫃,04/17,,7.32,-0.18,-2.4,82,0.6,7.5,7.1,7.53,7.1,5.73,,0.92,-8.04,,,,,,,,,,,,,,,,,,,,,,,,,,,,,,,
5345,天揚,櫃,04/17,,23.4,-0.25,-1.06,6,0.14,23.65,23.7,23.7,23.1,2.54,,3.9,+290,,,,,,,,,,,,,,,,,,,,,,,,,,,,,,,
5348,正能量智能,櫃,04/17,,21.55,-1.15,-5.07,19,0.41,22.7,22.8,22.8,20.75,9.03,,2.31,+131,,,,,,,,,,,,,,,,,,,,,,,,,,,,,,,
5351,鈺創,櫃,04/17,,23.5,+0.05,+0.21,480,11.2,23.45,23.5,23.7,23,2.99,,1.84,+83.7,,,,,,,,,,,,,,,,,,,,,,,,,,,,,,,
5355,佳總,櫃,04/17,,8.39,-0.09,-1.06,18,0.15,8.48,8.21,8.39,8.21,2.12,,1.48,+48.5,,,,,,,,,,,,,,,,,,,,,,,,,,,,,,,
5364,力麗店,櫃,04/17,,21.5,-1.25,-5.49,37,0.81,22.75,23,23,21.5,6.59,,1.78,+78.4,,,,,,,,,,,,,,,,,,,,,,,,,,,,,,,
5468,凱鈺,櫃,04/17,,17.2,0,0,5,0.09,17.2,17,17.2,16.9,1.74,,2.18,+118,,,,,,,,,,,,,,,,,,,,,,,,,,,,,,,
5475,德宏,櫃,04/17,,10.9,+0.05,+0.46,79,0.85,10.85,10.85,10.95,10.7,2.3,,1.53,+52.7,,,,,,,,,,,,,,,,,,,,,,,,,,,,,,,
5481,新華,櫃,04/17,,28.25,-0.05,-0.18,679,19.4,28.3,29,29.3,28.15,4.06,,1.52,+52.4,,,,,,,,,,,,,,,,,,,,,,,,,,,,,,,
5487,通泰,櫃,04/17,,30,-0.05,-0.17,1,0.03,30.05,30,30,30,0,,1.36,+36.1,,,,,,,,,,,,,,,,,,,,,,,,,,,,,,,
5516,雙喜,櫃,04/17,,17.5,0,0,0,0,17.5,17.5,17.5,17.5,0,,2.08,+108,,,,,,,,,,,,,,,,,,,,,,,,,,,,,,,
5529,鉅陞,櫃,04/17,,30.4,-0.6,-1.94,81,2.46,31,30.6,30.6,30.2,1.29,,2.42,+142,,,,,,,,,,,,,,,,,,,,,,,,,,,,,,,
5543,桓鼎-KY,櫃,04/17,,18.45,-0.45,-2.38,15,0.26,18.9,17.05,18.45,17.05,7.41,,1.88,+88.3,,,,,,,,,,,,,,,,,,,,,,,,,,,,,,,
5701,劍湖山,櫃,04/17,,5.48,-0.15,-2.66,18,0.1,5.63,5.25,5.53,5.25,4.97,,1.32,+32.4,,,,,,,,,,,,,,,,,,,,,,,,,,,,,,,
5905,南仁湖,櫃,04/17,,12.1,0,0,364,4.39,12.1,12.15,12.15,11.9,2.07,,1.16,+16.1,,,,,,,,,,,,,,,,,,,,,,,,,,,,,,,
代號,名稱,市 場,股價 日期,K 線,成交,漲跌 價,漲跌 幅,成交 張數,成交額 (百萬),昨收,開盤,最高,最低,振幅 (%),PER,PBR,折溢 價％,1個月 走勢圖,3個月 走勢圖,1年 走勢圖,3年 走勢圖,10年 走勢圖,,,,,,,,,,,,,,,,,,,,,,,,,,
6109,亞元,櫃,04/17,,9.2,+0.1,+1.1,37,0.33,9.1,9,9.2,8.86,3.74,,0.97,-3.06,,,,,,,,,,,,,,,,,,,,,,,,,,,,,,,
6113,亞矽,櫃,04/17,,20.55,-1.15,-5.3,1053,21.8,21.7,21.5,21.95,20.1,8.53,,1.86,+86.1,,,,,,,,,,,,,,,,,,,,,,,,,,,,,,,
6124,業強,櫃,04/17,,23.3,-0.45,-1.89,55,1.26,23.75,23.1,23.45,22.45,4.21,,1.29,+29.2,,,,,,,,,,,,,,,,,,,,,,,,,,,,,,,
6125,廣運,櫃,04/17,,59.9,0,0,1654,98.4,59.9,59.3,60.5,58.2,3.84,,3.41,+241,,,,,,,,,,,,,,,,,,,,,,,,,,,,,,,
6127,九豪,櫃,04/17,,17,-0.05,-0.29,313,5.28,17.05,17.15,17.25,16.6,3.81,,1.62,+62.1,,,,,,,,,,,,,,,,,,,,,,,,,,,,,,,
6129,普誠,櫃,04/17,,11.95,-0.15,-1.24,263,3.13,12.1,11.9,12.05,11.8,2.07,,1.16,+15.8,,,,,,,,,,,,,,,,,,,,,,,,,,,,,,,
6130,上亞科技,櫃,04/17,,37.1,+1.7,+4.8,444,16.6,35.4,35.85,38.55,35.8,7.77,,2.63,+163,,,,,,,,,,,,,,,,,,,,,,,,,,,,,,,
6144,得利影,櫃,04/17,,23.2,+0.2,+0.87,24,0.54,23,23.2,23.25,22,5.43,,2.83,+183,,,,,,,,,,,,,,,,,,,,,,,,,,,,,,,
6150,撼訊,櫃,04/17,,57.9,+0.8,+1.4,110,6.19,57.1,56.7,57.9,55.3,4.55,,1.93,+93.1,,,,,,,,,,,,,,,,,,,,,,,,,,,,,,,
6160,欣技,櫃,04/17,,17.35,-0.15,-0.86,452,7.82,17.5,17.6,17.75,16.95,4.57,,1.63,+63.4,,,,,,,,,,,,,,,,,,,,,,,,,,,,,,,
6169,昱泉,櫃,04/17,,18.9,0,0,38,0.7,18.9,18.4,18.95,18.2,3.97,,1.51,+51.3,,,,,,,,,,,,,,,,,,,,,,,,,,,,,,,
6179,亞通,櫃,04/17,,23,-0.2,-0.86,201,4.63,23.2,23.15,23.2,22.7,2.16,460,1.12,+12.1,,,,,,,,,,,,,,,,,,,,,,,,,,,,,,,
6198,瑞築,櫃,04/17,,34.25,+0.6,+1.78,4,0.14,33.65,33.65,34.9,33.65,3.71,,1.22,+22.5,,,,,,,,,,,,,,,,,,,,,,,,,,,,,,,
6210,慶生,櫃,04/17,,18.15,+0.05,+0.28,9,0.16,18.1,18.05,18.55,18.05,2.76,,1.35,+35.2,,,,,,,,,,,,,,,,,,,,,,,,,,,,,,,
6217,中探針,櫃,04/17,,26.15,+0.45,+1.75,254,6.56,25.7,25.3,26.2,25.2,3.89,,1,-0.46,,,,,,,,,,,,,,,,,,,,,,,,,,,,,,,
6218,豪勉,櫃,04/17,,18.55,+0.3,+1.64,72,1.3,18.25,17.95,18.55,17.75,4.38,,1.33,+32.9,,,,,,,,,,,,,,,,,,,,,,,,,,,,,,,
6222,立軒,櫃,04/17,,23.7,0,0,0,0,23.7,23.7,23.7,23.7,0,,3.54,+254,,,,,,,,,,,,,,,,,,,,,,,,,,,,,,,
6228,全譜,櫃,04/17,,49.95,-5.55,-10,4279,237,55.5,61,61,49.95,19.9,,4.73,+373,,,,,,,,,,,,,,,,,,,,,,,,,,,,,,,
代號,名稱,市 場,股價 日期,K 線,成交,漲跌 價,漲跌 幅,成交 張數,成交額 (百萬),昨收,開盤,最高,最低,振幅 (%),PER,PBR,折溢 價％,1個月 走勢圖,3個月 走勢圖,1年 走勢圖,3年 走勢圖,10年 走勢圖,,,,,,,,,,,,,,,,,,,,,,,,,,
6236,中湛,櫃,04/17,,28.9,0,0,0,0,28.95,28.9,28.9,28.9,0,,7.81,+681,,,,,,,,,,,,,,,,,,,,,,,,,,,,,,,
6237,驊訊,櫃,04/17,,33.75,-0.65,-1.89,401,13.5,34.4,34.1,34.4,33.2,3.49,,1.64,+63.8,,,,,,,,,,,,,,,,,,,,,,,,,,,,,,,
6241,易通展,櫃,04/17,,12.25,-0.05,-0.41,47,0.57,12.3,12.05,12.3,11.75,4.47,,1.64,+64.2,,,,,,,,,,,,,,,,,,,,,,,,,,,,,,,
6246,臺龍,櫃,04/17,,12.8,0,0,27,0.34,12.8,12.8,13.05,12.75,2.34,,1.25,+24.8,,,,,,,,,,,,,,,,,,,,,,,,,,,,,,,
6276,安鈦克,櫃,04/17,,37.35,-1.15,-2.99,61,2.26,38.5,37.2,38.05,36.3,4.55,,3.95,+295,,,,,,,,,,,,,,,,,,,,,,,,,,,,,,,
6287,元隆,櫃,04/17,,8.9,-0.1,-1.11,35,0.31,9,9,9,8.9,1.11,,14.35,+1335,,,,,,,,,,,,,,,,,,,,,,,,,,,,,,,
6441,廣錠,櫃,04/17,,23.7,-0.2,-0.84,39,0.93,23.9,23.6,23.9,23.55,1.46,,0.98,-2.11,,,,,,,,,,,,,,,,,,,,,,,,,,,,,,,
6461,益得,櫃,04/17,,18.1,-0.8,-4.23,100,1.82,18.9,18.7,18.7,18.1,3.17,,3.07,+207,,,,,,,,,,,,,,,,,,,,,,,,,,,,,,,
6462,神盾,櫃,04/17,,98.7,+1.5,+1.54,970,94.7,97.2,97.4,99.4,95.7,3.81,,1.38,+37.6,,,,,,,,,,,,,,,,,,,,,,,,,,,,,,,
6465,威潤,櫃,04/17,,14.05,-0.05,-0.35,19,0.27,14.1,14.1,14.1,13.9,1.42,,1.61,+61.5,,,,,,,,,,,,,,,,,,,,,,,,,,,,,,,
6485,點序,櫃,04/17,,50.9,-1.1,-2.12,176,8.98,52,51.4,51.9,50.6,2.5,,1.25,+25.2,,,,,,,,,,,,,,,,,,,,,,,,,,,,,,,
6492,生華科,櫃,04/17,,32.85,+0.1,+0.31,65,2.13,32.75,32.25,33.1,32,3.36,,2.85,+185,,,,,,,,,,,,,,,,,,,,,,,,,,,,,,,
6496,科懋,櫃,04/17,,26.45,+0.25,+0.95,9,0.24,26.2,26.2,26.45,26.2,0.95,,1.25,+24.7,,,,,,,,,,,,,,,,,,,,,,,,,,,,,,,
6499,益安,櫃,04/17,,47.3,+1.1,+2.38,272,12.8,46.2,45.8,48.5,45.25,7.03,,2.87,+187,,,,,,,,,,,,,,,,,,,,,,,,,,,,,,,
6512,啟發電,櫃,04/17,,20.35,-0.35,-1.69,14,0.29,20.7,20.65,20.65,20.35,1.45,,1.38,+37.5,,,,,,,,,,,,,,,,,,,,,,,,,,,,,,,
6535,順藥,櫃,04/17,,157.5,-0.5,-0.32,142,22.3,158,155,159.5,155,2.85,,13.91,+1291,,,,,,,,,,,,,,,,,,,,,,,,,,,,,,,
6547,高端疫苗,櫃,04/17,,51,+2.75,+5.7,7694,384,48.25,48.95,52.2,47.3,10.2,,4.36,+336,,,,,,,,,,,,,,,,,,,,,,,,,,,,,,,
6560,欣普羅,櫃,04/17,,31.35,-2.25,-6.7,282,9.01,33.6,33.6,33.6,31,7.74,,1.82,+81.6,,,,,,,,,,,,,,,,,,,,,,,,,,,,,,,
代號,名稱,市 場,股價 日期,K 線,成交,漲跌 價,漲跌 幅,成交 張數,成交額 (百萬),昨收,開盤,最高,最低,振幅 (%),PER,PBR,折溢 價％,1個月 走勢圖,3個月 走勢圖,1年 走勢圖,3年 走勢圖,10年 走勢圖,,,,,,,,,,,,,,,,,,,,,,,,,,
6576,逸達,櫃,04/17,,64.5,+0.4,+0.62,108,6.85,64.1,63.4,64.5,62.9,2.5,,6.24,+524,,,,,,,,,,,,,,,,,,,,,,,,,,,,,,,
6588,東典光電,櫃,04/17,,27.5,-0.15,-0.54,156,4.17,27.65,26.8,27.7,26,6.15,,1.15,+14.9,,,,,,,,,,,,,,,,,,,,,,,,,,,,,,,
6589,台康生技,櫃,04/17,,63.2,+1.1,+1.77,205,12.9,62.1,61.2,63.7,61.2,4.03,,2.09,+109,,,,,,,,,,,,,,,,,,,,,,,,,,,,,,,
6616,特昇-KY,櫃,04/17,,10.05,+0.05,+0.5,22,0.22,10,9.99,10.05,9.95,1,,0.81,-19,,,,,,,,,,,,,,,,,,,,,,,,,,,,,,,
6617,共信-KY,櫃,04/17,,82.6,+4.8,+6.17,351,29.2,77.8,80.1,85.5,80.1,6.94,,3.35,+235,,,,,,,,,,,,,,,,,,,,,,,,,,,,,,,
6649,台生材,櫃,04/17,,37,+0.5,+1.37,93,3.48,36.5,36.95,37.9,36.6,3.56,,2.48,+148,,,,,,,,,,,,,,,,,,,,,,,,,,,,,,,
6654,天正國際,櫃,04/17,,68,-0.4,-0.58,48,3.28,68.4,67.7,68.4,67.3,1.61,,2.86,+186,,,,,,,,,,,,,,,,,,,,,,,,,,,,,,,
6684,安格,櫃,04/17,,41.75,+0.1,+0.24,86,3.59,41.65,41.1,42.35,40.85,3.6,,1.16,+15.6,,,,,,,,,,,,,,,,,,,,,,,,,,,,,,,
6708,天擎,櫃,04/17,,40.35,0,0,0,0.01,40.35,40.35,40.35,40.35,0,,3,+200,,,,,,,,,,,,,,,,,,,,,,,,,,,,,,,
6733,博晟生醫,櫃,04/17,,26.6,+0.05,+0.19,47,1.25,26.55,25.85,26.65,25.85,3.01,,4.04,+304,,,,,,,,,,,,,,,,,,,,,,,,,,,,,,,
6767,台微醫,櫃,04/17,,29.5,0,0,0,0,29.5,29.5,29.5,29.5,0,,1.95,+95.2,,,,,,,,,,,,,,,,,,,,,,,,,,,,,,,
6804,明係,櫃,04/17,,22.55,+0.05,+0.22,2,0.05,22.5,22.05,22.55,22.05,2.22,,0.65,-35.3,,,,,,,,,,,,,,,,,,,,,,,,,,,,,,,
6823,濾能,櫃,04/17,,41.05,-0.85,-2.03,6,0.25,41.9,41,41.05,40.55,1.19,,1.95,+94.9,,,,,,,,,,,,,,,,,,,,,,,,,,,,,,,
6872,浩宇生醫,櫃,04/17,,24.8,+0.2,+0.81,53,1.31,24.6,24.6,24.8,24.25,2.24,,3.21,+221,,,,,,,,,,,,,,,,,,,,,,,,,,,,,,,
6875,國邑*,櫃,04/17,,47.5,+0.7,+1.5,23,1.06,46.8,45.3,47.5,45.2,4.91,,3.16,+216,,,,,,,,,,,,,,,,,,,,,,,,,,,,,,,
6929,佑全,櫃,04/17,,32.8,-0.2,-0.61,19,0.61,33,32,32.95,31.1,5.61,,1.32,+32,,,,,,,,,,,,,,,,,,,,,,,,,,,,,,,
8024,佑華,櫃,04/17,,13.85,+1.25,+9.92,583,8.04,12.6,13,13.85,13,6.75,,1.16,+15.7,,,,,,,,,,,,,,,,,,,,,,,,,,,,,,,
8027,鈦昇,櫃,04/17,,77.1,0,0,924,70.8,77.1,75.8,78.3,75.4,3.76,,2.89,+189,,,,,,,,,,,,,,,,,,,,,,,,,,,,,,,
代號,名稱,市 場,股價 日期,K 線,成交,漲跌 價,漲跌 幅,成交 張數,成交額 (百萬),昨收,開盤,最高,最低,振幅 (%),PER,PBR,折溢 價％,1個月 走勢圖,3個月 走勢圖,1年 走勢圖,3年 走勢圖,10年 走勢圖,,,,,,,,,,,,,,,,,,,,,,,,,,
8038,長園科,櫃,04/17,,20.5,+0.55,+2.76,81,1.64,19.95,20,20.5,20,2.51,,3.16,+216,,,,,,,,,,,,,,,,,,,,,,,,,,,,,,,
8040,九暘,櫃,04/17,,51.5,-1.7,-3.2,154,7.95,53.2,53.1,53.2,50.9,4.32,,1.98,+98.5,,,,,,,,,,,,,,,,,,,,,,,,,,,,,,,
8044,網家,櫃,04/17,,35.75,+0.3,+0.85,235,8.32,35.45,35.3,35.75,34.85,2.54,,0.87,-12.5,,,,,,,,,,,,,,,,,,,,,,,,,,,,,,,
8047,星雲,櫃,04/17,,13.05,-0.25,-1.88,44,0.57,13.3,13.3,13.3,12.7,4.51,,1.25,+24.5,,,,,,,,,,,,,,,,,,,,,,,,,,,,,,,
8054,安國,櫃,04/17,,73.5,-0.1,-0.14,838,61.2,73.6,73,74.6,71.5,4.21,,3.12,+212,,,,,,,,,,,,,,,,,,,,,,,,,,,,,,,
8059,凱碩,櫃,04/17,,22.15,-0.2,-0.89,62,1.38,22.35,22.85,22.85,22,3.8,,2.7,+170,,,,,,,,,,,,,,,,,,,,,,,,,,,,,,,
8067,志旭,櫃,04/17,,14.05,+0.05,+0.36,3,0.05,14,14,14.05,14,0.36,,1.83,+82.7,,,,,,,,,,,,,,,,,,,,,,,,,,,,,,,
8071,能率網通,櫃,04/17,,17.8,-0.1,-0.56,543,9.63,17.9,17.7,17.95,17.5,2.51,,1.38,+38.1,,,,,,,,,,,,,,,,,,,,,,,,,,,,,,,
8080,泰霖,櫃,04/17,,28.8,+0.05,+0.17,17,0.5,28.75,29.2,29.2,28.75,1.57,,3.85,+285,,,,,,,,,,,,,,,,,,,,,,,,,,,,,,,
8085,福華,櫃,04/17,,20.75,-0.3,-1.43,488,10.1,21.05,21.05,21.1,20.35,3.56,,1.68,+67.7,,,,,,,,,,,,,,,,,,,,,,,,,,,,,,,
8092,建暐,櫃,04/17,,15.1,-0.05,-0.33,125,1.9,15.15,15.05,15.3,15,1.98,,1.56,+55.5,,,,,,,,,,,,,,,,,,,,,,,,,,,,,,,
8093,保銳,櫃,04/17,,14.9,-0.85,-5.4,57,0.85,15.75,15.25,15.25,14.8,2.86,,2.86,+186,,,,,,,,,,,,,,,,,,,,,,,,,,,,,,,
8171,天宇,櫃,04/17,,38.6,+0.45,+1.18,766,29.4,38.15,37.85,39.4,37.5,4.98,,1.86,+86.3,,,,,,,,,,,,,,,,,,,,,,,,,,,,,,,
8277,商丞,櫃,04/17,,9.3,-0.03,-0.32,125,1.16,9.33,9.33,9.34,9.22,1.29,,1.76,+76.1,,,,,,,,,,,,,,,,,,,,,,,,,,,,,,,
8291,尚茂,櫃,04/17,,4.57,-0.43,-8.6,11,0.05,5,4.98,4.98,4.57,8.2,,2.75,+175,,,,,,,,,,,,,,,,,,,,,,,,,,,,,,,
8421,旭源,櫃,04/17,,12,+0.05,+0.42,12,0.15,11.95,11.95,12.05,11.95,0.84,600,0.84,-16.1,,,,,,,,,,,,,,,,,,,,,,,,,,,,,,,
8444,綠河-KY,櫃,04/17,,18.05,-0.05,-0.28,16,0.29,18.1,18,18.45,18,2.49,,1.8,+80.3,,,,,,,,,,,,,,,,,,,,,,,,,,,,,,,
8450,霹靂,櫃,04/17,,17.6,+0.1,+0.57,34,0.61,17.5,17.9,17.9,17.5,2.29,,1.29,+29.4,,,,,,,,,,,,,,,,,,,,,,,,,,,,,,,
代號,名稱,市 場,股價 日期,K 線,成交,漲跌 價,漲跌 幅,成交 張數,成交額 (百萬),昨收,開盤,最高,最低,振幅 (%),PER,PBR,折溢 價％,1個月 走勢圖,3個月 走勢圖,1年 走勢圖,3年 走勢圖,10年 走勢圖,,,,,,,,,,,,,,,,,,,,,,,,,,
8455,大拓-KY,櫃,04/17,,21.9,-0.7,-3.1,6,0.13,22.6,20.8,21.95,20.8,5.09,,1.11,+11.2,,,,,,,,,,,,,,,,,,,,,,,,,,,,,,,
8472,夠麻吉,櫃,04/17,,24.5,-0.85,-3.35,8,0.2,25.35,24.2,25,24.2,3.16,,1.52,+52.5,,,,,,,,,,,,,,,,,,,,,,,,,,,,,,,
8477,創業家,櫃,04/17,,12.3,-0.4,-3.15,37,0.45,12.7,12.65,12.65,12,5.12,,1.96,+96.5,,,,,,,,,,,,,,,,,,,,,,,,,,,,,,,
8489,三貝德,櫃,04/17,,30.9,+0.4,+1.31,37,1.14,30.5,30.6,30.9,30.45,1.48,,2.7,+170,,,,,,,,,,,,,,,,,,,,,,,,,,,,,,,
8906,花王,櫃,04/17,,24.65,+0.15,+0.61,24,0.6,24.5,24.55,25.1,24.55,2.24,,2.21,+121,,,,,,,,,,,,,,,,,,,,,,,,,,,,,,,
8921,沈氏,櫃,04/17,,21.1,-1.4,-6.22,107,2.34,22.5,21.4,23.5,20.9,11.6,,1.01,+1.2,,,,,,,,,,,,,,,,,,,,,,,,,,,,,,,
8933,愛地雅,櫃,04/17,,6.98,-0.12,-1.69,72,0.5,7.1,7,7.09,6.81,3.94,,1.04,+4.18,,,,,,,,,,,,,,,,,,,,,,,,,,,,,,,
8935,邦泰,櫃,04/17,,14.3,0,0,84,1.18,14.3,14.15,14.3,13.85,3.15,,1.68,+67.8,,,,,,,,,,,,,,,,,,,,,,,,,,,,,,,
9949,琉園,櫃,04/17,,19.55,+1.1,+5.96,3,0.06,18.45,19.7,19.7,19.55,0.81,,2.66,+166,,,,,,,,,,,,,,,,,,,,,,,,,,,,,,,
1569,濱川,,,,55.8,-2.8,-4.78,,,,,,,,,,,,,,,,-0.22,-0.04,-0.21,-0.12,-0.31,-0.33,-0.14,-0.4,-0.21,-0.12,-0.16,-0.16,-0.47,2019Q4,,,,,,,,,,,,
1591,駿吉-KY,,,,41.3,-0.25,-0.6,,,,,,,,,,,,,,,,0.02,0.05,-0.03,-0.03,0.02,0.01,-0.01,0,-0.02,0.09,0,0.21,-0.03,2019Q4,,,,,,,,,,,,
1595,川寶,,,,33,-0.35,-1.05,,,,,,,,,,,,,,,,0.16,-0.29,0.05,0,1.83,-0.22,0.56,0.1,0.09,0.06,0.09,-0.05,-0.33,2019Q4,,,,,,,,,,,,
1796,金穎生技,,,,47,0,0,,,,,,,,,,,,,,,,0,-0.02,0.01,0.01,0.01,-0.01,0.04,0.01,0.01,-0.02,-0.02,-0.03,-0.03,2019Q4,,,,,,,,,,,,
1799,易威,,,,58.6,-0.4,-0.68,,,,,,,,,,,,,,,,-0.04,-0.05,0.06,-0.01,-0.02,0.01,0.01,0.11,0,-0.04,-0.03,-0.03,-0.41,2019Q4,,,,,,,,,,,,
1813,寶利徠,,,,14.4,+0.05,+0.35,,,,,,,,,,,,,,,,0.11,-0.03,0.15,0.08,-0.04,0.03,0.41,0.14,0.16,0.15,0.16,0.14,0.02,2019Q4,,,,,,,,,,,,
2035,唐榮,,,,31.7,+1.3,+4.28,,,,,,,,,,,,,,,,0.9,0.03,0.42,0.19,0.03,-0.05,0.02,0.34,-0.81,3,0.39,7.62,-0.39,2019Q4,,,,,,,,,,,,
2061,風青,,,,18.2,+0.15,+0.83,,,,,,,,,,,,,,,,0,0.05,-0.03,0.02,0.14,0.01,0,-0.13,-0.02,0.02,0.01,-0.06,-0.01,2019Q4,,,,,,,,,,,,
2064,晉椿,,,,13.45,0,0,,,,,,,,,,,,,,,,-0.05,-0.62,0.07,-0.06,-0.16,-0.28,0.48,-0.08,0.02,0.08,0.07,0,-0.17,2019Q4,,,,,,,,,,,,
2067,嘉鋼,,,,8.99,-0.46,-4.87,,,,,,,,,,,,,,,,-0.02,-0.03,-0.04,-0.03,-0.02,-0.02,0.13,0.01,0,0.03,0.06,-0.26,-0.14,2019Q4,,,,,,,,,,,,
2736,富野,,,,16.15,+0.15,+0.94,,,,,,,,,,,,,,,,-0.01,-0.02,0.03,-0.02,-0.1,0,0.01,-0.02,-0.02,-0.06,-0.05,0.09,0.01,2019Q4,,,,,,,,,,,,
2740,天蔥,,,,27.8,+0.9,+3.35,,,,,,,,,,,,,,,,-0.02,-0.11,0.01,0,-0.1,0.07,-0.02,-0.04,-0.09,-0.03,0.01,0,0.01,2019Q4,,,,,,,,,,,,
2924,宏太-KY,,,,29.95,+0.15,+0.5,,,,,,,,,,,,,,,,-0.04,-0.12,0,-0.22,0,0,-0.06,-0.05,-0.03,0,0.03,-0.02,0.02,2019Q4,,,,,,,,,,,,
3067,全域,,,,19.45,+0.1,+0.52,,,,,,,,,,,,,,,,0.01,0.04,-0.01,-0.03,-0.02,-0.04,0.05,0.04,-0.04,-0.01,0.04,0.1,0,2019Q4,,,,,,,,,,,,
3081,聯亞,,,,248.5,+5.5,+2.26,,,,,,,,,,,,,,,,0.03,-0.16,0.09,0.03,0.03,-0.07,0.29,0.09,0.07,0.06,0.05,0.02,-0.08,2019Q4,,,,,,,,,,,,
3085,新零售,,,,17.6,-1.3,-6.88,,,,,,,,,,,,,,,,-0.19,-0.01,0.02,0.01,-0.55,0.02,0.02,0,-0.91,0,-0.05,-0.01,-0.8,2019Q4,,,,,,,,,,,,
3115,富榮綱,,,,12.3,-0.65,-5.02,,,,,,,,,,,,,,,,-0.01,0.04,-0.05,0,-0.01,-0.02,0.1,-0.04,-0.07,-0.01,0.02,0.01,-0.06,2019Q4,,,,,,,,,,,,
3122,笙泉,,,,22.1,-0.4,-1.78,,,,,,,,,,,,,,,,0.02,0.01,0.04,0.02,0.01,0.05,0,0.05,0.02,0.01,0,0,0,2019Q4,,,,,,,,,,,,
代號,名稱,,,,成交,漲跌 價,漲跌 幅,,,,,,,,,,,,,,,,平均 業外 損益 (億),17Q1 業外 損益 (億),17Q2 業外 損益 (億),17Q3 業外 損益 (億),17Q4 業外 損益 (億),18Q1 業外 損益 (億),18Q2 業外 損益 (億),18Q3 業外 損益 (億),18Q4 業外 損益 (億),19Q1 業外 損益 (億),19Q2 業外 損益 (億),19Q3 業外 損益 (億),19Q4 業外 損益 (億),2019Q4,,,,,,,,,,,,
3176,基亞,,,,29.85,-0.35,-1.16,,,,,,,,,,,,,,,,-0.11,0.21,0.03,0.05,-0.88,-0.02,0.07,0,-0.27,-0.04,1.2,-0.19,-1.52,2019Q4,,,,,,,,,,,,
3191,雲嘉南,,,,15,0,0,,,,,,,,,,,,,,,,0.18,-0.08,0,0,-0.07,0,0.04,0.01,-0.02,-0.03,0,2.45,-0.14,2019Q4,,,,,,,,,,,,
3205,佰研,,,,23.85,+0.25,+1.06,,,,,,,,,,,,,,,,-0.02,-0.32,0.06,0.01,-0.17,-0.08,0.26,0.04,0.01,0.03,0.04,0.01,-0.14,2019Q4,,,,,,,,,,,,
3207,耀勝,,,,84.1,-0.3,-0.36,,,,,,,,,,,,,,,,-0.02,-0.1,-0.03,-0.01,-0.04,-0.11,0.12,0.13,-0.12,-0.04,0.07,0.04,-0.09,2019Q4,,,,,,,,,,,,
3224,三顧,,,,39.15,0,0,,,,,,,,,,,,,,,,0.01,-0.08,0.01,-0.01,0.04,0.01,0.04,0.08,0.03,0.01,-0.01,-0.01,-0.03,2019Q4,,,,,,,,,,,,
3228,金麗科,,,,155,+3,+1.97,,,,,,,,,,,,,,,,0,-0.03,0,0,-0.01,-0.01,0.05,0.01,0,0,0.01,0,-0.02,2019Q4,,,,,,,,,,,,
3234,光環,,,,33.2,-0.4,-1.19,,,,,,,,,,,,,,,,-0.1,-0.44,-0.12,-0.12,-0.35,-0.16,0.17,0,0.02,-0.02,-0.02,-0.01,-0.11,2019Q4,,,,,,,,,,,,
3252,海灣,,,,19.8,+0.15,+0.76,,,,,,,,,,,,,,,,-0.12,-0.19,-0.2,-0.09,-0.24,-0.02,-0.15,-0.15,-0.04,-0.02,-0.1,-0.15,-0.06,2019Q4,,,,,,,,,,,,
3259,鑫創,,,,20.8,+0.3,+1.46,,,,,,,,,,,,,,,,0,-0.04,0.01,0,-0.01,-0.02,0.04,0.01,0,0,0.01,0,-0.02,2019Q4,,,,,,,,,,,,
3272,東碩,,,,21.15,-0.35,-1.63,,,,,,,,,,,,,,,,0.06,-0.2,0.03,-0.01,0.01,-0.1,0.42,0.33,0.14,-0.15,0.27,0.13,-0.16,2019Q4,,,,,,,,,,,,
3276,宇環,,,,11.3,-0.1,-0.88,,,,,,,,,,,,,,,,0.08,-0.04,-0.01,0.03,0.01,-0.01,0.13,0.19,-0.11,0.11,0.15,0.15,0.37,2019Q4,,,,,,,,,,,,
3288,點晶,,,,19.6,+0.4,+2.08,,,,,,,,,,,,,,,,0.02,-0.05,0.02,0.07,0.03,0.07,-0.03,-0.01,0.04,0.06,-0.03,0.01,0.05,2019Q4,,,,,,,,,,,,
3297,杭特,,,,31.7,-0.5,-1.55,,,,,,,,,,,,,,,,0.05,-0.05,0.05,0.02,0.01,0.01,0.19,0.06,0.03,0.1,0.07,0.06,0.04,2019Q4,,,,,,,,,,,,
3322,建舜電,,,,12.45,-0.15,-1.19,,,,,,,,,,,,,,,,0.31,-0.3,-0.11,-0.05,-0.16,-0.21,0.35,4.11,0.07,-0.03,0.19,0.15,-0.3,2019Q4,,,,,,,,,,,,
3323,加百裕,,,,27.85,-0.1,-0.36,,,,,,,,,,,,,,,,0.06,-0.17,0.17,0.14,0.07,0.06,0.31,-0.01,0.11,0.15,0.13,-0.02,-0.24,2019Q4,,,,,,,,,,,,
3325,旭品,,,,14.75,+0.25,+1.72,,,,,,,,,,,,,,,,-0.01,-0.19,-0.01,-0.01,-0.07,-0.08,0.17,0.11,-0.01,-0.07,0.13,0.12,-0.16,2019Q4,,,,,,,,,,,,
3349,寶德,,,,18.25,0,0,,,,,,,,,,,,,,,,0.04,,,,,,,,,,,,0.04,2019Q4,,,,,,,,,,,,
3354,律勝,,,,16.25,-0.3,-1.81,,,,,,,,,,,,,,,,0.03,-0.25,0.05,0.01,-0.04,-0.15,0.46,0.08,0.09,0.12,0.12,0.02,-0.18,2019Q4,,,,,,,,,,,,
代號,名稱,,,,成交,漲跌 價,漲跌 幅,,,,,,,,,,,,,,,,平均 業外 損益 (億),17Q1 業外 損益 (億),17Q2 業外 損益 (億),17Q3 業外 損益 (億),17Q4 業外 損益 (億),18Q1 業外 損益 (億),18Q2 業外 損益 (億),18Q3 業外 損益 (億),18Q4 業外 損益 (億),19Q1 業外 損益 (億),19Q2 業外 損益 (億),19Q3 業外 損益 (億),19Q4 業外 損益 (億),2019Q4,,,,,,,,,,,,
3360,尚立,,,,12.65,0,0,,,,,,,,,,,,,,,,-0.26,-0.26,-0.11,-0.14,-0.15,-0.11,-0.16,-0.27,-0.36,-0.37,-0.41,-0.43,-0.39,2019Q4,,,,,,,,,,,,
3363,上詮,,,,169,-1,-0.59,,,,,,,,,,,,,,,,0.06,0.17,-0.09,-0.08,-0.16,0.02,0.32,0.17,0.08,0.75,0.09,-0.34,-0.25,2019Q4,,,,,,,,,,,,
3372,典範,,,,12.1,+0.1,+0.83,,,,,,,,,,,,,,,,0.01,-0.49,0.05,0,0.06,-0.11,0.31,0.05,0.1,0.06,0.1,0.04,-0.07,2019Q4,,,,,,,,,,,,
3373,熱映,,,,19.9,-0.2,-1,,,,,,,,,,,,,,,,0,-0.17,0.04,0.02,-0.03,-0.03,0.11,-0.01,0.02,0.04,0.03,0.03,-0.04,2019Q4,,,,,,,,,,,,
3466,德晉,,,,40.65,+2.25,+5.86,,,,,,,,,,,,,,,,0.02,-0.22,0.04,0.03,-0.11,-0.1,0.37,0.05,0.11,-0.01,0.21,0.07,-0.21,2019Q4,,,,,,,,,,,,
3489,森寶,,,,23.25,+0.75,+3.33,,,,,,,,,,,,,,,,-0.03,-0.26,-0.02,-0.01,-0.01,-0.01,0.01,0.01,0,0,0,0.01,0,2019Q4,,,,,,,,,,,,
3498,陽程,,,,35.15,+0.45,+1.3,,,,,,,,,,,,,,,,0.04,-0.37,0.15,-0.01,-0.08,-0.13,0.43,0.29,0.47,-0.04,-0.01,0.05,-0.3,2019Q4,,,,,,,,,,,,
3508,位速,,,,21.05,+0.05,+0.24,,,,,,,,,,,,,,,,0.11,-0.5,0.16,0.06,0.35,-0.12,0.21,0.88,0.49,0.46,-0.48,0.04,-0.22,2019Q4,,,,,,,,,,,,
3511,矽瑪,,,,21.2,-0.25,-1.17,,,,,,,,,,,,,,,,-0.07,-0.16,0.01,-0.03,-0.54,-0.03,0.08,-0.05,0.06,-0.01,0.01,-0.03,-0.17,2019Q4,,,,,,,,,,,,
3521,鴻翊,,,,11.95,-0.05,-0.42,,,,,,,,,,,,,,,,-0.01,-0.03,-0.01,-0.01,-0.02,-0.02,0.03,-0.01,-0.01,-0.01,0.03,-0.02,-0.03,2019Q4,,,,,,,,,,,,
3522,御嵿,,,,16.1,-0.6,-3.59,,,,,,,,,,,,,,,,0.1,-0.07,-0.05,0.15,0.06,0.05,0.25,0.17,0.97,0.07,0.05,0.06,-0.56,2019Q4,,,,,,,,,,,,
3523,迎輝,,,,20.1,+0.15,+0.75,,,,,,,,,,,,,,,,0.31,-0.32,-0.2,4.58,-0.2,0.08,0.01,-0.11,-0.03,0.01,0,-0.04,-0.05,2019Q4,,,,,,,,,,,,
3540,曜越,,,,26.45,-0.25,-0.94,,,,,,,,,,,,,,,,-0.01,-0.19,0.11,0.04,-0.02,-0.04,0.17,-0.01,0,0.01,0.14,-0.14,-0.16,2019Q4,,,,,,,,,,,,
3541,西柏,,,,26.85,+0.1,+0.37,,,,,,,,,,,,,,,,-0.01,-0.27,0.09,0.03,-0.08,-0.11,0.25,0.03,0.02,0.05,0.06,-0.02,-0.19,2019Q4,,,,,,,,,,,,
3555,博士旺,,,,28.3,+1.8,+6.79,,,,,,,,,,,,,,,,0.14,0.07,0.24,0.18,0.65,0.05,-0.08,0.32,0,0.04,-0.18,0.1,0.29,2019Q4,,,,,,,,,,,,
3609,三一東林,,,,43.5,-0.5,-1.14,,,,,,,,,,,,,,,,0.01,-0.03,0,0.03,-0.01,0.02,0.03,0.07,0.03,0.04,0.05,-0.01,-0.05,2019Q4,,,,,,,,,,,,
3623,富晶通,,,,16.5,-0.15,-0.9,,,,,,,,,,,,,,,,0.01,-0.13,0.03,0.01,-0.04,0,0.1,-0.01,0.05,0.06,0.04,0,-0.05,2019Q4,,,,,,,,,,,,
3625,西勝,,,,13.45,-0.05,-0.37,,,,,,,,,,,,,,,,-0.01,-0.11,-0.02,0,-0.04,-0.01,0.06,-0.01,0.03,-0.02,0.09,0.09,-0.16,2019Q4,,,,,,,,,,,,
代號,名稱,,,,成交,漲跌 價,漲跌 幅,,,,,,,,,,,,,,,,平均 業外 損益 (億),17Q1 業外 損益 (億),17Q2 業外 損益 (億),17Q3 業外 損益 (億),17Q4 業外 損益 (億),18Q1 業外 損益 (億),18Q2 業外 損益 (億),18Q3 業外 損益 (億),18Q4 業外 損益 (億),19Q1 業外 損益 (億),19Q2 業外 損益 (億),19Q3 業外 損益 (億),19Q4 業外 損益 (億),2019Q4,,,,,,,,,,,,
3629,地心引力,,,,18,0,0,,,,,,,,,,,,,,,,-0.02,-0.04,-0.25,-0.02,0,0.02,0.01,0,0,0,0,0,0.01,2019Q4,,,,,,,,,,,,
3630,新鉅科,,,,19.2,-0.4,-2.04,,,,,,,,,,,,,,,,0.25,0.64,0.21,0.08,0.01,-0.02,0.76,0.27,0.2,0.2,0.54,0.11,0.04,2019Q4,,,,,,,,,,,,
3631,晟楠,,,,27.95,-0.95,-3.29,,,,,,,,,,,,,,,,0.04,-0.15,0.09,0.1,0.03,0.04,0.2,-0.04,0.13,0.09,0.04,-0.05,0.04,2019Q4,,,,,,,,,,,,
3632,研勤,,,,11.95,0,0,,,,,,,,,,,,,,,,-0.02,-0.08,0.01,0.08,0.1,0.04,0,-0.04,-0.05,-0.06,-0.05,-0.02,-0.17,2019Q4,,,,,,,,,,,,
3666,光耀,,,,31,+0.2,+0.65,,,,,,,,,,,,,,,,-0.01,-0.29,0.1,0.09,0.06,0.04,0.06,-0.1,0.02,0.09,-0.06,-0.08,-0.06,2019Q4,,,,,,,,,,,,
3672,康聯訊,,,,17.5,+0.1,+0.57,,,,,,,,,,,,,,,,-0.02,-0.07,0.04,0.01,-0.02,-0.06,0.01,-0.03,0,-0.03,-0.01,0.01,-0.06,2019Q4,,,,,,,,,,,,
3685,元創精密,,,,11.5,-0.25,-2.13,,,,,,,,,,,,,,,,0.08,-0.15,0,-0.01,0.53,0.07,0.1,0.03,0.15,-0.03,0.11,0.04,0.07,2019Q4,,,,,,,,,,,,
3691,碩禾,,,,58.2,+1,+1.75,,,,,,,,,,,,,,,,-1.28,-1.93,1.81,-0.64,-0.77,0.76,-0.41,-3.92,-8.86,1.71,-2.1,0.27,-1.23,2019Q4,,,,,,,,,,,,
3707,漢磊,,,,32.6,-0.85,-2.54,,,,,,,,,,,,,,,,-0.03,-0.54,-0.01,0.07,0,-0.05,0.22,0.03,0.14,-0.03,0.02,-0.06,-0.13,2019Q4,,,,,,,,,,,,
3710,連展投控,,,,8.83,+0.02,+0.23,,,,,,,,,,,,,,,,0.13,0,0,0,0.03,-0.36,0.14,0.89,0.31,-0.59,0.43,0.51,0.21,2019Q4,,,,,,,,,,,,
3713,新晶投控,,,,18,-0.05,-0.28,,,,,,,,,,,,,,,,0.02,,,,,,,,-0.05,0.15,0,0,0,2019Q4,,,,,,,,,,,,
4120,友華,,,,44.2,+0.1,+0.23,,,,,,,,,,,,,,,,0.12,0.22,0.17,0.28,0.3,0.54,-0.58,-0.18,0.36,0.25,-0.2,-0.31,0.54,2019Q4,,,,,,,,,,,,
4121,優盛,,,,15.05,+1.35,+9.85,,,,,,,,,,,,,,,,0.11,0.11,0.36,0.1,0.07,0.1,0.11,0,0.08,0.1,0.03,-0.02,0.29,2019Q4,,,,,,,,,,,,
4123,晟德,,,,35.05,+0.45,+1.3,,,,,,,,,,,,,,,,7.68,-0.4,-0.36,1.07,5.04,5.21,2.94,19.9,56.9,-3.76,5.19,1.74,-1.27,2019Q4,,,,,,,,,,,,
4128,中天,,,,24.15,+1.5,+6.62,,,,,,,,,,,,,,,,0.04,8.02,-0.65,2.91,-2.91,-1.07,-0.56,-2.02,-2.31,-0.02,-0.84,1.07,-1.14,2019Q4,,,,,,,,,,,,
4131,浩泰,,,,32.25,-0.25,-0.77,,,,,,,,,,,,,,,,0.01,0,-0.01,0.01,0,0,0.01,0.01,-0.02,0.02,0.02,0.06,-0.02,2019Q4,,,,,,,,,,,,
4139,馬光-KY,,,,28.5,-0.3,-1.04,,,,,,,,,,,,,,,,0.1,0.03,0.06,0.02,0.04,0.04,0.02,0.3,0.13,-0.06,0.05,0,0.56,2019Q4,,,,,,,,,,,,
4147,中裕,,,,79.4,+0.5,+0.63,,,,,,,,,,,,,,,,-0.14,-0.11,0.2,0.01,0.1,0.4,1.98,-2.06,-0.33,-0.25,-0.09,-0.74,-0.81,2019Q4,,,,,,,,,,,,
代號,名稱,,,,成交,漲跌 價,漲跌 幅,,,,,,,,,,,,,,,,平均 業外 損益 (億),17Q1 業外 損益 (億),17Q2 業外 損益 (億),17Q3 業外 損益 (億),17Q4 業外 損益 (億),18Q1 業外 損益 (億),18Q2 業外 損益 (億),18Q3 業外 損益 (億),18Q4 業外 損益 (億),19Q1 業外 損益 (億),19Q2 業外 損益 (億),19Q3 業外 損益 (億),19Q4 業外 損益 (億),2019Q4,,,,,,,,,,,,
4154,樂威科-KY,,,,18.25,+0.15,+0.83,,,,,,,,,,,,,,,,0.01,0.03,0.02,0.05,-0.03,0.09,0.03,-0.02,-0.01,-0.01,0,-0.03,-0.03,2019Q4,,,,,,,,,,,,
4157,太景*-KY,,,,9.64,+0.21,+2.23,,,,,,,,,,,,,,,,0.32,-0.05,5.24,0.26,-0.58,0.21,-0.37,-0.58,-0.12,0.05,1.39,-0.37,-1.2,2019Q4,,,,,,,,,,,,
4168,醣聯,,,,16.7,-0.25,-1.47,,,,,,,,,,,,,,,,0.04,0.02,0.04,0.05,0.05,0.06,0.04,0.04,-0.11,0.08,0.05,0.05,0.06,2019Q4,,,,,,,,,,,,
4171,瑞基,,,,18.4,0,0,,,,,,,,,,,,,,,,-0.01,-0.09,0.01,-0.01,-0.15,-0.06,0.13,0.02,0.07,0.01,0,-0.03,-0.03,2019Q4,,,,,,,,,,,,
4174,浩鼎,,,,47.6,+0.1,+0.21,,,,,,,,,,,,,,,,-0.13,-1.96,0.35,0.1,-0.37,-0.51,1.64,0.17,0.42,0.38,0.42,0.07,-2.31,2019Q4,,,,,,,,,,,,
4188,安克,,,,13.4,0,0,,,,,,,,,,,,,,,,0.04,0.01,0.01,0.01,0.01,0.32,0.03,0.02,0.01,0.01,0.01,0.03,0.03,2019Q4,,,,,,,,,,,,
4192,杏國,,,,28.3,+0.4,+1.43,,,,,,,,,,,,,,,,0.01,-0.03,0.04,0.02,0,0,0.01,0.01,0.05,0.01,0.02,0.02,0.04,2019Q4,,,,,,,,,,,,
4198,欣大健康,,,,31.4,+0.45,+1.45,,,,,,,,,,,,,,,,-0.03,-0.08,0,0.02,0.02,-0.05,0.15,-0.03,-0.07,0,-0.01,-0.02,-0.25,2019Q4,,,,,,,,,,,,
4304,勝昱,,,,8.6,+0.11,+1.3,,,,,,,,,,,,,,,,-0.05,-0.02,-0.02,-0.01,-0.15,-0.01,0.01,-0.05,-0.03,-0.02,-0.06,-0.09,-0.11,2019Q4,,,,,,,,,,,,
4402,郡都開發,,,,20.4,-0.4,-1.92,,,,,,,,,,,,,,,,0.29,-0.06,-0.01,-0.03,0.57,-0.05,-0.45,-0.29,0.05,3.99,-0.04,-0.18,-0.07,2019Q4,,,,,,,,,,,,
4406,新昕纖,,,,9.05,0,0,,,,,,,,,,,,,,,,0.02,-0.05,0.04,0.03,-0.01,-0.03,0.09,0.03,-0.03,0.04,0.14,0,-0.01,2019Q4,,,,,,,,,,,,
4419,皇家美食,,,,48,+0.5,+1.05,,,,,,,,,,,,,,,,0.07,-0.01,1.04,-0.2,-0.01,0.01,0,0,0,0,0,0,0,2019Q4,,,,,,,,,,,,
4430,耀億,,,,18.45,+0.25,+1.37,,,,,,,,,,,,,,,,0.47,-0.28,0.03,-0.01,-0.03,0.01,0.21,0.11,-0.05,0.01,0.06,5.66,-0.07,2019Q4,,,,,,,,,,,,
4503,金雨,,,,43.9,+0.75,+1.74,,,,,,,,,,,,,,,,0,-0.06,0.01,0.01,-0.01,-0.03,0.07,0.01,0.01,0.01,0.01,0,-0.01,2019Q4,,,,,,,,,,,,
4513,福裕,,,,23.1,-0.65,-2.74,,,,,,,,,,,,,,,,0,-0.18,-0.02,0.09,0.12,-0.09,0.12,0.03,-0.04,-0.04,-0.02,-0.05,0.06,2019Q4,,,,,,,,,,,,
4523,永彰,,,,29.25,-0.25,-0.85,,,,,,,,,,,,,,,,0.03,-0.19,0.19,0.13,-0.06,0.1,0.31,0.02,0.13,0.01,0.03,-0.12,-0.12,2019Q4,,,,,,,,,,,,
4529,淳紳,,,,4.81,-0.04,-0.82,,,,,,,,,,,,,,,,-0.79,-0.69,-0.77,-0.81,-1.62,-0.62,-0.29,-0.41,-0.25,-0.36,-0.22,-0.7,-2.73,2019Q4,,,,,,,,,,,,
4530,宏易,,,,11.85,+0.15,+1.28,,,,,,,,,,,,,,,,0.01,-0.13,0.03,0.01,0.02,0.13,0.04,0,0.05,0,0.01,0,-0.02,2019Q4,,,,,,,,,,,,
代號,名稱,,,,成交,漲跌 價,漲跌 幅,,,,,,,,,,,,,,,,平均 業外 損益 (億),17Q1 業外 損益 (億),17Q2 業外 損益 (億),17Q3 業外 損益 (億),17Q4 業外 損益 (億),18Q1 業外 損益 (億),18Q2 業外 損益 (億),18Q3 業外 損益 (億),18Q4 業外 損益 (億),19Q1 業外 損益 (億),19Q2 業外 損益 (億),19Q3 業外 損益 (億),19Q4 業外 損益 (億),2019Q4,,,,,,,,,,,,
4577,達航科技,,,,18,-0.7,-3.74,,,,,,,,,,,,,,,,0.07,,,,,,,,,,,,0.07,2019Q4,,,,,,,,,,,,
4609,唐鋒,,,,7.51,-0.32,-4.09,,,,,,,,,,,,,,,,0.09,-0.02,0.12,0.13,0.13,0.1,0.11,0.04,0.12,0.14,0.16,0.09,-0.02,2019Q4,,,,,,,,,,,,
4726,永昕,,,,32.2,+0.2,+0.62,,,,,,,,,,,,,,,,-0.04,-0.04,0.08,0.03,-0.91,-0.07,0.23,0.04,0.16,0.04,0.02,-0.01,-0.05,2019Q4,,,,,,,,,,,,
4743,合一,,,,61.5,+1.1,+1.82,,,,,,,,,,,,,,,,-0.12,-0.07,-0.05,0.02,-0.07,-0.3,0.07,-0.8,-0.1,0.07,-0.15,0.31,-0.38,2019Q4,,,,,,,,,,,,
4804,大略-KY,,,,3.58,+0.2,+5.92,,,,,,,,,,,,,,,,-0.17,0.04,0.1,0.07,-0.28,0.07,-0.11,-0.82,-0.93,-0.02,0.04,-0.1,-0.1,2019Q4,,,,,,,,,,,,
4806,桂田文創,,,,9.15,-0.23,-2.45,,,,,,,,,,,,,,,,-0.25,-0.1,0,-0.04,-1.28,-0.01,-0.11,-0.08,-0.8,-0.02,-0.05,-0.05,-0.51,2019Q4,,,,,,,,,,,,
4923,力士,,,,30.7,+0.7,+2.33,,,,,,,,,,,,,,,,0.01,,,,,,,,,,,,0.01,2019Q4,,,,,,,,,,,,
4946,辣椒,,,,118,-3,-2.48,,,,,,,,,,,,,,,,0.08,0.02,0.56,0.19,0.17,-0.06,0.41,0.01,-0.04,0.1,-0.09,-0.1,-0.23,2019Q4,,,,,,,,,,,,
4950,金耘國際,,,,18.25,+0.2,+1.11,,,,,,,,,,,,,,,,-0.14,-0.18,-0.18,0.23,0.09,-0.09,0.41,0.28,-0.06,-0.65,-0.11,0.19,-1.6,2019Q4,,,,,,,,,,,,
4971,IET-KY,,,,116.5,+2.5,+2.19,,,,,,,,,,,,,,,,0,0.02,0.01,0,0,-0.03,0,0,0.01,-0.01,0.01,-0.01,0,2019Q4,,,,,,,,,,,,
4991,環宇-KY,,,,98,-2,-2,,,,,,,,,,,,,,,,0,0.29,-0.56,0.24,-0.23,-0.02,0.03,0,0.03,0.04,0.05,0.06,0.04,2019Q4,,,,,,,,,,,,
5011,久陽,,,,14.15,-0.55,-3.74,,,,,,,,,,,,,,,,0.01,-0.06,-0.01,0,-0.01,-0.04,0.04,0.02,0,-0.04,0.04,0.09,0.03,2019Q4,,,,,,,,,,,,
5205,中茂,,,,36.4,-0.75,-2.02,,,,,,,,,,,,,,,,0.02,0.02,0,0,0,0.16,0,0,0.06,0.01,-0.01,0,0.01,2019Q4,,,,,,,,,,,,
5210,寶碩,,,,28.25,+2.55,+9.92,,,,,,,,,,,,,,,,0.04,0.01,0.02,-0.12,0.06,0.03,0.02,0.02,0.14,0.12,0.06,0.05,0.04,2019Q4,,,,,,,,,,,,
5211,蒙恬,,,,22.8,-0.6,-2.56,,,,,,,,,,,,,,,,0.01,-0.03,0.01,0.01,0,-0.01,0.08,0.04,0.02,0.02,-0.02,0,-0.03,2019Q4,,,,,,,,,,,,
5223,安力-KY,,,,24,+0.7,+3,,,,,,,,,,,,,,,,0.01,0.1,-0.08,-0.06,-0.05,-0.15,0.16,0.22,0.03,-0.09,0,0.03,0.05,2019Q4,,,,,,,,,,,,
5227,立凱-KY,,,,30.25,-0.5,-1.63,,,,,,,,,,,,,,,,-0.58,-0.36,0.1,0.68,-0.62,-0.5,-1.72,-1.71,-0.95,0.02,-1.32,-0.34,-0.25,2019Q4,,,,,,,,,,,,
5228,鈺鎧,,,,15.2,-0.1,-0.65,,,,,,,,,,,,,,,,-0.04,,,,,,,,,,,,-0.04,2019Q4,,,,,,,,,,,,
代號,名稱,,,,成交,漲跌 價,漲跌 幅,,,,,,,,,,,,,,,,平均 業外 損益 (億),17Q1 業外 損益 (億),17Q2 業外 損益 (億),17Q3 業外 損益 (億),17Q4 業外 損益 (億),18Q1 業外 損益 (億),18Q2 業外 損益 (億),18Q3 業外 損益 (億),18Q4 業外 損益 (億),19Q1 業外 損益 (億),19Q2 業外 損益 (億),19Q3 業外 損益 (億),19Q4 業外 損益 (億),2019Q4,,,,,,,,,,,,
5245,智晶,,,,22.15,+0.25,+1.14,,,,,,,,,,,,,,,,0.02,-0.02,-0.01,-0.02,0.01,-0.01,0.09,0,0.02,0.06,0.01,0.06,0.01,2019Q4,,,,,,,,,,,,
5272,笙科,,,,19.75,-0.05,-0.25,,,,,,,,,,,,,,,,0.02,-0.04,0.04,0.06,-0.01,-0.01,0.05,0.09,0,-0.01,-0.02,0.13,-0.02,2019Q4,,,,,,,,,,,,
5301,寶得利,,,,6.03,-0.2,-3.21,,,,,,,,,,,,,,,,-0.15,0.02,0,-0.06,-1.25,0,0.04,0.04,0.05,0,-0.37,-0.11,-0.13,2019Q4,,,,,,,,,,,,
5302,太欣,,,,7.32,-0.18,-2.4,,,,,,,,,,,,,,,,0.09,0.5,0.04,0.03,0.03,0.03,0.03,0.15,0.06,0.07,0.04,0.03,0.04,2019Q4,,,,,,,,,,,,
5345,天揚,,,,23.4,-0.25,-1.06,,,,,,,,,,,,,,,,-0.01,0.32,-0.11,0.24,-0.37,0.09,0.07,-0.16,0.03,0.34,-0.27,-0.01,-0.29,2019Q4,,,,,,,,,,,,
5348,正能量智能,,,,21.55,-1.15,-5.07,,,,,,,,,,,,,,,,0,-0.02,0.02,0.02,-0.01,0.01,0,0,0.01,0.01,0.01,0,-0.02,2019Q4,,,,,,,,,,,,
5351,鈺創,,,,23.5,+0.05,+0.21,,,,,,,,,,,,,,,,-0.08,-0.99,0.07,0.13,0.03,-0.11,0.15,-0.07,-0.23,-0.17,0.14,0.02,0.02,2019Q4,,,,,,,,,,,,
5355,佳總,,,,8.39,-0.09,-1.06,,,,,,,,,,,,,,,,-0.01,-0.23,0.02,-0.04,-0.08,-0.14,0.35,0.06,0,0,0.04,-0.01,-0.15,2019Q4,,,,,,,,,,,,
5364,力麗店,,,,21.5,-1.25,-5.49,,,,,,,,,,,,,,,,-0.03,-0.01,-0.06,-0.01,-0.01,-0.01,-0.03,-0.01,-0.02,-0.06,-0.04,-0.03,-0.06,2019Q4,,,,,,,,,,,,
5468,凱鈺,,,,17.2,0,0,,,,,,,,,,,,,,,,-0.07,-0.02,0.01,0.01,-0.09,0.01,0.02,0.06,-0.13,0.01,0,0.07,-0.79,2019Q4,,,,,,,,,,,,
5475,德宏,,,,10.9,+0.05,+0.46,,,,,,,,,,,,,,,,-0.02,-0.06,-0.07,0.12,-0.03,-0.1,0.24,-0.14,-0.06,0.03,0.01,-0.04,-0.2,2019Q4,,,,,,,,,,,,
5481,新華,,,,28.25,-0.05,-0.18,,,,,,,,,,,,,,,,0.19,0.27,0.02,0.06,-0.29,0.01,2.86,0.69,-0.06,0.1,-1.12,-0.01,-0.28,2019Q4,,,,,,,,,,,,
5487,通泰,,,,30,-0.05,-0.17,,,,,,,,,,,,,,,,0.04,-0.09,0.01,0.03,0.01,0,0.05,0,0,0.28,0.31,-0.02,-0.03,2019Q4,,,,,,,,,,,,
5516,雙喜,,,,17.5,0,0,,,,,,,,,,,,,,,,0,0.02,0.04,-0.01,0.02,0.01,-0.02,-0.03,0.05,-0.02,-0.03,-0.04,-0.03,2019Q4,,,,,,,,,,,,
5529,鉅陞,,,,30.4,-0.6,-1.94,,,,,,,,,,,,,,,,-0.08,-0.13,-0.08,-0.12,-0.08,-0.09,-0.09,-0.07,-0.04,-0.13,-0.13,-0.06,0.03,2019Q4,,,,,,,,,,,,
5543,桓鼎-KY,,,,18.45,-0.45,-2.38,,,,,,,,,,,,,,,,-0.01,0,-0.03,-0.04,-0.09,-0.04,0.01,0.03,0,-0.04,0.02,0.04,-0.04,2019Q4,,,,,,,,,,,,
5701,劍湖山,,,,5.48,-0.15,-2.66,,,,,,,,,,,,,,,,-0.19,-0.37,-0.52,-0.19,-0.19,0.21,-0.15,-0.24,0.14,-0.33,-0.28,-0.13,-0.18,2019Q4,,,,,,,,,,,,
5905,南仁湖,,,,12.1,0,0,,,,,,,,,,,,,,,,0.05,-0.03,-0.18,0.13,-0.18,0.04,0.05,0.02,0.49,0.05,0.27,0.04,-0.13,2019Q4,,,,,,,,,,,,
代號,名稱,,,,成交,漲跌 價,漲跌 幅,,,,,,,,,,,,,,,,平均 業外 損益 (億),17Q1 業外 損益 (億),17Q2 業外 損益 (億),17Q3 業外 損益 (億),17Q4 業外 損益 (億),18Q1 業外 損益 (億),18Q2 業外 損益 (億),18Q3 業外 損益 (億),18Q4 業外 損益 (億),19Q1 業外 損益 (億),19Q2 業外 損益 (億),19Q3 業外 損益 (億),19Q4 業外 損益 (億),2019Q4,,,,,,,,,,,,
6109,亞元,,,,9.2,+0.1,+1.1,,,,,,,,,,,,,,,,0.02,-0.04,0.02,0.02,0.09,-0.04,0.06,0.05,0.02,-0.05,0.03,0.07,-0.03,2019Q4,,,,,,,,,,,,
6113,亞矽,,,,20.55,-1.15,-5.3,,,,,,,,,,,,,,,,0.02,-0.04,0.04,0.05,0.02,-0.02,0.02,0,0.03,0.09,0.09,0.13,-0.12,2019Q4,,,,,,,,,,,,
6124,業強,,,,23.3,-0.45,-1.89,,,,,,,,,,,,,,,,-0.02,-0.52,0.01,0.05,-0.18,-0.14,0.31,0.45,-0.27,0.2,0.11,0.05,-0.25,2019Q4,,,,,,,,,,,,
6125,廣運,,,,59.9,0,0,,,,,,,,,,,,,,,,0.91,-0.9,-2.53,2.11,-1.85,1.13,-1.31,0.06,-2.96,0.42,18.9,-0.04,-2,2019Q4,,,,,,,,,,,,
6127,九豪,,,,17,-0.05,-0.29,,,,,,,,,,,,,,,,-0.11,-0.05,-0.08,-0.08,-0.11,-0.02,-0.08,-0.12,-0.19,-0.11,-0.12,-0.19,-0.15,2019Q4,,,,,,,,,,,,
6129,普誠,,,,11.95,-0.15,-1.24,,,,,,,,,,,,,,,,0.03,-0.04,-0.02,0.13,0.02,0.09,0.16,-0.2,-0.05,0.24,-0.07,0.15,0,2019Q4,,,,,,,,,,,,
6130,上亞科技,,,,37.1,+1.7,+4.8,,,,,,,,,,,,,,,,0.01,0.03,0.02,0.03,0.03,0.01,0.02,0.01,-0.01,0,-0.01,0,0.01,2019Q4,,,,,,,,,,,,
6144,得利影,,,,23.2,+0.2,+0.87,,,,,,,,,,,,,,,,-0.01,0.04,0.03,0.01,0.01,0.01,0.01,0.02,-0.03,0.01,-0.05,0.01,-0.19,2019Q4,,,,,,,,,,,,
6150,撼訊,,,,57.9,+0.8,+1.4,,,,,,,,,,,,,,,,-0.02,-0.1,0.01,0.01,-0.01,-0.02,0.03,-0.03,-0.05,-0.02,-0.02,-0.03,-0.02,2019Q4,,,,,,,,,,,,
6160,欣技,,,,17.35,-0.15,-0.86,,,,,,,,,,,,,,,,-0.01,-0.14,0.03,0.01,-0.03,-0.01,0.06,-0.01,0.02,0.02,0,-0.01,-0.05,2019Q4,,,,,,,,,,,,
6169,昱泉,,,,18.9,0,0,,,,,,,,,,,,,,,,0.01,-0.01,0,0,0.01,0.01,0.06,-0.06,-0.12,0.11,0,0.09,0.03,2019Q4,,,,,,,,,,,,
6179,亞通,,,,23,-0.2,-0.86,,,,,,,,,,,,,,,,-0.03,-0.03,-0.04,-0.05,-0.08,-0.1,0.32,-0.18,-0.07,0.01,-0.03,-0.03,-0.14,2019Q4,,,,,,,,,,,,
6198,瑞築,,,,34.25,+0.6,+1.78,,,,,,,,,,,,,,,,0,0,0.01,0.04,-0.03,0,0.01,0.01,0.01,0.01,0.01,0,0,2019Q4,,,,,,,,,,,,
6210,慶生,,,,18.15,+0.05,+0.28,,,,,,,,,,,,,,,,0,-0.08,0.01,0,-0.02,-0.03,0.09,0.02,0.02,0.03,0.02,0.01,-0.06,2019Q4,,,,,,,,,,,,
6217,中探針,,,,26.15,+0.45,+1.75,,,,,,,,,,,,,,,,0.01,-0.25,0.03,-0.02,0,-0.09,0.18,0.1,0.1,0.01,0.15,0.04,-0.12,2019Q4,,,,,,,,,,,,
6218,豪勉,,,,18.55,+0.3,+1.64,,,,,,,,,,,,,,,,0.02,-0.07,-0.02,0.03,-0.02,0.01,0.15,0.01,0.03,0.06,0.05,0.03,0.01,2019Q4,,,,,,,,,,,,
6222,立軒,,,,23.7,0,0,,,,,,,,,,,,,,,,0.05,0.01,0.39,-0.01,-0.02,0,0.25,0,0.01,0,0,0,0,2019Q4,,,,,,,,,,,,
6228,全譜,,,,49.95,-5.55,-10,,,,,,,,,,,,,,,,0,-0.04,0.01,0,-0.01,-0.01,0.02,0,0,0,0,0,-0.02,2019Q4,,,,,,,,,,,,
代號,名稱,,,,成交,漲跌 價,漲跌 幅,,,,,,,,,,,,,,,,平均 業外 損益 (億),17Q1 業外 損益 (億),17Q2 業外 損益 (億),17Q3 業外 損益 (億),17Q4 業外 損益 (億),18Q1 業外 損益 (億),18Q2 業外 損益 (億),18Q3 業外 損益 (億),18Q4 業外 損益 (億),19Q1 業外 損益 (億),19Q2 業外 損益 (億),19Q3 業外 損益 (億),19Q4 業外 損益 (億),2019Q4,,,,,,,,,,,,
6236,中湛,,,,28.9,0,0,,,,,,,,,,,,,,,,0.01,0.01,0.04,0.01,-0.05,0.01,-0.12,0.07,0,0.01,0.03,0.02,0.13,2019Q4,,,,,,,,,,,,
6237,驊訊,,,,33.75,-0.65,-1.89,,,,,,,,,,,,,,,,0.34,-0.03,2.47,0.1,0,0.13,0.26,0.15,0.18,0.2,0.23,0.2,0.18,2019Q4,,,,,,,,,,,,
6241,易通展,,,,12.25,-0.05,-0.41,,,,,,,,,,,,,,,,0,-0.07,0.01,0,-0.01,-0.04,0.08,0,0,0.04,0.02,-0.03,-0.03,2019Q4,,,,,,,,,,,,
6246,臺龍,,,,12.8,0,0,,,,,,,,,,,,,,,,-0.02,-0.01,0,-0.02,-0.04,-0.07,0.03,-0.03,0.02,-0.06,0,0.01,-0.11,2019Q4,,,,,,,,,,,,
6276,安鈦克,,,,37.35,-1.15,-2.99,,,,,,,,,,,,,,,,-0.01,-0.13,0.02,0.02,-0.08,-0.02,0.09,0,0,0.01,0.02,-0.01,0,2019Q4,,,,,,,,,,,,
6287,元隆,,,,8.9,-0.1,-1.11,,,,,,,,,,,,,,,,-0.06,-0.22,0.07,-0.16,-0.02,0.14,-0.13,0.01,-0.03,-0.05,-0.06,-0.11,-0.12,2019Q4,,,,,,,,,,,,
6441,廣錠,,,,23.7,-0.2,-0.84,,,,,,,,,,,,,,,,0.02,-0.16,0.1,0.06,-0.01,0.02,0.14,0.03,0.05,0.03,0.07,0,-0.06,2019Q4,,,,,,,,,,,,
6461,益得,,,,18.1,-0.8,-4.23,,,,,,,,,,,,,,,,0,0.01,0.03,0.02,0.01,0.02,0.02,0.02,0.02,-0.01,-0.02,-0.04,-0.05,2019Q4,,,,,,,,,,,,
6462,神盾,,,,98.7,+1.5,+1.54,,,,,,,,,,,,,,,,0.03,-0.38,0.08,0.01,-0.11,-0.31,0.97,0.07,0.49,0.13,0.36,0.09,-1.07,2019Q4,,,,,,,,,,,,
6465,威潤,,,,14.05,-0.05,-0.35,,,,,,,,,,,,,,,,0.07,0.05,0.13,0.17,-0.08,0.18,0.02,-0.07,0.17,0.16,-0.01,0.13,-0.07,2019Q4,,,,,,,,,,,,
6485,點序,,,,50.9,-1.1,-2.12,,,,,,,,,,,,,,,,-0.01,-0.03,0.05,0.03,-0.04,0.01,0.06,-0.01,-0.04,0.01,0,-0.02,-0.15,2019Q4,,,,,,,,,,,,
6492,生華科,,,,32.85,+0.1,+0.31,,,,,,,,,,,,,,,,0.01,-0.03,0.05,0.02,0.01,0,0.04,0.02,0.02,0.02,0.01,0.02,0,2019Q4,,,,,,,,,,,,
6496,科懋,,,,26.45,+0.25,+0.95,,,,,,,,,,,,,,,,0.02,0.03,0,0.05,0.02,0.03,-0.02,0.02,0,0,0.02,0.01,0.02,2019Q4,,,,,,,,,,,,
6499,益安,,,,47.3,+1.1,+2.38,,,,,,,,,,,,,,,,0.04,-0.01,0.02,0.01,0.02,-0.01,0.28,0.05,0.07,0.06,0.07,0.02,-0.11,2019Q4,,,,,,,,,,,,
6512,啟發電,,,,20.35,-0.35,-1.69,,,,,,,,,,,,,,,,0.01,-0.07,0.02,0,-0.03,-0.07,0.13,0.01,0.03,0.01,0.05,0.01,-0.01,2019Q4,,,,,,,,,,,,
6535,順藥,,,,157.5,-0.5,-0.32,,,,,,,,,,,,,,,,0,-0.04,-0.12,-0.02,0,0.12,0.08,0,0.68,0.06,0.81,-0.19,-1.45,2019Q4,,,,,,,,,,,,
6547,高端疫苗,,,,51,+2.75,+5.7,,,,,,,,,,,,,,,,-0.02,-0.01,0,-0.02,0,-0.04,-0.02,-0.02,-0.02,-0.02,-0.04,-0.04,-0.04,2019Q4,,,,,,,,,,,,
6560,欣普羅,,,,31.35,-2.25,-6.7,,,,,,,,,,,,,,,,0,-0.14,0.01,-0.01,-0.05,-0.05,0.15,0.01,0.03,0.02,0.03,0.02,-0.05,2019Q4,,,,,,,,,,,,
代號,名稱,,,,成交,漲跌 價,漲跌 幅,,,,,,,,,,,,,,,,平均 業外 損益 (億),17Q1 業外 損益 (億),17Q2 業外 損益 (億),17Q3 業外 損益 (億),17Q4 業外 損益 (億),18Q1 業外 損益 (億),18Q2 業外 損益 (億),18Q3 業外 損益 (億),18Q4 業外 損益 (億),19Q1 業外 損益 (億),19Q2 業外 損益 (億),19Q3 業外 損益 (億),19Q4 業外 損益 (億),2019Q4,,,,,,,,,,,,
6576,逸達,,,,64.5,+0.4,+0.62,,,,,,,,,,,,,,,,0,-0.01,0,0.01,0.02,0.01,-0.03,0,0,-0.02,0,0.02,0.01,2019Q4,,,,,,,,,,,,
6588,東典光電,,,,27.5,-0.15,-0.54,,,,,,,,,,,,,,,,-0.02,,,0,-0.14,,0.03,0,0.01,-0.01,0.02,-0.03,-0.06,2019Q4,,,,,,,,,,,,
6589,台康生技,,,,63.2,+1.1,+1.77,,,,,,,,,,,,,,,,0,,-0.03,0.02,0.02,0,0.03,0.01,0.05,0.02,0,-0.08,-0.08,2019Q4,,,,,,,,,,,,
6616,特昇-KY,,,,10.05,+0.05,+0.5,,,,,,,,,,,,,,,,-0.01,-0.02,-0.01,0,-0.01,-0.04,0.02,0.02,-0.01,-0.03,-0.01,0.06,-0.06,2019Q4,,,,,,,,,,,,
6617,共信-KY,,,,82.6,+4.8,+6.17,,,,,,,,,,,,,,,,,,,,,,,,,,,,,2019Q4,,,,,,,,,,,,
6649,台生材,,,,37,+0.5,+1.37,,,,,,,,,,,,,,,,0.01,,0.01,0,0.02,0.02,0.04,0.02,0,0,0,0.01,0,2019Q4,,,,,,,,,,,,
6654,天正國際,,,,68,-0.4,-0.58,,,,,,,,,,,,,,,,0,-0.08,0.04,0.06,0.02,0.05,0.01,-0.12,0.04,0.13,-0.01,-0.08,-0.05,2019Q4,,,,,,,,,,,,
6684,安格,,,,41.75,+0.1,+0.24,,,,,,,,,,,,,,,,0.02,,,,,,,,,,0.03,,0.01,2019Q4,,,,,,,,,,,,
6708,天擎,,,,40.35,0,0,,,,,,,,,,,,,,,,,,,,,,,,,,,,,2019Q4,,,,,,,,,,,,
6733,博晟生醫,,,,26.6,+0.05,+0.19,,,,,,,,,,,,,,,,0.01,,,,,,,,-0.01,,0.02,0.04,-0.02,2019Q4,,,,,,,,,,,,
6767,台微醫,,,,29.5,0,0,,,,,,,,,,,,,,,,0.16,,,,,,,,0.15,,0.44,-0.05,0.09,2019Q4,,,,,,,,,,,,
6804,明係,,,,22.55,+0.05,+0.22,,,,,,,,,,,,,,,,-0.05,,,,,,,,,,,,-0.05,2019Q4,,,,,,,,,,,,
6823,濾能,,,,41.05,-0.85,-2.03,,,,,,,,,,,,,,,,-0.01,,,,,,,,,,,,-0.01,2019Q4,,,,,,,,,,,,
6872,浩宇生醫,,,,24.8,+0.2,+0.81,,,,,,,,,,,,,,,,,,,,,,,,,,,,,2019Q4,,,,,,,,,,,,
6875,國邑*,,,,47.5,+0.7,+1.5,,,,,,,,,,,,,,,,,,,,,,,,,,,,,2019Q4,,,,,,,,,,,,
6929,佑全,,,,32.8,-0.2,-0.61,,,,,,,,,,,,,,,,,,,,,,,,,,,,,2019Q4,,,,,,,,,,,,
8024,佑華,,,,13.85,+1.25,+9.92,,,,,,,,,,,,,,,,0.01,-0.08,0.02,0,-0.02,-0.05,0.15,0.03,0.02,0.02,0.03,0.01,-0.07,2019Q4,,,,,,,,,,,,
8027,鈦昇,,,,77.1,0,0,,,,,,,,,,,,,,,,0,-0.11,0.02,0,-0.15,-0.13,0.23,0,0.01,0.05,0.23,-0.03,-0.15,2019Q4,,,,,,,,,,,,
代號,名稱,,,,成交,漲跌 價,漲跌 幅,,,,,,,,,,,,,,,,平均 業外 損益 (億),17Q1 業外 損益 (億),17Q2 業外 損益 (億),17Q3 業外 損益 (億),17Q4 業外 損益 (億),18Q1 業外 損益 (億),18Q2 業外 損益 (億),18Q3 業外 損益 (億),18Q4 業外 損益 (億),19Q1 業外 損益 (億),19Q2 業外 損益 (億),19Q3 業外 損益 (億),19Q4 業外 損益 (億),2019Q4,,,,,,,,,,,,
8038,長園科,,,,20.5,+0.55,+2.76,,,,,,,,,,,,,,,,-0.11,-0.35,-0.05,-0.09,-0.1,0.01,-0.25,-0.11,-0.32,0.02,0.01,0,-0.03,2019Q4,,,,,,,,,,,,
8040,九暘,,,,51.5,-1.7,-3.2,,,,,,,,,,,,,,,,0.13,-0.03,0.12,0.16,0.21,0.16,-0.14,-0.08,-0.15,0.53,0.2,0.81,-0.28,2019Q4,,,,,,,,,,,,
8044,網家,,,,35.75,+0.3,+0.85,,,,,,,,,,,,,,,,-0.03,-0.04,0.11,-0.01,-0.18,-0.26,0.54,-0.05,0.04,-0.17,-0.1,-0.08,-0.1,2019Q4,,,,,,,,,,,,
8047,星雲,,,,13.05,-0.25,-1.88,,,,,,,,,,,,,,,,0.01,0.02,0.05,0.05,0.03,0.07,-0.07,-0.04,0.01,0.04,-0.02,-0.03,0.04,2019Q4,,,,,,,,,,,,
8054,安國,,,,73.5,-0.1,-0.14,,,,,,,,,,,,,,,,0.18,-0.19,1.08,0.14,0.03,0.16,0.53,0.18,0.03,-0.08,0.28,0.03,0.03,2019Q4,,,,,,,,,,,,
8059,凱碩,,,,22.15,-0.2,-0.89,,,,,,,,,,,,,,,,0.03,0.09,0.03,0.13,0.13,0.03,-0.03,0,0.05,-0.01,0,0.01,-0.03,2019Q4,,,,,,,,,,,,
8067,志旭,,,,14.05,+0.05,+0.36,,,,,,,,,,,,,,,,0.02,0.05,0.05,0.02,0.07,0.01,0,0.01,0.01,0,0.01,0,-0.02,2019Q4,,,,,,,,,,,,
8071,能率網通,,,,17.8,-0.1,-0.56,,,,,,,,,,,,,,,,-0.01,-0.04,0.15,0.12,-0.09,-0.13,0.19,-0.05,-0.11,0.06,0.09,0.1,-0.36,2019Q4,,,,,,,,,,,,
8080,泰霖,,,,28.8,+0.05,+0.17,,,,,,,,,,,,,,,,-0.04,-0.03,-0.07,-0.15,0,0.05,0.01,-0.06,-0.3,-0.01,0.07,0.11,-0.05,2019Q4,,,,,,,,,,,,
8085,福華,,,,20.75,-0.3,-1.43,,,,,,,,,,,,,,,,0.01,-0.05,0.09,0.39,0.38,-0.21,-0.14,-0.4,-0.19,0.16,0.38,-0.08,-0.23,2019Q4,,,,,,,,,,,,
8092,建暐,,,,15.1,-0.05,-0.33,,,,,,,,,,,,,,,,0.01,0.05,0.01,-0.01,0.06,-0.01,0.03,-0.02,0.04,-0.01,0.01,-0.01,-0.02,2019Q4,,,,,,,,,,,,
8093,保銳,,,,14.9,-0.85,-5.4,,,,,,,,,,,,,,,,0.02,-0.04,0.08,0.12,0,0.03,0.04,0.01,0.06,0,0.07,-0.05,-0.06,2019Q4,,,,,,,,,,,,
8171,天宇,,,,38.6,+0.45,+1.18,,,,,,,,,,,,,,,,0.01,-0.29,0.07,0.03,0.02,-0.02,0.23,0.03,0.06,0.05,0.08,0.06,-0.15,2019Q4,,,,,,,,,,,,
8277,商丞,,,,9.3,-0.03,-0.32,,,,,,,,,,,,,,,,-0.01,-0.12,-0.01,-0.02,-0.02,-0.02,0.04,-0.01,0,0,0,0,0.05,2019Q4,,,,,,,,,,,,
8291,尚茂,,,,4.57,-0.43,-8.6,,,,,,,,,,,,,,,,-0.02,-0.04,0,-0.01,-0.01,-0.02,0.01,0,0,0,-0.01,-0.01,-0.2,2019Q4,,,,,,,,,,,,
8421,旭源,,,,12,+0.05,+0.42,,,,,,,,,,,,,,,,-0.09,-0.47,-0.06,0,-0.25,-0.22,0.3,-0.11,0.07,0.02,0.09,-0.15,-0.26,2019Q4,,,,,,,,,,,,
8444,綠河-KY,,,,18.05,-0.05,-0.28,,,,,,,,,,,,,,,,0.11,0.26,0.86,0.17,0.28,0.56,0.28,-0.85,0.37,-0.24,-0.65,-0.12,0.37,2019Q4,,,,,,,,,,,,
8450,霹靂,,,,17.6,+0.1,+0.57,,,,,,,,,,,,,,,,0.02,-0.16,-0.09,-0.11,-0.09,-0.2,0.38,0.26,0.11,0.04,0.11,0.07,-0.08,2019Q4,,,,,,,,,,,,
代號,名稱,,,,成交,漲跌 價,漲跌 幅,,,,,,,,,,,,,,,,平均 業外 損益 (億),17Q1 業外 損益 (億),17Q2 業外 損益 (億),17Q3 業外 損益 (億),17Q4 業外 損益 (億),18Q1 業外 損益 (億),18Q2 業外 損益 (億),18Q3 業外 損益 (億),18Q4 業外 損益 (億),19Q1 業外 損益 (億),19Q2 業外 損益 (億),19Q3 業外 損益 (億),19Q4 業外 損益 (億),2019Q4,,,,,,,,,,,,
8455,大拓-KY,,,,21.9,-0.7,-3.1,,,,,,,,,,,,,,,,-0.01,-0.01,0.01,-0.01,-0.01,0.29,0,-0.02,-0.02,-0.03,-0.01,-0.02,-0.23,2019Q4,,,,,,,,,,,,
8472,夠麻吉,,,,24.5,-0.85,-3.35,,,,,,,,,,,,,,,,0.02,-0.01,0.04,0.03,0.03,0.04,0.02,0.02,0.04,0.02,0.02,0.02,0.01,2019Q4,,,,,,,,,,,,
8477,創業家,,,,12.3,-0.4,-3.15,,,,,,,,,,,,,,,,0.04,0.04,0.03,0.03,0.04,0.04,0.04,0.03,0.08,0.03,0.04,0.04,0.05,2019Q4,,,,,,,,,,,,
8489,三貝德,,,,30.9,+0.4,+1.31,,,,,,,,,,,,,,,,0.04,0.02,0.02,0.01,0,-0.03,0.07,0.03,0.03,0.04,-0.02,0.17,0.21,2019Q4,,,,,,,,,,,,
8906,花王,,,,24.65,+0.15,+0.61,,,,,,,,,,,,,,,,0.01,0,0,0.02,-0.04,0,0.01,0.01,-0.01,0.01,0.06,0.04,0,2019Q4,,,,,,,,,,,,
8921,沈氏,,,,21.1,-1.4,-6.22,,,,,,,,,,,,,,,,0.04,0.01,0.03,0.05,0.01,0.02,0.05,0.09,0.02,0.02,0.02,0.13,0.01,2019Q4,,,,,,,,,,,,
8933,愛地雅,,,,6.98,-0.12,-1.69,,,,,,,,,,,,,,,,-0.47,-0.5,0.37,0.11,-0.15,-0.54,0.44,0.23,-5.61,-0.08,0,-0.29,0.33,2019Q4,,,,,,,,,,,,
8935,邦泰,,,,14.3,0,0,,,,,,,,,,,,,,,,0.38,-0.02,0.01,0.01,0,0,-0.02,4.9,-0.22,-0.06,-0.01,0.01,-0.01,2019Q4,,,,,,,,,,,,
9949,琉園,,,,19.55,+1.1,+5.96,,,,,,,,,,,,,,,,0.01,-0.03,0.03,0.02,0,0.02,0.02,0.01,0.02,0.02,0.02,0,0,2019Q4,,,,,,,,,,,,
1569,濱川,,,,55.8,-2.8,-4.78,,,,,,,,,,,,,,,,-0.11,,,,,,,,,,,,,2016Q4,-0.13,-0.09,-0.09,-0.03,0,-0.12,-0.29,-0.24,-0.12,-0.06,-0.08,-0.11
1591,駿吉-KY,,,,41.3,-0.25,-0.6,,,,,,,,,,,,,,,,0,,,,,,,,,,,,,2016Q4,-0.01,-0.01,0.01,-0.02,0.05,0.01,0,-0.06,-0.07,0.01,0.07,0.04
1595,川寶,,,,33,-0.35,-1.05,,,,,,,,,,,,,,,,-0.03,,,,,,,,,,,,,2016Q4,0.11,-0.08,0.39,-0.43,-0.05,-0.1,0.53,0.01,-0.08,0.01,-0.16,-0.56
1796,金穎生技,,,,47,0,0,,,,,,,,,,,,,,,,0,,,,,,,,,,,,,2016Q4,,,,,,-0.01,0,0.01,0,-0.01,0,0.01
1799,易威,,,,58.6,-0.4,-0.68,,,,,,,,,,,,,,,,-0.01,,,,,,,,,,,,,2016Q4,-0.1,0.04,0,0.01,-0.04,0.01,0.05,-0.03,0.02,0.01,-0.03,-0.09
1813,寶利徠,,,,14.4,+0.05,+0.35,,,,,,,,,,,,,,,,0.17,,,,,,,,,,,,,2016Q4,0.2,0.15,0.18,0.33,0.14,0.15,0.29,0.15,0.07,0.16,0.04,0.18
2035,唐榮,,,,31.7,+1.3,+4.28,,,,,,,,,,,,,,,,0.17,,,,,,,,,,,,,2016Q4,0.12,-0.34,0.15,-0.4,0.13,-0.13,0.28,1,0.84,0.3,0.12,-0.01
2061,風青,,,,18.2,+0.15,+0.83,,,,,,,,,,,,,,,,-0.02,,,,,,,,,,,,,2016Q4,0.05,0.04,-0.13,-0.03,-0.04,-0.17,-0.08,-0.01,0.02,-0.04,0.09,0.08
2064,晉椿,,,,13.45,0,0,,,,,,,,,,,,,,,,0.1,,,,,,,,,,,,,2016Q4,0.14,-0.12,0.16,0.32,-0.07,-0.09,0.55,-0.01,0.03,0.15,-0.21,0.29
2067,嘉鋼,,,,8.99,-0.46,-4.87,,,,,,,,,,,,,,,,-0.01,,,,,,,,,,,,,2016Q4,0.01,-0.02,-0.03,-0.07,-0.03,-0.02,0.04,-0.03,0.01,0.21,-0.06,-0.1
2736,富野,,,,16.15,+0.15,+0.94,,,,,,,,,,,,,,,,0.1,,,,,,,,,,,,,2016Q4,-0.01,-0.01,-0.01,-0.01,-0.02,1.22,0,0.02,0,0,-0.02,-0.01
2740,天蔥,,,,27.8,+0.9,+3.35,,,,,,,,,,,,,,,,-0.01,,,,,,,,,,,,,2016Q4,0.01,-0.04,0,0.01,0,-0.07,-0.01,-0.01,0,0,-0.05,0.01
2924,宏太-KY,,,,29.95,+0.15,+0.5,,,,,,,,,,,,,,,,0.02,,,,,,,,,,,,,2016Q4,0.04,0,0.11,0.03,-0.01,-0.01,0.12,0.04,-0.05,-0.04,-0.04,0.1
3067,全域,,,,19.45,+0.1,+0.52,,,,,,,,,,,,,,,,0.03,,,,,,,,,,,,,2016Q4,0.08,0.06,-0.01,0,0.01,0.02,-0.02,0.07,0,0.06,0.02,0.05
3081,聯亞,,,,248.5,+5.5,+2.26,,,,,,,,,,,,,,,,0.06,,,,,,,,,,,,,2016Q4,0.03,-0.01,0,0.3,0.01,0.02,0.16,0.04,0.03,-0.05,-0.02,0.13
3085,新零售,,,,17.6,-1.3,-6.88,,,,,,,,,,,,,,,,0.02,,,,,,,,,,,,,2016Q4,0.18,0.01,0.04,0.02,0.01,0,0,0.01,0.01,0.01,0.01,-0.02
3115,富榮綱,,,,12.3,-0.65,-5.02,,,,,,,,,,,,,,,,0.01,,,,,,,,,,,,,2016Q4,0.02,0,0.02,0,-0.03,0.11,-0.01,-0.02,0.02,0.04,0.07,-0.1
3122,笙泉,,,,22.1,-0.4,-1.78,,,,,,,,,,,,,,,,0.02,,,,,,,,,,,,,2016Q4,0.01,0.09,0.05,0.06,0,0,0.1,-0.01,-0.01,0.01,-0.03,0.02
代號,名稱,,,,成交,漲跌 價,漲跌 幅,,,,,,,,,,,,,,,,平均 業外 損益 (億),,,,,,,,,,,,,2016Q4,14Q1 業外 損益 (億),14Q2 業外 損益 (億),14Q3 業外 損益 (億),14Q4 業外 損益 (億),15Q1 業外 損益 (億),15Q2 業外 損益 (億),15Q3 業外 損益 (億),15Q4 業外 損益 (億),16Q1 業外 損益 (億),16Q2 業外 損益 (億),16Q3 業外 損益 (億),16Q4 業外 損益 (億)
3176,基亞,,,,29.85,-0.35,-1.16,,,,,,,,,,,,,,,,-0.32,,,,,,,,,,,,,2016Q4,0.06,0.2,-2.27,0,0.02,0,0,0,0.03,-1.21,-0.7,0.05
3191,雲嘉南,,,,15,0,0,,,,,,,,,,,,,,,,-0.04,,,,,,,,,,,,,2016Q4,0.07,-0.07,0.08,0.02,0.03,-0.04,0.08,-0.26,-0.1,-0.13,-0.08,-0.02
3205,佰研,,,,23.85,+0.25,+1.06,,,,,,,,,,,,,,,,0.02,,,,,,,,,,,,,2016Q4,0.02,-0.01,0.02,0.08,-0.02,-0.02,0.26,0,-0.16,0.08,-0.2,0.22
3207,耀勝,,,,84.1,-0.3,-0.36,,,,,,,,,,,,,,,,0.04,,,,,,,,,,,,,2016Q4,-0.01,0.04,0.01,-0.02,0.05,0.02,0.07,0.01,0.05,0.08,0,0.23
3224,三顧,,,,39.15,0,0,,,,,,,,,,,,,,,,0,,,,,,,,,,,,,2016Q4,-0.02,-0.03,0.02,0.04,0.04,-0.01,0.1,-0.01,-0.07,0,-0.06,0.03
3228,金麗科,,,,155,+3,+1.97,,,,,,,,,,,,,,,,-0.01,,,,,,,,,,,,,2016Q4,-0.1,-0.02,0.02,0.03,0,0,0.01,0,-0.02,0,-0.01,0
3234,光環,,,,33.2,-0.4,-1.19,,,,,,,,,,,,,,,,0,,,,,,,,,,,,,2016Q4,0.07,-0.04,0.09,0.04,-0.02,0.07,0.12,-0.15,-0.24,0.22,-0.32,0.12
3252,海灣,,,,19.8,+0.15,+0.76,,,,,,,,,,,,,,,,0.22,,,,,,,,,,,,,2016Q4,-0.13,-0.21,-0.18,0.41,-0.16,-0.17,-0.12,3.65,-0.04,-0.09,-0.05,-0.22
3259,鑫創,,,,20.8,+0.3,+1.46,,,,,,,,,,,,,,,,0.02,,,,,,,,,,,,,2016Q4,0.03,0.01,0.01,0.05,0.01,-0.01,0.05,0.01,0.01,0.01,0,0.02
3272,東碩,,,,21.15,-0.35,-1.63,,,,,,,,,,,,,,,,0.1,,,,,,,,,,,,,2016Q4,0.17,-0.15,0.14,0.36,-0.01,0.08,0.36,0.12,-0.09,0.03,-0.11,0.33
3276,宇環,,,,11.3,-0.1,-0.88,,,,,,,,,,,,,,,,0.18,,,,,,,,,,,,,2016Q4,0.01,0.11,0.25,0.18,-0.01,-0.03,0.13,0.11,0.06,0.05,0.69,0.6
3288,點晶,,,,19.6,+0.4,+2.08,,,,,,,,,,,,,,,,-0.02,,,,,,,,,,,,,2016Q4,0.01,-0.03,0.02,0.04,-0.03,-0.02,0.01,-0.07,-0.02,-0.04,-0.04,-0.03
3297,杭特,,,,31.7,-0.5,-1.55,,,,,,,,,,,,,,,,0.02,,,,,,,,,,,,,2016Q4,0.05,-0.06,0.05,0.13,0.02,-0.04,0.18,-0.03,0,-0.02,-0.05,0.06
3322,建舜電,,,,12.45,-0.15,-1.19,,,,,,,,,,,,,,,,0.01,,,,,,,,,,,,,2016Q4,0.06,-0.04,0.14,0.16,-0.04,-0.08,0.24,0.03,-0.08,-0.04,-0.14,-0.04
3323,加百裕,,,,27.85,-0.1,-0.36,,,,,,,,,,,,,,,,0.09,,,,,,,,,,,,,2016Q4,0.16,0.1,0.02,0.34,0.01,-0.01,0.45,-0.02,0.02,-0.01,-0.07,0.03
3325,旭品,,,,14.75,+0.25,+1.72,,,,,,,,,,,,,,,,0.05,,,,,,,,,,,,,2016Q4,0.09,0.01,-0.01,0.08,-0.01,0,0.2,0.07,-0.05,0.07,-0.06,0.19
3349,寶德,,,,18.25,0,0,,,,,,,,,,,,,,,,,,,,,,,,,,,,,2016Q4,,,,,,,,,,,,
3354,律勝,,,,16.25,-0.3,-1.81,,,,,,,,,,,,,,,,0.06,,,,,,,,,,,,,2016Q4,0.08,-0.06,0.1,0.2,-0.03,-0.06,0.29,0.01,-0.08,0.06,-0.09,0.3
代號,名稱,,,,成交,漲跌 價,漲跌 幅,,,,,,,,,,,,,,,,平均 業外 損益 (億),,,,,,,,,,,,,2016Q4,14Q1 業外 損益 (億),14Q2 業外 損益 (億),14Q3 業外 損益 (億),14Q4 業外 損益 (億),15Q1 業外 損益 (億),15Q2 業外 損益 (億),15Q3 業外 損益 (億),15Q4 業外 損益 (億),16Q1 業外 損益 (億),16Q2 業外 損益 (億),16Q3 業外 損益 (億),16Q4 業外 損益 (億)
3360,尚立,,,,12.65,0,0,,,,,,,,,,,,,,,,-0.11,,,,,,,,,,,,,2016Q4,-0.09,0,-0.09,-0.47,-0.1,-0.03,-0.09,-0.05,-0.07,-0.08,-0.08,-0.19
3363,上詮,,,,169,-1,-0.59,,,,,,,,,,,,,,,,0.2,,,,,,,,,,,,,2016Q4,0.09,-0.02,0.07,0.07,0.04,0,0.34,0,1.79,-0.05,0.03,0.03
3372,典範,,,,12.1,+0.1,+0.83,,,,,,,,,,,,,,,,0.09,,,,,,,,,,,,,2016Q4,0.06,0.05,0.03,0.4,-0.08,-0.11,0.82,0.04,-0.21,0.07,-0.28,0.25
3373,熱映,,,,19.9,-0.2,-1,,,,,,,,,,,,,,,,0.02,,,,,,,,,,,,,2016Q4,0.04,-0.02,0.04,0.12,-0.03,-0.02,0.22,-0.01,-0.07,0.02,-0.07,0.06
3466,德晉,,,,40.65,+2.25,+5.86,,,,,,,,,,,,,,,,0.16,,,,,,,,,,,,,2016Q4,0.33,0.03,0.21,0.35,-0.03,-0.06,0.44,0.12,-0.06,0.12,-0.04,0.52
3489,森寶,,,,23.25,+0.75,+3.33,,,,,,,,,,,,,,,,0.02,,,,,,,,,,,,,2016Q4,-0.04,-0.04,-0.05,0.08,-0.04,-0.04,-0.04,0.58,-0.03,-0.03,-0.02,-0.05
3498,陽程,,,,35.15,+0.45,+1.3,,,,,,,,,,,,,,,,-0.08,,,,,,,,,,,,,2016Q4,0.15,-0.21,0.24,0.1,-0.23,-0.43,0.78,-1.08,-0.13,0.01,-0.19,0.07
3508,位速,,,,21.05,+0.05,+0.24,,,,,,,,,,,,,,,,-0.14,,,,,,,,,,,,,2016Q4,0.24,-0.24,0.09,-0.25,0.06,-0.29,-0.03,-0.24,-0.06,-0.05,-0.5,-0.38
3511,矽瑪,,,,21.2,-0.25,-1.17,,,,,,,,,,,,,,,,0.04,,,,,,,,,,,,,2016Q4,0.12,-0.02,0.03,0.06,0,0.02,0.2,0.24,0.01,-0.03,-0.25,0.08
3521,鴻翊,,,,11.95,-0.05,-0.42,,,,,,,,,,,,,,,,0,,,,,,,,,,,,,2016Q4,0,-0.05,0,0,-0.01,-0.01,0.02,0,-0.02,-0.01,0,0.04
3522,御嵿,,,,16.1,-0.6,-3.59,,,,,,,,,,,,,,,,0.01,,,,,,,,,,,,,2016Q4,0.09,-0.04,0.03,-0.03,0.03,-0.02,0.22,-0.11,-0.01,0.1,0,-0.15
3523,迎輝,,,,20.1,+0.15,+0.75,,,,,,,,,,,,,,,,-0.26,,,,,,,,,,,,,2016Q4,0.05,-0.14,-0.05,-1.68,-0.18,-0.11,0.2,-0.21,-0.16,-0.02,-0.14,-0.73
3540,曜越,,,,26.45,-0.25,-0.94,,,,,,,,,,,,,,,,0,,,,,,,,,,,,,2016Q4,0.16,-0.03,-0.07,-0.02,-0.22,0,0.12,0.06,0.04,-0.04,-0.05,0.02
3541,西柏,,,,26.85,+0.1,+0.37,,,,,,,,,,,,,,,,0.04,,,,,,,,,,,,,2016Q4,0.1,0.03,0.09,0.15,-0.01,0.04,0.18,-0.02,-0.09,0.02,-0.15,0.11
3555,博士旺,,,,28.3,+1.8,+6.79,,,,,,,,,,,,,,,,0.01,,,,,,,,,,,,,2016Q4,0.02,0,0,0.01,0,0,-0.04,0.1,0.02,0.01,-0.01,0.01
3609,三一東林,,,,43.5,-0.5,-1.14,,,,,,,,,,,,,,,,-0.01,,,,,,,,,,,,,2016Q4,0.02,0.06,0.06,0.05,0.01,-0.01,0.06,-0.19,0.02,0.01,0.03,-0.21
3623,富晶通,,,,16.5,-0.15,-0.9,,,,,,,,,,,,,,,,0,,,,,,,,,,,,,2016Q4,0.06,0,0.03,0.02,-0.01,-0.02,-0.02,0.02,-0.01,0.03,-0.03,-0.02
3625,西勝,,,,13.45,-0.05,-0.37,,,,,,,,,,,,,,,,-0.04,,,,,,,,,,,,,2016Q4,0.03,-0.84,0.06,0.07,0.04,-0.02,0.02,-0.01,0.11,0.04,0.03,-0.01
代號,名稱,,,,成交,漲跌 價,漲跌 幅,,,,,,,,,,,,,,,,平均 業外 損益 (億),,,,,,,,,,,,,2016Q4,14Q1 業外 損益 (億),14Q2 業外 損益 (億),14Q3 業外 損益 (億),14Q4 業外 損益 (億),15Q1 業外 損益 (億),15Q2 業外 損益 (億),15Q3 業外 損益 (億),15Q4 業外 損益 (億),16Q1 業外 損益 (億),16Q2 業外 損益 (億),16Q3 業外 損益 (億),16Q4 業外 損益 (億)
3629,地心引力,,,,18,0,0,,,,,,,,,,,,,,,,-0.06,,,,,,,,,,,,,2016Q4,-0.04,-0.24,0.03,-0.37,-0.01,-0.04,0.01,-0.01,-0.01,-0.02,-0.02,0
3630,新鉅科,,,,19.2,-0.4,-2.04,,,,,,,,,,,,,,,,0.16,,,,,,,,,,,,,2016Q4,0.11,0.2,0.19,0.31,0.08,0.18,0.3,0.14,0.09,0.18,-0.06,0.17
3631,晟楠,,,,27.95,-0.95,-3.29,,,,,,,,,,,,,,,,-0.22,,,,,,,,,,,,,2016Q4,0.03,-0.04,0.12,0.22,-0.08,-0.02,-0.51,-2.31,0.04,-0.01,-0.07,0.06
3632,研勤,,,,11.95,0,0,,,,,,,,,,,,,,,,0,,,,,,,,,,,,,2016Q4,0,-0.09,0.02,0.17,-0.1,-0.11,0.14,-0.03,0.03,-0.04,-0.03,0
3666,光耀,,,,31,+0.2,+0.65,,,,,,,,,,,,,,,,0.02,,,,,,,,,,,,,2016Q4,0.1,-0.11,0.22,0.41,-0.11,-0.01,0.22,0.01,-0.19,-0.26,-0.24,0.14
3672,康聯訊,,,,17.5,+0.1,+0.57,,,,,,,,,,,,,,,,0.01,,,,,,,,,,,,,2016Q4,0.03,-0.01,0.02,0.02,-0.04,0,0.12,0.01,0.04,0.01,-0.06,0.04
3685,元創精密,,,,11.5,-0.25,-2.13,,,,,,,,,,,,,,,,-0.09,,,,,,,,,,,,,2016Q4,-0.04,-0.36,-0.49,-0.05,0.01,0.01,-0.05,-0.09,-0.02,-0.02,-0.05,0.05
3691,碩禾,,,,58.2,+1,+1.75,,,,,,,,,,,,,,,,0.07,,,,,,,,,,,,,2016Q4,0.63,-0.46,0.41,1.41,-1.1,-0.86,2.68,-1.03,-0.81,-1.14,2.27,-1.13
3707,漢磊,,,,32.6,-0.85,-2.54,,,,,,,,,,,,,,,,0,,,,,,,,,,,,,2016Q4,0,0,0,0.13,-0.06,-0.02,0.24,-0.21,-0.12,-0.02,-0.21,0.25
3710,連展投控,,,,8.83,+0.02,+0.23,,,,,,,,,,,,,,,,0,,,,,,,,,,,,,2016Q4,,,,,,,,,,,,0
3713,新晶投控,,,,18,-0.05,-0.28,,,,,,,,,,,,,,,,,,,,,,,,,,,,,2016Q4,,,,,,,,,,,,
4120,友華,,,,44.2,+0.1,+0.23,,,,,,,,,,,,,,,,-0.03,,,,,,,,,,,,,2016Q4,-0.01,0.31,0.09,-0.19,0.17,-0.21,-0.4,-0.14,0.38,-0.09,0.02,-0.33
4121,優盛,,,,15.05,+1.35,+9.85,,,,,,,,,,,,,,,,0.23,,,,,,,,,,,,,2016Q4,0.21,0.16,0.23,0.35,0.23,0.21,0.28,-0.12,0.21,0.15,0.11,0.7
4123,晟德,,,,35.05,+0.45,+1.3,,,,,,,,,,,,,,,,1.19,,,,,,,,,,,,,2016Q4,0.32,1.32,-0.36,5.26,-0.7,-1.06,0.33,7.59,-0.87,-0.28,2.48,0.29
4128,中天,,,,24.15,+1.5,+6.62,,,,,,,,,,,,,,,,0.12,,,,,,,,,,,,,2016Q4,0,0.14,0.91,0.22,-0.11,0.08,0.12,0.75,-0.65,-0.08,0.21,-0.1
4131,浩泰,,,,32.25,-0.25,-0.77,,,,,,,,,,,,,,,,0,,,,,,,,,,,,,2016Q4,0.02,-0.01,0.01,0.03,-0.01,-0.01,0,0.03,0,-0.01,-0.02,-0.03
4139,馬光-KY,,,,28.5,-0.3,-1.04,,,,,,,,,,,,,,,,0.03,,,,,,,,,,,,,2016Q4,0.53,0.12,-0.03,-0.02,0.06,0,-0.1,-0.05,-0.01,-0.07,0.04,-0.05
4147,中裕,,,,79.4,+0.5,+0.63,,,,,,,,,,,,,,,,0.04,,,,,,,,,,,,,2016Q4,0,0.03,0.03,-0.06,0.03,0.08,0.01,0.07,0.08,0.09,0.07,0.07
代號,名稱,,,,成交,漲跌 價,漲跌 幅,,,,,,,,,,,,,,,,平均 業外 損益 (億),,,,,,,,,,,,,2016Q4,14Q1 業外 損益 (億),14Q2 業外 損益 (億),14Q3 業外 損益 (億),14Q4 業外 損益 (億),15Q1 業外 損益 (億),15Q2 業外 損益 (億),15Q3 業外 損益 (億),15Q4 業外 損益 (億),16Q1 業外 損益 (億),16Q2 業外 損益 (億),16Q3 業外 損益 (億),16Q4 業外 損益 (億)
4154,樂威科-KY,,,,18.25,+0.15,+0.83,,,,,,,,,,,,,,,,0.03,,,,,,,,,,,,,2016Q4,0.01,0.02,0,0.01,0.02,-0.03,-0.09,0.01,0.06,-0.01,0.39,-0.01
4157,太景*-KY,,,,9.64,+0.21,+2.23,,,,,,,,,,,,,,,,0.01,,,,,,,,,,,,,2016Q4,-0.05,-0.17,0.11,0.2,-0.01,0.02,0.11,0.07,-0.15,0.02,-0.01,0.02
4168,醣聯,,,,16.7,-0.25,-1.47,,,,,,,,,,,,,,,,0.04,,,,,,,,,,,,,2016Q4,0.05,0.04,0.07,0.07,0.03,0.03,0.04,0.01,0.1,0.01,0.02,-0.03
4171,瑞基,,,,18.4,0,0,,,,,,,,,,,,,,,,-0.01,,,,,,,,,,,,,2016Q4,-0.01,0,0.01,0.03,-0.03,-0.03,0.11,-0.02,-0.02,0.01,-0.03,-0.08
4174,浩鼎,,,,47.6,+0.1,+0.21,,,,,,,,,,,,,,,,0.14,,,,,,,,,,,,,2016Q4,0.09,0.15,0.09,0.13,0.04,0.09,0.96,0.14,-0.66,0.38,-0.56,0.89
4188,安克,,,,13.4,0,0,,,,,,,,,,,,,,,,0.01,,,,,,,,,,,,,2016Q4,0,0.01,0,0.01,0,0.01,0.01,0,0.01,0.01,0.02,0.01
4192,杏國,,,,28.3,+0.4,+1.43,,,,,,,,,,,,,,,,0.11,,,,,,,,,,,,,2016Q4,0,0,0,0.26,-0.01,-0.01,0.02,0.24,-0.01,0.06,0.02,0.75
4198,欣大健康,,,,31.4,+0.45,+1.45,,,,,,,,,,,,,,,,0,,,,,,,,,,,,,2016Q4,0.08,-0.11,-0.04,0.13,-0.08,0.01,0.21,0,0.02,-0.03,-0.15,-0.03
4304,勝昱,,,,8.6,+0.11,+1.3,,,,,,,,,,,,,,,,0,,,,,,,,,,,,,2016Q4,-0.01,0.02,0,-0.01,0.04,0,0.03,-0.1,0.11,-0.04,-0.03,-0.06
4402,郡都開發,,,,20.4,-0.4,-1.92,,,,,,,,,,,,,,,,0.1,,,,,,,,,,,,,2016Q4,-0.01,-0.06,-0.09,-0.21,-0.04,-0.05,-0.16,-0.25,-0.08,-0.05,1.86,0.3
4406,新昕纖,,,,9.05,0,0,,,,,,,,,,,,,,,,0.04,,,,,,,,,,,,,2016Q4,0.01,0.08,0.01,0.02,0.01,0.07,0.04,0.05,0.01,0.1,0.01,0.04
4419,皇家美食,,,,48,+0.5,+1.05,,,,,,,,,,,,,,,,-0.04,,,,,,,,,,,,,2016Q4,0,0,-0.1,-0.05,-0.01,-0.01,0,-0.35,-0.02,0.1,-0.08,0
4430,耀億,,,,18.45,+0.25,+1.37,,,,,,,,,,,,,,,,0.07,,,,,,,,,,,,,2016Q4,0.02,0.3,0.01,0.03,-0.09,0.26,0.23,0.01,-0.05,0.01,-0.08,0.17
4503,金雨,,,,43.9,+0.75,+1.74,,,,,,,,,,,,,,,,0,,,,,,,,,,,,,2016Q4,0,0.02,0,0.01,-0.01,-0.01,0.01,-0.02,-0.01,-0.01,-0.01,0
4513,福裕,,,,23.1,-0.65,-2.74,,,,,,,,,,,,,,,,0.11,,,,,,,,,,,,,2016Q4,0.04,-0.09,-0.07,0.16,-0.16,-0.11,1.62,0.16,-0.11,-0.02,-0.13,0.01
4523,永彰,,,,29.25,-0.25,-0.85,,,,,,,,,,,,,,,,0.18,,,,,,,,,,,,,2016Q4,0.11,0.08,0.14,0.53,0,-0.08,-0.06,0.43,0.02,0.26,0.49,0.29
4529,淳紳,,,,4.81,-0.04,-0.82,,,,,,,,,,,,,,,,0.07,,,,,,,,,,,,,2016Q4,-0.02,0,0.01,-0.03,-0.03,-0.02,0.02,-0.03,0.01,0.43,1.87,-1.32
4530,宏易,,,,11.85,+0.15,+1.28,,,,,,,,,,,,,,,,0.18,,,,,,,,,,,,,2016Q4,0,0,0.02,0.03,-0.04,-0.01,0.1,0.06,-0.02,0,1.93,0.05
代號,名稱,,,,成交,漲跌 價,漲跌 幅,,,,,,,,,,,,,,,,平均 業外 損益 (億),,,,,,,,,,,,,2016Q4,14Q1 業外 損益 (億),14Q2 業外 損益 (億),14Q3 業外 損益 (億),14Q4 業外 損益 (億),15Q1 業外 損益 (億),15Q2 業外 損益 (億),15Q3 業外 損益 (億),15Q4 業外 損益 (億),16Q1 業外 損益 (億),16Q2 業外 損益 (億),16Q3 業外 損益 (億),16Q4 業外 損益 (億)
4577,達航科技,,,,18,-0.7,-3.74,,,,,,,,,,,,,,,,,,,,,,,,,,,,,2016Q4,,,,,,,,,,,,
4609,唐鋒,,,,7.51,-0.32,-4.09,,,,,,,,,,,,,,,,0.05,,,,,,,,,,,,,2016Q4,0.05,0.03,0.1,0.1,-0.03,0.02,0.23,-0.02,0.05,0.03,0.05,-0.01
4726,永昕,,,,32.2,+0.2,+0.62,,,,,,,,,,,,,,,,0.11,,,,,,,,,,,,,2016Q4,0.04,0.05,0.17,0.2,0.06,0.09,0.1,0.05,0.11,0.15,0.08,0.27
4743,合一,,,,61.5,+1.1,+1.82,,,,,,,,,,,,,,,,0.37,,,,,,,,,,,,,2016Q4,0,0.2,2.29,0.92,-0.01,0,0.02,0.03,-0.13,0.03,1.1,-0.01
4804,大略-KY,,,,3.58,+0.2,+5.92,,,,,,,,,,,,,,,,0.05,,,,,,,,,,,,,2016Q4,0,0.03,0,0.01,0.07,0.04,0.06,-0.02,0.09,0.15,0.03,0.13
4806,桂田文創,,,,9.15,-0.23,-2.45,,,,,,,,,,,,,,,,0.02,,,,,,,,,,,,,2016Q4,,0,0.03,0.06,0.02,-0.01,0.06,0.02,0,0,-0.02,0.02
4923,力士,,,,30.7,+0.7,+2.33,,,,,,,,,,,,,,,,,,,,,,,,,,,,,2016Q4,,,,,,,,,,,,
4946,辣椒,,,,118,-3,-2.48,,,,,,,,,,,,,,,,-0.18,,,,,,,,,,,,,2016Q4,0.4,0.77,0.51,-0.86,0.06,-0.16,-1,-1.55,0.02,-0.25,-0.11,0.04
4950,金耘國際,,,,18.25,+0.2,+1.11,,,,,,,,,,,,,,,,0.2,,,,,,,,,,,,,2016Q4,0.2,-0.21,0.28,-1.18,0,0.06,0.99,-0.45,0.99,0.3,0.39,0.99
4971,IET-KY,,,,116.5,+2.5,+2.19,,,,,,,,,,,,,,,,-0.03,,,,,,,,,,,,,2016Q4,0,0.01,0.22,0.12,-0.25,-0.16,-0.31,0.01,0.02,0.01,-0.01,0.01
4991,環宇-KY,,,,98,-2,-2,,,,,,,,,,,,,,,,0,,,,,,,,,,,,,2016Q4,0,0,0,0,-0.01,-0.16,0.34,-0.28,-0.72,0.2,0.26,0.34
5011,久陽,,,,14.15,-0.55,-3.74,,,,,,,,,,,,,,,,0.02,,,,,,,,,,,,,2016Q4,0.07,-0.01,0.02,0.01,0,0.06,0.02,0.03,0.05,0,-0.02,-0.01
5205,中茂,,,,36.4,-0.75,-2.02,,,,,,,,,,,,,,,,0.01,,,,,,,,,,,,,2016Q4,-0.01,0.01,0,0,0.07,0.01,0.01,0,0,0,0,0.03
5210,寶碩,,,,28.25,+2.55,+9.92,,,,,,,,,,,,,,,,0.02,,,,,,,,,,,,,2016Q4,0.01,0,0.04,0.13,0,-0.04,-0.01,0.11,-0.02,0.02,-0.01,0.01
5211,蒙恬,,,,22.8,-0.6,-2.56,,,,,,,,,,,,,,,,0.01,,,,,,,,,,,,,2016Q4,0.01,0,0.02,0.03,0.01,0.01,0.03,0.02,0.01,0.01,-0.01,0.02
5223,安力-KY,,,,24,+0.7,+3,,,,,,,,,,,,,,,,0.36,,,,,,,,,,,,,2016Q4,,,,,,,,,,,,0.36
5227,立凱-KY,,,,30.25,-0.5,-1.63,,,,,,,,,,,,,,,,-0.05,,,,,,,,,,,,,2016Q4,0.07,-0.3,0.12,0.25,-0.08,-0.25,0.24,-0.34,-0.03,-0.19,0.62,-0.66
5228,鈺鎧,,,,15.2,-0.1,-0.65,,,,,,,,,,,,,,,,,,,,,,,,,,,,,2016Q4,,,,,,,,,,,,
代號,名稱,,,,成交,漲跌 價,漲跌 幅,,,,,,,,,,,,,,,,平均 業外 損益 (億),,,,,,,,,,,,,2016Q4,14Q1 業外 損益 (億),14Q2 業外 損益 (億),14Q3 業外 損益 (億),14Q4 業外 損益 (億),15Q1 業外 損益 (億),15Q2 業外 損益 (億),15Q3 業外 損益 (億),15Q4 業外 損益 (億),16Q1 業外 損益 (億),16Q2 業外 損益 (億),16Q3 業外 損益 (億),16Q4 業外 損益 (億)
5245,智晶,,,,22.15,+0.25,+1.14,,,,,,,,,,,,,,,,0.04,,,,,,,,,,,,,2016Q4,0.08,-0.02,0.06,0.09,0,0,0.15,0.04,-0.06,0.07,0,0.05
5272,笙科,,,,19.75,-0.05,-0.25,,,,,,,,,,,,,,,,0.02,,,,,,,,,,,,,2016Q4,0.03,0,0.03,0.07,0,0.01,0.07,0.01,0,0.02,-0.01,0.04
5301,寶得利,,,,6.03,-0.2,-3.21,,,,,,,,,,,,,,,,0.08,,,,,,,,,,,,,2016Q4,0.19,0.24,0.06,0.09,0.18,0.01,0.05,0.21,0.07,0.01,-0.01,-0.12
5302,太欣,,,,7.32,-0.18,-2.4,,,,,,,,,,,,,,,,0.05,,,,,,,,,,,,,2016Q4,0.05,0.06,0.09,0.09,0.06,0.04,0.08,0.04,0.06,0.05,0,0.05
5345,天揚,,,,23.4,-0.25,-1.06,,,,,,,,,,,,,,,,0.23,,,,,,,,,,,,,2016Q4,0.02,1.4,0.01,-0.1,0.04,0.46,0.33,0.79,-0.37,0.39,0.25,-0.44
5348,正能量智能,,,,21.55,-1.15,-5.07,,,,,,,,,,,,,,,,0.03,,,,,,,,,,,,,2016Q4,0.04,0,0.04,0.06,0,0,0.13,-0.01,0,0.02,0,0.04
5351,鈺創,,,,23.5,+0.05,+0.21,,,,,,,,,,,,,,,,-0.04,,,,,,,,,,,,,2016Q4,0.28,-0.08,0.16,0.2,0.11,-0.2,0.25,-0.3,-0.06,-0.15,-0.47,-0.29
5355,佳總,,,,8.39,-0.09,-1.06,,,,,,,,,,,,,,,,0.05,,,,,,,,,,,,,2016Q4,0.12,-0.11,0.12,0.25,-0.02,-0.08,0.35,0.02,-0.07,0.04,-0.11,0.13
5364,力麗店,,,,21.5,-1.25,-5.49,,,,,,,,,,,,,,,,0.02,,,,,,,,,,,,,2016Q4,0.01,0.01,0.01,-0.04,0,0,-0.02,0.13,0,0.15,0,0.03
5468,凱鈺,,,,17.2,0,0,,,,,,,,,,,,,,,,0,,,,,,,,,,,,,2016Q4,0.02,0,0,0.01,-0.01,-0.01,-0.01,-0.03,-0.05,0.06,-0.01,-0.01
5475,德宏,,,,10.9,+0.05,+0.46,,,,,,,,,,,,,,,,-0.49,,,,,,,,,,,,,2016Q4,0.03,0.01,0.01,0.08,-0.02,0.08,0.01,-2.05,-0.1,-0.51,-0.53,-2.84
5481,新華,,,,28.25,-0.05,-0.18,,,,,,,,,,,,,,,,0.18,,,,,,,,,,,,,2016Q4,0.01,0.01,0.05,0.67,-0.07,-0.29,0.05,0.09,0.12,0.07,0.28,1.17
5487,通泰,,,,30,-0.05,-0.17,,,,,,,,,,,,,,,,0.02,,,,,,,,,,,,,2016Q4,0.05,0,0.04,0.05,0.01,0,0.07,0.01,-0.02,0,-0.03,0.06
5516,雙喜,,,,17.5,0,0,,,,,,,,,,,,,,,,0,,,,,,,,,,,,,2016Q4,-0.01,-0.02,0.03,0.03,-0.02,-0.04,-0.02,0.01,0.01,-0.01,0.03,0.04
5529,鉅陞,,,,30.4,-0.6,-1.94,,,,,,,,,,,,,,,,-0.07,,,,,,,,,,,,,2016Q4,-0.07,-0.04,-0.06,-0.05,-0.06,-0.02,-0.05,-0.01,-0.1,-0.11,-0.12,-0.13
5543,桓鼎-KY,,,,18.45,-0.45,-2.38,,,,,,,,,,,,,,,,-0.01,,,,,,,,,,,,,2016Q4,,,,,0.06,0.04,-0.06,-0.02,0.04,0,-0.04,-0.09
5701,劍湖山,,,,5.48,-0.15,-2.66,,,,,,,,,,,,,,,,-0.07,,,,,,,,,,,,,2016Q4,-0.03,-0.08,-0.05,0.02,-0.1,-0.08,-0.07,0.15,-0.05,-0.03,-0.43,-0.03
5905,南仁湖,,,,12.1,0,0,,,,,,,,,,,,,,,,-0.01,,,,,,,,,,,,,2016Q4,0.09,0.27,-0.15,0.43,0.17,-0.15,-0.23,-0.16,-0.06,0.04,-0.07,-0.31
代號,名稱,,,,成交,漲跌 價,漲跌 幅,,,,,,,,,,,,,,,,平均 業外 損益 (億),,,,,,,,,,,,,2016Q4,14Q1 業外 損益 (億),14Q2 業外 損益 (億),14Q3 業外 損益 (億),14Q4 業外 損益 (億),15Q1 業外 損益 (億),15Q2 業外 損益 (億),15Q3 業外 損益 (億),15Q4 業外 損益 (億),16Q1 業外 損益 (億),16Q2 業外 損益 (億),16Q3 業外 損益 (億),16Q4 業外 損益 (億)
6109,亞元,,,,9.2,+0.1,+1.1,,,,,,,,,,,,,,,,0.08,,,,,,,,,,,,,2016Q4,0.06,-0.04,0.03,0.07,-0.01,0.24,0.2,0.13,-0.07,0.09,0.07,0.17
6113,亞矽,,,,20.55,-1.15,-5.3,,,,,,,,,,,,,,,,0.08,,,,,,,,,,,,,2016Q4,0.12,-0.02,0.1,0.04,0.1,-0.06,-0.06,0,-0.04,0.05,0.63,0.09
6124,業強,,,,23.3,-0.45,-1.89,,,,,,,,,,,,,,,,0.33,,,,,,,,,,,,,2016Q4,-0.61,-0.16,0.5,0.2,0.19,0.37,-0.02,-0.19,-0.09,3.3,-0.13,0.57
6125,廣運,,,,59.9,0,0,,,,,,,,,,,,,,,,0.45,,,,,,,,,,,,,2016Q4,1.26,-0.33,0.06,1.12,0.28,0.87,0.87,-0.04,-0.16,2.97,-0.36,-1.21
6127,九豪,,,,17,-0.05,-0.29,,,,,,,,,,,,,,,,-0.09,,,,,,,,,,,,,2016Q4,-0.05,-0.14,-0.04,0.01,-0.07,-0.08,-0.14,-0.16,-0.05,-0.15,-0.03,-0.16
6129,普誠,,,,11.95,-0.15,-1.24,,,,,,,,,,,,,,,,0.09,,,,,,,,,,,,,2016Q4,0.13,0.54,0.11,0.3,-0.15,-0.37,0.04,0,0.2,0.33,0.1,-0.16
6130,上亞科技,,,,37.1,+1.7,+4.8,,,,,,,,,,,,,,,,0.03,,,,,,,,,,,,,2016Q4,0.39,-0.01,0.01,-0.15,0.03,0,0.02,0.04,0.02,-0.08,0.02,0.05
6144,得利影,,,,23.2,+0.2,+0.87,,,,,,,,,,,,,,,,0,,,,,,,,,,,,,2016Q4,0.04,0.06,0,-0.02,-0.04,-0.03,0.02,-0.03,0.04,0,0.02,-0.06
6150,撼訊,,,,57.9,+0.8,+1.4,,,,,,,,,,,,,,,,0.04,,,,,,,,,,,,,2016Q4,0.04,-0.05,0.02,0.19,-0.13,-0.04,0.14,0.29,0,0,0.04,-0.01
6160,欣技,,,,17.35,-0.15,-0.86,,,,,,,,,,,,,,,,0.02,,,,,,,,,,,,,2016Q4,0.02,-0.02,0.08,0.11,-0.01,0,0.14,0.01,-0.05,0.01,-0.07,0.03
6169,昱泉,,,,18.9,0,0,,,,,,,,,,,,,,,,0.01,,,,,,,,,,,,,2016Q4,0.06,-0.03,0.02,-0.02,-0.04,-0.03,0,-0.01,-0.01,0,-0.03,0.23
6179,亞通,,,,23,-0.2,-0.86,,,,,,,,,,,,,,,,-0.01,,,,,,,,,,,,,2016Q4,0.03,-0.02,-0.01,0.04,-0.01,0.01,-0.01,-0.04,-0.07,-0.01,-0.04,0
6198,瑞築,,,,34.25,+0.6,+1.78,,,,,,,,,,,,,,,,0.05,,,,,,,,,,,,,2016Q4,0,0,0.01,-0.04,0.01,0,0.03,0,0,0.6,0,-0.03
6210,慶生,,,,18.15,+0.05,+0.28,,,,,,,,,,,,,,,,0.02,,,,,,,,,,,,,2016Q4,0.03,-0.04,0.08,0.12,-0.03,-0.02,0.16,-0.01,-0.02,0,-0.03,0.03
6217,中探針,,,,26.15,+0.45,+1.75,,,,,,,,,,,,,,,,0.05,,,,,,,,,,,,,2016Q4,0.07,-0.04,0.03,0.15,-0.04,-0.02,0.35,0.03,-0.11,0.08,-0.13,0.17
6218,豪勉,,,,18.55,+0.3,+1.64,,,,,,,,,,,,,,,,0.07,,,,,,,,,,,,,2016Q4,0.05,0.04,0.31,0.1,0.02,-0.01,0.16,-0.04,0.06,0.05,0.03,0.1
6222,立軒,,,,23.7,0,0,,,,,,,,,,,,,,,,-0.03,,,,,,,,,,,,,2016Q4,0.02,0.02,0.02,0.03,0,0.02,-0.03,-0.1,-0.02,-0.17,-0.15,0.01
6228,全譜,,,,49.95,-5.55,-10,,,,,,,,,,,,,,,,0.01,,,,,,,,,,,,,2016Q4,0.02,-0.01,0,0.16,-0.01,-0.01,0.07,-0.02,-0.01,-0.02,-0.01,-0.01
代號,名稱,,,,成交,漲跌 價,漲跌 幅,,,,,,,,,,,,,,,,平均 業外 損益 (億),,,,,,,,,,,,,2016Q4,14Q1 業外 損益 (億),14Q2 業外 損益 (億),14Q3 業外 損益 (億),14Q4 業外 損益 (億),15Q1 業外 損益 (億),15Q2 業外 損益 (億),15Q3 業外 損益 (億),15Q4 業外 損益 (億),16Q1 業外 損益 (億),16Q2 業外 損益 (億),16Q3 業外 損益 (億),16Q4 業外 損益 (億)
6236,中湛,,,,28.9,0,0,,,,,,,,,,,,,,,,0.02,,,,,,,,,,,,,2016Q4,0,0.01,0.01,0.01,0.04,0,0.01,0.03,0.02,0.01,0.01,0.11
6237,驊訊,,,,33.75,-0.65,-1.89,,,,,,,,,,,,,,,,0.26,,,,,,,,,,,,,2016Q4,0.83,0.06,0.08,0.12,0.04,0.01,1.24,-0.19,0.1,0.22,0.35,0.24
6241,易通展,,,,12.25,-0.05,-0.41,,,,,,,,,,,,,,,,0.02,,,,,,,,,,,,,2016Q4,0.03,-0.01,0.02,0.06,0,-0.01,0.08,0.01,0.04,0.01,-0.03,0.04
6246,臺龍,,,,12.8,0,0,,,,,,,,,,,,,,,,-0.05,,,,,,,,,,,,,2016Q4,-0.09,-0.79,-1.33,-0.35,-0.2,0.11,0.55,-0.1,0.06,0.06,-0.03,1.55
6276,安鈦克,,,,37.35,-1.15,-2.99,,,,,,,,,,,,,,,,-0.01,,,,,,,,,,,,,2016Q4,0.06,0,0.06,0.1,-0.03,-0.03,0.13,-0.15,-0.26,-0.01,-0.07,0.09
6287,元隆,,,,8.9,-0.1,-1.11,,,,,,,,,,,,,,,,-0.06,,,,,,,,,,,,,2016Q4,-0.65,0.56,0.13,0.01,0.02,-0.09,0.02,-0.25,-0.15,-0.28,-0.04,-0.04
6441,廣錠,,,,23.7,-0.2,-0.84,,,,,,,,,,,,,,,,0.01,,,,,,,,,,,,,2016Q4,,-0.01,,,,-0.04,-0.05,0.12,-0.01,0.02,-0.05,0.11
6461,益得,,,,18.1,-0.8,-4.23,,,,,,,,,,,,,,,,0.03,,,,,,,,,,,,,2016Q4,,,,,,,0.01,0.06,,0.03,0.01,0.02
6462,神盾,,,,98.7,+1.5,+1.54,,,,,,,,,,,,,,,,0.03,,,,,,,,,,,,,2016Q4,0,0.04,0.02,0.01,0.01,0,0.06,0.01,-0.03,0.05,-0.07,0.28
6465,威潤,,,,14.05,-0.05,-0.35,,,,,,,,,,,,,,,,0.02,,,,,,,,,,,,,2016Q4,,-0.02,0.04,0.02,0,0,0.03,0.02,-0.01,0.02,0.02,0.09
6485,點序,,,,50.9,-1.1,-2.12,,,,,,,,,,,,,,,,0.02,,,,,,,,,,,,,2016Q4,0.03,-0.01,0.02,0.08,0,0,0.1,0.02,-0.01,0.03,-0.02,0.05
6492,生華科,,,,32.85,+0.1,+0.31,,,,,,,,,,,,,,,,0.03,,,,,,,,,,,,,2016Q4,,,,0.08,,0.04,0.04,0.02,0,0.02,0.01,0.02
6496,科懋,,,,26.45,+0.25,+0.95,,,,,,,,,,,,,,,,0,,,,,,,,,,,,,2016Q4,-0.02,0.01,0.01,-0.01,0,0.02,0.01,0,0,0.01,0.02,0
6499,益安,,,,47.3,+1.1,+2.38,,,,,,,,,,,,,,,,0.02,,,,,,,,,,,,,2016Q4,,0.01,,0.03,0.01,0.01,0.03,0.02,0.02,0.01,0.02,0.03
6512,啟發電,,,,20.35,-0.35,-1.69,,,,,,,,,,,,,,,,0.03,,,,,,,,,,,,,2016Q4,,0.04,0.04,0.08,-0.01,0,0.12,0,-0.04,0.02,-0.01,0.06
6535,順藥,,,,157.5,-0.5,-0.32,,,,,,,,,,,,,,,,0.07,,,,,,,,,,,,,2016Q4,,0.05,,0.09,0.03,0.01,0.09,0.06,-0.02,0.13,0.03,0.23
6547,高端疫苗,,,,51,+2.75,+5.7,,,,,,,,,,,,,,,,0.03,,,,,,,,,,,,,2016Q4,,,,,,,,0.02,,0.02,0.1,-0.02
6560,欣普羅,,,,31.35,-2.25,-6.7,,,,,,,,,,,,,,,,0.03,,,,,,,,,,,,,2016Q4,,,0.09,0.07,,-0.01,0.1,0,-0.04,0.01,-0.06,0.09
代號,名稱,,,,成交,漲跌 價,漲跌 幅,,,,,,,,,,,,,,,,平均 業外 損益 (億),,,,,,,,,,,,,2016Q4,14Q1 業外 損益 (億),14Q2 業外 損益 (億),14Q3 業外 損益 (億),14Q4 業外 損益 (億),15Q1 業外 損益 (億),15Q2 業外 損益 (億),15Q3 業外 損益 (億),15Q4 業外 損益 (億),16Q1 業外 損益 (億),16Q2 業外 損益 (億),16Q3 業外 損益 (億),16Q4 業外 損益 (億)
6576,逸達,,,,64.5,+0.4,+0.62,,,,,,,,,,,,,,,,0.01,,,,,,,,,,,,,2016Q4,,,,,,,,0.02,,0.01,0,0.02
6588,東典光電,,,,27.5,-0.15,-0.54,,,,,,,,,,,,,,,,,,,,,,,,,,,,,2016Q4,,,,,,,,,,,,
6589,台康生技,,,,63.2,+1.1,+1.77,,,,,,,,,,,,,,,,0.13,,,,,,,,,,,,,2016Q4,,,,,,,,,,,0.02,0.25
6616,特昇-KY,,,,10.05,+0.05,+0.5,,,,,,,,,,,,,,,,-0.01,,,,,,,,,,,,,2016Q4,,,,,,,,,,,0,-0.01
6617,共信-KY,,,,82.6,+4.8,+6.17,,,,,,,,,,,,,,,,,,,,,,,,,,,,,2016Q4,,,,,,,,,,,,
6649,台生材,,,,37,+0.5,+1.37,,,,,,,,,,,,,,,,0.02,,,,,,,,,,,,,2016Q4,,,,,,,,,,,0,0.04
6654,天正國際,,,,68,-0.4,-0.58,,,,,,,,,,,,,,,,0,,,,,,,,,,,,,2016Q4,,,,,,,,,,0.01,0.06,-0.06
6684,安格,,,,41.75,+0.1,+0.24,,,,,,,,,,,,,,,,,,,,,,,,,,,,,2016Q4,,,,,,,,,,,,
6708,天擎,,,,40.35,0,0,,,,,,,,,,,,,,,,,,,,,,,,,,,,,2016Q4,,,,,,,,,,,,
6733,博晟生醫,,,,26.6,+0.05,+0.19,,,,,,,,,,,,,,,,,,,,,,,,,,,,,2016Q4,,,,,,,,,,,,
6767,台微醫,,,,29.5,0,0,,,,,,,,,,,,,,,,,,,,,,,,,,,,,2016Q4,,,,,,,,,,,,
6804,明係,,,,22.55,+0.05,+0.22,,,,,,,,,,,,,,,,,,,,,,,,,,,,,2016Q4,,,,,,,,,,,,
6823,濾能,,,,41.05,-0.85,-2.03,,,,,,,,,,,,,,,,,,,,,,,,,,,,,2016Q4,,,,,,,,,,,,
6872,浩宇生醫,,,,24.8,+0.2,+0.81,,,,,,,,,,,,,,,,,,,,,,,,,,,,,2016Q4,,,,,,,,,,,,
6875,國邑*,,,,47.5,+0.7,+1.5,,,,,,,,,,,,,,,,,,,,,,,,,,,,,2016Q4,,,,,,,,,,,,
6929,佑全,,,,32.8,-0.2,-0.61,,,,,,,,,,,,,,,,,,,,,,,,,,,,,2016Q4,,,,,,,,,,,,
8024,佑華,,,,13.85,+1.25,+9.92,,,,,,,,,,,,,,,,0.02,,,,,,,,,,,,,2016Q4,0.03,0.02,0.03,0.06,0,0,0.09,0.02,0,0.01,-0.04,0.07
8027,鈦昇,,,,77.1,0,0,,,,,,,,,,,,,,,,0.01,,,,,,,,,,,,,2016Q4,0.01,-0.01,0.09,0.15,-0.03,-0.02,0.11,0,-0.11,-0.03,-0.06,0.07
代號,名稱,,,,成交,漲跌 價,漲跌 幅,,,,,,,,,,,,,,,,平均 業外 損益 (億),,,,,,,,,,,,,2016Q4,14Q1 業外 損益 (億),14Q2 業外 損益 (億),14Q3 業外 損益 (億),14Q4 業外 損益 (億),15Q1 業外 損益 (億),15Q2 業外 損益 (億),15Q3 業外 損益 (億),15Q4 業外 損益 (億),16Q1 業外 損益 (億),16Q2 業外 損益 (億),16Q3 業外 損益 (億),16Q4 業外 損益 (億)
8038,長園科,,,,20.5,+0.55,+2.76,,,,,,,,,,,,,,,,0.04,,,,,,,,,,,,,2016Q4,0,-0.02,0.05,0.09,-0.07,-0.02,0.34,0.1,0.07,0.14,-0.23,0.02
8040,九暘,,,,51.5,-1.7,-3.2,,,,,,,,,,,,,,,,0,,,,,,,,,,,,,2016Q4,0.02,0.01,0.01,-0.02,0,0,0.1,0.01,0.03,0.1,-0.26,0.01
8044,網家,,,,35.75,+0.3,+0.85,,,,,,,,,,,,,,,,0.07,,,,,,,,,,,,,2016Q4,0.07,0.13,0.08,0.15,0.01,0.06,0.13,0.1,0.04,0.12,0.01,-0.07
8047,星雲,,,,13.05,-0.25,-1.88,,,,,,,,,,,,,,,,-0.01,,,,,,,,,,,,,2016Q4,0.02,0,0.01,0.01,-0.03,0.04,-0.05,-0.02,0,-0.03,0,-0.05
8054,安國,,,,73.5,-0.1,-0.14,,,,,,,,,,,,,,,,0.11,,,,,,,,,,,,,2016Q4,0.11,-0.01,0.07,0.13,0.02,0.14,0.15,0.04,-0.02,0.77,-0.1,0.06
8059,凱碩,,,,22.15,-0.2,-0.89,,,,,,,,,,,,,,,,0.09,,,,,,,,,,,,,2016Q4,0.13,-0.01,0.1,0.07,0.01,0.03,0.21,0.03,0.37,-0.02,0.06,0.03
8067,志旭,,,,14.05,+0.05,+0.36,,,,,,,,,,,,,,,,-0.06,,,,,,,,,,,,,2016Q4,-0.01,0.04,0.02,0.12,0,0,0.03,-0.01,0.01,0.01,0.02,-0.92
8071,能率網通,,,,17.8,-0.1,-0.56,,,,,,,,,,,,,,,,0.05,,,,,,,,,,,,,2016Q4,0.03,-0.01,-0.04,-0.11,0.37,0.05,0.22,-0.13,-0.04,0.27,-0.04,0.04
8080,泰霖,,,,28.8,+0.05,+0.17,,,,,,,,,,,,,,,,-0.02,,,,,,,,,,,,,2016Q4,0.02,0,0.02,0.07,0,0,-0.16,-0.36,0,0.17,0.01,-0.06
8085,福華,,,,20.75,-0.3,-1.43,,,,,,,,,,,,,,,,0.51,,,,,,,,,,,,,2016Q4,0.31,0.54,1.29,0.05,0.04,-0.13,0.29,-0.21,-0.13,0.09,3.53,0.49
8092,建暐,,,,15.1,-0.05,-0.33,,,,,,,,,,,,,,,,0.01,,,,,,,,,,,,,2016Q4,0.01,-0.01,0.01,0.02,0.06,-0.03,-0.02,-0.01,-0.01,0.05,0.03,-0.03
8093,保銳,,,,14.9,-0.85,-5.4,,,,,,,,,,,,,,,,0.04,,,,,,,,,,,,,2016Q4,0.09,-0.08,-0.07,0.06,-0.18,-0.02,0.27,0.08,0.18,0.12,-0.03,0.03
8171,天宇,,,,38.6,+0.45,+1.18,,,,,,,,,,,,,,,,0.07,,,,,,,,,,,,,2016Q4,0.38,-0.07,0.18,0.2,-0.03,-0.1,0.4,-0.04,-0.07,0,-0.22,0.2
8277,商丞,,,,9.3,-0.03,-0.32,,,,,,,,,,,,,,,,0.01,,,,,,,,,,,,,2016Q4,0.01,-0.06,0.03,0.33,-0.06,-0.06,0.11,-0.03,-0.06,-0.02,-0.08,0.02
8291,尚茂,,,,4.57,-0.43,-8.6,,,,,,,,,,,,,,,,0,,,,,,,,,,,,,2016Q4,0.02,-0.01,0,0.02,0,-0.01,0.01,0,0,0,-0.02,0.01
8421,旭源,,,,12,+0.05,+0.42,,,,,,,,,,,,,,,,0,,,,,,,,,,,,,2016Q4,0.03,-0.2,0,0.16,-0.13,-0.05,0.1,0.01,-0.01,0.17,-0.28,0.21
8444,綠河-KY,,,,18.05,-0.05,-0.28,,,,,,,,,,,,,,,,-0.1,,,,,,,,,,,,,2016Q4,-0.2,-0.03,-0.07,-0.25,-0.08,0.13,-0.27,0.01,0.07,-0.07,-0.23,-0.2
8450,霹靂,,,,17.6,+0.1,+0.57,,,,,,,,,,,,,,,,0.09,,,,,,,,,,,,,2016Q4,0.09,0.02,0.06,0.07,0.02,0.01,0.2,0.04,-0.05,0.19,0.03,0.41
代號,名稱,,,,成交,漲跌 價,漲跌 幅,,,,,,,,,,,,,,,,平均 業外 損益 (億),,,,,,,,,,,,,2016Q4,14Q1 業外 損益 (億),14Q2 業外 損益 (億),14Q3 業外 損益 (億),14Q4 業外 損益 (億),15Q1 業外 損益 (億),15Q2 業外 損益 (億),15Q3 業外 損益 (億),15Q4 業外 損益 (億),16Q1 業外 損益 (億),16Q2 業外 損益 (億),16Q3 業外 損益 (億),16Q4 業外 損益 (億)
8455,大拓-KY,,,,21.9,-0.7,-3.1,,,,,,,,,,,,,,,,0,,,,,,,,,,,,,2016Q4,-0.02,0,-0.02,0.11,-0.02,0,-0.02,-0.01,-0.04,-0.01,-0.01,-0.01
8472,夠麻吉,,,,24.5,-0.85,-3.35,,,,,,,,,,,,,,,,0.02,,,,,,,,,,,,,2016Q4,,0.04,0.01,0.04,0.02,0.05,0.01,0.04,0.03,0.01,0,0.01
8477,創業家,,,,12.3,-0.4,-3.15,,,,,,,,,,,,,,,,0.03,,,,,,,,,,,,,2016Q4,,0.01,0.02,0.04,0.03,0.02,0.02,0.02,0.03,0.03,0.03,0.04
8489,三貝德,,,,30.9,+0.4,+1.31,,,,,,,,,,,,,,,,-0.01,,,,,,,,,,,,,2016Q4,,,0.01,-0.17,,0.04,0.01,0.01,-0.03,0.01,0,0.01
8906,花王,,,,24.65,+0.15,+0.61,,,,,,,,,,,,,,,,0,,,,,,,,,,,,,2016Q4,0,-0.01,0.01,0,-0.01,0,0,-0.01,0,-0.02,0.02,0
8921,沈氏,,,,21.1,-1.4,-6.22,,,,,,,,,,,,,,,,0.04,,,,,,,,,,,,,2016Q4,0.03,0.03,0.03,0.03,0.03,0.03,0.03,0.02,0.04,0.09,0.04,0.03
8933,愛地雅,,,,6.98,-0.12,-1.69,,,,,,,,,,,,,,,,0.11,,,,,,,,,,,,,2016Q4,0.08,0.02,0.27,0.59,-0.35,0.01,0.83,0.07,-0.22,-0.41,-0.12,0.52
8935,邦泰,,,,14.3,0,0,,,,,,,,,,,,,,,,-0.09,,,,,,,,,,,,,2016Q4,0.1,-0.03,-0.04,-0.16,0.09,0.02,-0.14,-0.1,0,-0.07,-0.65,-0.14
9949,琉園,,,,19.55,+1.1,+5.96,,,,,,,,,,,,,,,,0.01,,,,,,,,,,,,,2016Q4,0.01,0.02,0.04,0.08,0,0.01,0.02,-0.04,0,0.02,-0.01,0.01
