代號,名稱,成交,漲跌 價,漲跌 幅,平均 業外 損益 (億),22Q1 業外 損益 (億),22Q2 業外 損益 (億),22Q3 業外 損益 (億),22Q4 業外 損益 (億),23Q1 業外 損益 (億),23Q2 業外 損益 (億),23Q3 業外 損益 (億),23Q4 業外 損益 (億),24Q1 業外 損益 (億),24Q2 業外 損益 (億),24Q3 業外 損益 (億),24Q4 業外 損益 (億),17Q1 業外 損益 (億),17Q2 業外 損益 (億),17Q3 業外 損益 (億),17Q4 業外 損益 (億),18Q1 業外 損益 (億),18Q2 業外 損益 (億),18Q3 業外 損益 (億),18Q4 業外 損益 (億),19Q1 業外 損益 (億),19Q2 業外 損益 (億),19Q3 業外 損益 (億),19Q4 業外 損益 (億),季度,14Q1 業外 損益 (億),14Q2 業外 損益 (億),14Q3 業外 損益 (億),14Q4 業外 損益 (億),15Q1 業外 損益 (億),15Q2 業外 損益 (億),15Q3 業外 損益 (億),15Q4 業外 損益 (億),16Q1 業外 損益 (億),16Q2 業外 損益 (億),16Q3 業外 損益 (億),16Q4 業外 損益 (億)
1235,興泰,100.5,0,0,0.14,0.28,0.23,1.1,0.37,0.42,-0.7,0.96,0.3,0.46,0.65,0.85,-3.28,,,,,,,,,,,,,,,,,,,,,,,,,
1236,宏亞,20.75,-0.05,-0.24,0.43,4.57,0.01,0.02,0.02,0.02,0.08,0.07,0.05,0.04,0.03,0.09,0.13,,,,,,,,,,,,,,,,,,,,,,,,,
1301,台塑,35.5,-0.3,-0.84,25,63.9,100,56.3,-50.4,24.5,35.5,66.6,-14.6,18.1,11.7,-17.4,5.06,,,,,,,,,,,,,,,,,,,,,,,,,
1304,台聚,10.1,-0.05,-0.49,-10.1,-6.8,-12.7,-13.9,-17,-12.9,-8.26,-0.93,-13.4,-7.02,-7.76,-8.33,-12,,,,,,,,,,,,,,,,,,,,,,,,,
1305,華夏,11.25,0,0,0.33,3.22,0.69,0.86,-0.1,-0.18,0.31,0.44,-0.5,0.4,0.4,-0.1,-1.47,,,,,,,,,,,,,,,,,,,,,,,,,
1308,亞聚,13,-0.2,-1.52,-2.26,-1.93,-1.61,-4.03,-3.72,-2.87,-1.6,-0.14,-3.12,-1.78,-1.44,-2.09,-2.8,,,,,,,,,,,,,,,,,,,,,,,,,
1309,台達化,11.4,-0.1,-0.87,0.46,1.05,1.13,1.12,-0.12,0.21,0.67,0.68,-0.38,0.62,0.5,-0.35,0.42,,,,,,,,,,,,,,,,,,,,,,,,,
1310,台苯,8.92,-0.04,-0.45,0.21,1.39,-0.23,0.31,0.11,0.31,-0.01,-0.09,0.07,0.35,0.73,-0.16,-0.23,,,,,,,,,,,,,,,,,,,,,,,,,
1312,國喬,10.7,+0.1,+0.94,-0.23,5.81,2.37,-1.1,0.64,0.25,-3.8,-2.02,-1.06,-3.48,-0.04,0.06,-0.41,,,,,,,,,,,,,,,,,,,,,,,,,
1313,聯成,8.15,-0.04,-0.49,0.54,5.37,0.86,0.41,-0.13,1.01,-1.65,1.73,-0.68,0.64,-1.46,2.21,-1.77,,,,,,,,,,,,,,,,,,,,,,,,,
1316,上曜,15.15,-0.7,-4.42,-0.04,0.5,-1.31,-0.12,-0.06,0.12,0.24,-0.11,0.1,0.57,0.22,-0.18,-0.46,,,,,,,,,,,,,,,,,,,,,,,,,
1325,恆大,23.7,-0.3,-1.25,0.09,0.05,0.12,0.34,-0.25,0.05,0.37,0.48,-0.21,0.28,0.16,0.01,-0.31,,,,,,,,,,,,,,,,,,,,,,,,,
1337,再生-KY,5.6,+0.06,+1.08,-0.09,0.08,0.08,-0.22,-0.04,0.07,0.07,-0.18,-0.17,-0.13,-0.04,0.01,-0.61,,,,,,,,,,,,,,,,,,,,,,,,,
1338,廣華-KY,23.95,-0.05,-0.21,-0.05,0.2,-0.18,0.2,-0.22,-0.46,-0.75,0.06,-0.49,0.21,0.67,0.1,0.05,,,,,,,,,,,,,,,,,,,,,,,,,
1340,勝悅-KY,7.31,-0.02,-0.27,-0.72,0.09,0.03,-0.05,-0.05,0.05,0.08,0.06,-4.79,0.01,0.01,-0.32,-3.71,,,,,,,,,,,,,,,,,,,,,,,,,
1413,宏洲,11.6,+0.15,+1.31,0.02,0.06,0.06,0.03,0.01,0,0.01,0.02,0,0.01,0.01,0,0.01,,,,,,,,,,,,,,,,,,,,,,,,,
1417,嘉裕,7.81,+0.05,+0.64,0.34,0.09,0.41,0.56,1.86,0.12,0.16,0.58,-0.69,0.16,0.24,0.25,0.3,,,,,,,,,,,,,,,,,,,,,,,,,
1432,大魯閣,16.25,+0.1,+0.62,-0.08,-0.06,-0.2,-0.1,0.08,-0.08,-0.16,-0.06,0.04,-0.12,-0.11,-0.05,-0.15,,,,,,,,,,,,,,,,,,,,,,,,,
代號,名稱,成交,漲跌 價,漲跌 幅,平均 業外 損益 (億),22Q1 業外 損益 (億),22Q2 業外 損益 (億),22Q3 業外 損益 (億),22Q4 業外 損益 (億),23Q1 業外 損益 (億),23Q2 業外 損益 (億),23Q3 業外 損益 (億),23Q4 業外 損益 (億),24Q1 業外 損益 (億),24Q2 業外 損益 (億),24Q3 業外 損益 (億),24Q4 業外 損益 (億),,,,,,,,,,,,,,,,,,,,,,,,,
1435,中福,31.5,0,0,-0.13,1.34,0.77,-1.13,-2.82,0.06,0.01,0.02,0.02,0.03,0.04,0.04,0.03,,,,,,,,,,,,,,,,,,,,,,,,,
1438,三地開發,41.8,+2.3,+5.82,-0.19,0.05,-0.1,-0.18,-0.13,-0.14,-0.17,-0.21,-0.3,-0.07,-0.27,-0.4,-0.39,,,,,,,,,,,,,,,,,,,,,,,,,
1440,南紡,11.7,-0.15,-1.27,3.82,4.02,2.76,3.83,-0.09,0.62,1.36,1.47,28.8,0.49,1.02,1.9,-0.32,,,,,,,,,,,,,,,,,,,,,,,,,
1445,大宇,14.2,0,0,1,0.07,0.04,0.19,-0.02,-0.03,0.1,0.13,11.1,0.21,0.12,0.06,0.03,,,,,,,,,,,,,,,,,,,,,,,,,
1460,宏遠,6.8,-0.07,-1.02,-0.06,-4.35,0.22,0.59,3.68,-0.71,0.18,0,-0.76,0.5,0.03,-0.66,0.58,,,,,,,,,,,,,,,,,,,,,,,,,
1512,瑞利,6.23,0,0,0.12,0.07,-0.3,0.15,-0.24,0.13,0.39,0.4,0.41,0.06,0.26,0.1,0.06,,,,,,,,,,,,,,,,,,,,,,,,,
1516,川飛,14.15,-0.35,-2.41,0.01,0.01,0,0.01,0,-0.02,0.01,0.05,-0.12,0.12,0.04,0,0.02,,,,,,,,,,,,,,,,,,,,,,,,,
1517,利奇,11.05,0,0,0.33,0.54,0.02,0.78,-0.32,0.17,0.75,0.61,-0.17,0.92,0.42,0.29,0,,,,,,,,,,,,,,,,,,,,,,,,,
1526,日馳,18.6,-0.05,-0.27,0.05,0.2,-0.04,0.05,0.13,0.06,0.36,-0.05,-0.05,0.07,0.06,0.01,-0.14,,,,,,,,,,,,,,,,,,,,,,,,,
1528,恩德,12.15,-0.05,-0.41,0.07,0.55,0.33,0.42,-0.38,-0.08,0.23,0.56,-0.6,0.56,0.2,-0.08,-0.88,,,,,,,,,,,,,,,,,,,,,,,,,
1529,樂事綠能,21.95,+0.1,+0.46,-0.03,-0.05,-0.08,-0.03,-0.03,0.36,0.96,-0.98,0.26,-0.24,0.14,-0.3,-0.35,,,,,,,,,,,,,,,,,,,,,,,,,
1533,車王電,29.6,-0.25,-0.84,0.08,0.17,0.14,0.35,-0.16,-0.02,0.26,0.13,-0.03,0.05,0.11,-0.17,0.1,,,,,,,,,,,,,,,,,,,,,,,,,
1538,正峰,26,-0.55,-2.07,0.03,-0.17,0.18,0,0.1,0,0.3,-0.21,0.19,-0.02,-0.02,-0.07,0.12,,,,,,,,,,,,,,,,,,,,,,,,,
1587,吉茂,26.95,-0.35,-1.28,0.02,0.03,0.21,0.2,-0.15,-0.09,0.09,0.08,-0.06,0.1,-0.03,-0.19,0.02,,,,,,,,,,,,,,,,,,,,,,,,,
1589,永冠-KY,27.85,-0.1,-0.36,0.43,-0.98,-0.71,-1.34,-1.09,-0.11,0.05,-1.4,0.55,-1.02,-1.14,8.03,4.3,,,,,,,,,,,,,,,,,,,,,,,,,
1626,艾美特-KY,11.85,-0.05,-0.42,0.72,7.1,0.46,0.71,-0.45,-0.18,0.5,0.01,0.19,-0.39,0.12,0.14,0.38,,,,,,,,,,,,,,,,,,,,,,,,,
1710,東聯,12.9,-0.2,-1.53,0.55,-1.53,-1.4,-1.41,8.16,6.52,-0.52,-0.27,-0.89,-0.71,-0.56,-0.51,-0.26,,,,,,,,,,,,,,,,,,,,,,,,,
1721,三晃,11.45,+0.05,+0.44,0,0.1,0.22,0.3,-0.23,-0.08,0.06,0.11,-0.45,0,0,-0.1,0.06,,,,,,,,,,,,,,,,,,,,,,,,,
代號,名稱,成交,漲跌 價,漲跌 幅,平均 業外 損益 (億),22Q1 業外 損益 (億),22Q2 業外 損益 (億),22Q3 業外 損益 (億),22Q4 業外 損益 (億),23Q1 業外 損益 (億),23Q2 業外 損益 (億),23Q3 業外 損益 (億),23Q4 業外 損益 (億),24Q1 業外 損益 (億),24Q2 業外 損益 (億),24Q3 業外 損益 (億),24Q4 業外 損益 (億),,,,,,,,,,,,,,,,,,,,,,,,,
1802,台玻,14,+0.1,+0.72,1.63,4.24,4.79,1.48,3.35,2.85,-0.42,1.62,1.59,1.52,0.47,-2.44,0.56,,,,,,,,,,,,,,,,,,,,,,,,,
1903,士紙,45.5,+0.4,+0.89,0.41,-0.03,-0.06,3.32,-0.07,-0.09,-0.09,1.81,-0.12,-0.05,-0.07,0.46,-0.07,,,,,,,,,,,,,,,,,,,,,,,,,
1905,華紙,13.05,-0.2,-1.51,0.59,0.96,0.08,2.16,-0.15,0.1,0.18,1.57,-0.25,0.47,0.35,0.86,0.77,,,,,,,,,,,,,,,,,,,,,,,,,
1909,榮成,9.01,-0.16,-1.74,-1.56,0,0.79,-1.96,-3.52,-1.96,-2.56,-1.93,-2.24,-1,-1.55,-1.75,-1.07,,,,,,,,,,,,,,,,,,,,,,,,,
2007,燁興,8.3,-0.06,-0.72,-0.91,-0.99,-1.49,-1,-0.58,-0.76,-0.89,-0.97,-0.64,-0.65,-1.06,-1.25,-0.59,,,,,,,,,,,,,,,,,,,,,,,,,
2014,中鴻,16.5,-0.2,-1.2,0.69,0.53,0.57,5.21,-0.56,0.13,0.04,1.39,0.35,0.09,0.13,0.37,0,,,,,,,,,,,,,,,,,,,,,,,,,
2022,聚亨,8.1,-0.07,-0.86,-0.38,0.08,-1.29,-0.4,0.14,0.87,-0.55,-0.47,-0.17,0.12,-0.54,0.18,-2.55,,,,,,,,,,,,,,,,,,,,,,,,,
2023,燁輝,15.55,0,0,-5.11,2.07,-1.78,-5.63,-7.27,-3.69,-6.89,-5.92,-8.07,-5.07,-4.59,-7.79,-6.69,,,,,,,,,,,,,,,,,,,,,,,,,
2025,千興,13.35,-0.1,-0.74,1.17,3.55,-0.65,4.68,1.97,0.01,4.19,0.56,-0.45,-0.18,0.44,-0.1,-0.06,,,,,,,,,,,,,,,,,,,,,,,,,
2034,允強,20.1,-0.2,-0.99,-1.27,1.27,0.36,1.43,-5.68,-0.21,1.49,-4.3,-1.78,-1.72,-1.67,-1.64,-2.82,,,,,,,,,,,,,,,,,,,,,,,,,
2102,泰豐,16.95,-0.05,-0.29,-1.25,0.18,0.33,0.07,-6.84,-0.13,0.02,-0.53,-5.87,-0.22,0.08,-0.75,-1.27,,,,,,,,,,,,,,,,,,,,,,,,,
2104,國際中橡,10.55,-0.1,-0.94,-2.02,0.82,0.83,0.31,-4.62,-0.91,0.15,0.2,-2.09,-1.26,-11.9,-1.06,-4.68,,,,,,,,,,,,,,,,,,,,,,,,,
2208,台船,17.15,-0.55,-3.11,-0.04,0.42,0.59,1.83,-0.68,-1.09,-4.29,-7.09,0.5,1.77,3.66,3.63,0.3,,,,,,,,,,,,,,,,,,,,,,,,,
2241,艾姆勒,24.2,-0.1,-0.41,0.02,0.24,0.27,0.33,-0.32,-0.1,0.04,0.04,-0.11,0.02,0,-0.04,-0.11,,,,,,,,,,,,,,,,,,,,,,,,,
2254,巨鎧精密-創,67.4,-1.1,-1.61,-0.01,0.06,0.05,0.11,-0.08,-0.06,-0.03,-0.03,-0.06,-0.03,-0.03,-0.07,0.05,,,,,,,,,,,,,,,,,,,,,,,,,
2258,鴻華先進-創,40.5,-0.9,-2.17,0.41,,0.24,0.1,0.25,0.09,0.12,-0.05,1.72,0.64,0.47,0.8,0.1,,,,,,,,,,,,,,,,,,,,,,,,,
2314,台揚,12,+0.1,+0.84,-0.1,0.03,-0.37,0.02,-0.15,-0.12,-0.17,-0.12,0.14,-0.12,-0.09,-0.03,-0.18,,,,,,,,,,,,,,,,,,,,,,,,,
2321,東訊,13.65,-0.3,-2.15,0.03,0.03,0.17,0.11,-0.11,-0.05,0.05,0.13,-0.06,0.01,-0.01,0.07,-0.01,,,,,,,,,,,,,,,,,,,,,,,,,
代號,名稱,成交,漲跌 價,漲跌 幅,平均 業外 損益 (億),22Q1 業外 損益 (億),22Q2 業外 損益 (億),22Q3 業外 損益 (億),22Q4 業外 損益 (億),23Q1 業外 損益 (億),23Q2 業外 損益 (億),23Q3 業外 損益 (億),23Q4 業外 損益 (億),24Q1 業外 損益 (億),24Q2 業外 損益 (億),24Q3 業外 損益 (億),24Q4 業外 損益 (億),,,,,,,,,,,,,,,,,,,,,,,,,
2323,中環,7.77,-0.06,-0.77,1.57,-0.38,-4.03,-2.15,2.49,8.06,15.2,-10.4,8.57,-1.99,15.3,-6.34,-5.5,,,,,,,,,,,,,,,,,,,,,,,,,
2331,精英,15.4,+0.2,+1.32,1.68,2.34,1.85,5.3,-1.03,0.59,1.42,2.83,2.18,2.14,1.08,0.41,1.08,,,,,,,,,,,,,,,,,,,,,,,,,
2337,旺宏,19.15,-0.05,-0.26,1.52,1.88,4.09,4.23,-0.97,0.51,2.49,2.02,0.2,1.05,1.98,0.32,0.42,,,,,,,,,,,,,,,,,,,,,,,,,
2338,光罩,31.15,+0.3,+0.97,-1.47,-5.18,-6.89,2.24,4.09,0.28,-0.36,-2.24,-0.71,6.46,-4.79,-3.69,-6.85,,,,,,,,,,,,,,,,,,,,,,,,,
2340,台亞,20.75,+0.25,+1.22,0.32,0.44,-0.2,0.55,-0.15,1.07,0.83,0.74,-0.42,0.7,0.16,-0.37,0.54,,,,,,,,,,,,,,,,,,,,,,,,,
2369,菱生,13.45,-0.05,-0.37,0.2,0.23,0.23,0.38,0.35,0.05,0.22,0.24,-0.08,0.23,0.17,0.11,0.3,,,,,,,,,,,,,,,,,,,,,,,,,
2380,虹光,3.89,+0.34,+9.58,0.01,-0.23,0.22,0.08,0.06,0,0.43,-0.49,0.21,-0.08,0.08,-0.2,0.03,,,,,,,,,,,,,,,,,,,,,,,,,
2390,云辰,10.25,-0.05,-0.49,-0.89,-0.8,-2.03,-4.08,-1.34,-0.84,0.17,0.68,-0.47,-1.21,0.4,-0.61,-0.61,,,,,,,,,,,,,,,,,,,,,,,,,
2406,國碩,11,0,0,-0.32,1.11,-0.11,0.39,-1.64,-0.05,-0.1,1.29,-3.15,1.17,-0.05,-0.38,-2.38,,,,,,,,,,,,,,,,,,,,,,,,,
2408,南亞科,32.1,-0.65,-1.98,11.4,17.7,17.4,22.4,1.25,7.73,12.6,12,5.21,13.8,10.5,6.77,8.99,,,,,,,,,,,,,,,,,,,,,,,,,
2409,友達,12.3,-0.1,-0.81,10.5,7.16,10,23.1,4.33,-1.56,1.6,5.67,-2.92,16.3,1.79,-2.85,63.4,,,,,,,,,,,,,,,,,,,,,,,,,
2413,環科,18.25,0,0,0.19,0.51,-0.07,0.57,-0.29,0.13,-0.03,0.58,-0.23,0.47,0.38,-0.17,0.39,,,,,,,,,,,,,,,,,,,,,,,,,
2424,隴華,59.8,0,0,-0.01,-0.06,0.03,-0.03,0,0,-0.07,-0.06,0.03,0.03,0.04,-0.01,0,,,,,,,,,,,,,,,,,,,,,,,,,
2429,銘旺科,44.2,-0.55,-1.23,0.02,-0.03,0.02,0.03,-0.06,-0.03,-0.02,0.07,0.4,0,0,-0.06,-0.1,,,,,,,,,,,,,,,,,,,,,,,,,
2431,聯昌,11.05,-0.15,-1.34,0.23,0.13,0.29,0.36,0.94,0.12,0.24,0.11,0.14,0.09,0.12,0.14,0.12,,,,,,,,,,,,,,,,,,,,,,,,,
2438,翔耀,29.5,+0.5,+1.72,0.01,0.03,0.02,0.05,0.01,0.02,0.03,0.02,0.02,0,0.15,-0.04,-0.14,,,,,,,,,,,,,,,,,,,,,,,,,
2440,太空梭,15.8,+0.65,+4.29,-0.07,0.13,-0.24,-0.07,-0.06,-0.02,-0.18,0.11,-0.36,0.08,-0.03,-0.09,-0.05,,,,,,,,,,,,,,,,,,,,,,,,,
2444,兆勁,12.1,-0.15,-1.22,0.06,0.11,0.15,0.27,-0.2,-0.1,0.11,0.23,-0.32,0.32,0.12,-0.21,0.25,,,,,,,,,,,,,,,,,,,,,,,,,
代號,名稱,成交,漲跌 價,漲跌 幅,平均 業外 損益 (億),22Q1 業外 損益 (億),22Q2 業外 損益 (億),22Q3 業外 損益 (億),22Q4 業外 損益 (億),23Q1 業外 損益 (億),23Q2 業外 損益 (億),23Q3 業外 損益 (億),23Q4 業外 損益 (億),24Q1 業外 損益 (億),24Q2 業外 損益 (億),24Q3 業外 損益 (億),24Q4 業外 損益 (億),,,,,,,,,,,,,,,,,,,,,,,,,
2460,建通,16.45,-0.35,-2.08,0.01,0.01,0.39,0.54,-0.32,-0.11,0.2,0.04,-0.21,-0.13,-0.18,0,-0.13,,,,,,,,,,,,,,,,,,,,,,,,,
2465,麗臺,47.6,0,0,-0.07,0.06,-0.06,-0.5,0.01,-0.03,-0.06,-0.08,-0.17,0.02,-0.06,-0.06,0.08,,,,,,,,,,,,,,,,,,,,,,,,,
2466,冠西電,108.5,+4,+3.83,0.31,-0.02,0.02,0.11,0.63,-0.17,-0.24,0.03,2.08,-0.12,-0.15,-0.27,1.84,,,,,,,,,,,,,,,,,,,,,,,,,
2485,兆赫,11.5,-0.05,-0.43,0.23,0.68,0.34,1.37,-0.07,0.46,0.71,0.35,-2.72,0.64,0.48,0.05,0.48,,,,,,,,,,,,,,,,,,,,,,,,,
2491,吉祥全,11.1,+0.05,+0.45,0.11,-0.36,-0.45,-0.3,-0.01,0.98,0.06,0.12,0.79,0.56,0.2,-0.63,0.34,,,,,,,,,,,,,,,,,,,,,,,,,
2498,宏達電,36.9,-0.15,-0.4,2.59,2.88,3.69,1.55,1.78,2.8,2.07,2.15,1.93,3.07,3.63,2.5,3.03,,,,,,,,,,,,,,,,,,,,,,,,,
2547,日勝生,12.65,+0.25,+2.02,-1.97,-1.55,-1.51,-1.81,-1.98,-2,-1.93,-2.1,-2.01,-2.18,-2.08,-2.17,-2.34,,,,,,,,,,,,,,,,,,,,,,,,,
2601,益航,6.48,-0.09,-1.37,-2.7,-1.51,-1.88,-1.21,-2.79,-1.26,-2.27,-2.37,-14.6,-1.71,-0.53,-0.38,-1.84,,,,,,,,,,,,,,,,,,,,,,,,,
2616,山隆,16.15,-0.45,-2.71,0.36,0.05,1.22,0.24,0.79,0.09,0.67,0.12,0.36,0.02,0.71,-0.23,0.27,,,,,,,,,,,,,,,,,,,,,,,,,
2642,宅配通,28,-0.4,-1.41,0.04,-0.01,0.16,-0.02,0,-0.05,0.22,-0.03,-0.05,0,0.16,0.08,-0.01,,,,,,,,,,,,,,,,,,,,,,,,,
2712,遠雄來,18.4,0,0,0,0.02,0.02,-0.08,0.01,0.02,0,0,0.02,0.01,0.01,0,0,,,,,,,,,,,,,,,,,,,,,,,,,
2722,夏都,27.5,-0.5,-1.79,0.05,0,-0.02,0.07,-0.02,0.14,0.01,0.04,0,0.35,-0.01,-0.01,-0.02,,,,,,,,,,,,,,,,,,,,,,,,,
2911,麗嬰房,5.08,-0.07,-1.36,0.09,0.16,0.13,-0.01,0.18,0.2,0.02,0.2,0.05,0.14,0.16,0.01,-0.12,,,,,,,,,,,,,,,,,,,,,,,,,
2913,農林,15.45,+0.05,+0.32,-1.45,0.57,-0.13,-0.13,-14.9,-0.22,-0.25,-0.14,-1.07,-0.16,-0.32,-0.29,-0.38,,,,,,,,,,,,,,,,,,,,,,,,,
2939,永邑-KY,28.85,+1.7,+6.26,0.13,0.35,0.31,0.48,-0.21,0.07,0.46,0.42,-0.23,0.41,-0.74,-0.1,0.32,,,,,,,,,,,,,,,,,,,,,,,,,
3011,今皓,12.6,-0.15,-1.18,0.04,0.04,0.32,0.33,0.03,0.01,0.21,0.04,-0.55,0.01,0.25,-0.01,-0.21,,,,,,,,,,,,,,,,,,,,,,,,,
3018,隆銘綠能,21.85,+0.4,+1.86,-0.09,-0.11,-0.08,-0.09,-0.02,-0.05,-0.08,-0.08,0.11,-0.51,0.11,-0.41,0.09,,,,,,,,,,,,,,,,,,,,,,,,,
3041,揚智,23.55,-0.15,-0.63,-0.5,-0.06,-0.27,-0.18,-0.11,-0.17,-0.07,-0.2,-5.18,-0.26,-0.16,0.46,0.16,,,,,,,,,,,,,,,,,,,,,,,,,
代號,名稱,成交,漲跌 價,漲跌 幅,平均 業外 損益 (億),22Q1 業外 損益 (億),22Q2 業外 損益 (億),22Q3 業外 損益 (億),22Q4 業外 損益 (億),23Q1 業外 損益 (億),23Q2 業外 損益 (億),23Q3 業外 損益 (億),23Q4 業外 損益 (億),24Q1 業外 損益 (億),24Q2 業外 損益 (億),24Q3 業外 損益 (億),24Q4 業外 損益 (億),,,,,,,,,,,,,,,,,,,,,,,,,
3048,益登,23.8,0,0,-3.74,-0.23,-0.95,-2.04,-3.77,-3.84,-3.57,-3.38,-3.93,-2.28,-3.92,-12.3,-4.7,,,,,,,,,,,,,,,,,,,,,,,,,
3049,精金,6.88,-0.08,-1.15,0.24,0.08,0.89,0.19,-0.05,0.22,0.59,0.17,0.2,0.56,0.59,-0.81,0.23,,,,,,,,,,,,,,,,,,,,,,,,,
3054,立萬利,22.8,+0.8,+3.64,-0.02,-0.09,-0.68,-0.02,-0.02,0.24,0,-0.04,0.25,-0.05,0.14,-0.12,0.09,,,,,,,,,,,,,,,,,,,,,,,,,
3055,蔚華科,48.05,-0.35,-0.72,0.71,-0.14,-0.24,2.31,5.4,2.08,-0.25,-0.74,0.37,-1,0.39,0.06,0.32,,,,,,,,,,,,,,,,,,,,,,,,,
3057,喬鼎,8.18,-0.09,-1.09,0.01,0.09,0.04,0.07,0.01,0,0.05,0.09,-0.32,0.09,0.05,-0.05,0.04,,,,,,,,,,,,,,,,,,,,,,,,,
3058,立德,10.25,-0.15,-1.44,0.05,-0.38,-0.04,-0.17,0.11,0.41,0.24,0.05,0.44,-0.49,0.59,0.19,-0.35,,,,,,,,,,,,,,,,,,,,,,,,,
3092,鴻碩,19.25,-0.5,-2.53,0.03,-0.05,0.03,-0.05,0.02,0.08,-0.02,0.08,-0.24,0.07,0.19,0.13,0.11,,,,,,,,,,,,,,,,,,,,,,,,,
3149,正達,29.8,-0.35,-1.16,0.18,0.28,0.28,0.59,-0.34,0.38,0.25,0.27,-0.09,0.31,0.2,0.02,-0.02,,,,,,,,,,,,,,,,,,,,,,,,,
3321,同泰,7.08,+0.36,+5.36,0.05,0.06,0.39,0.45,-0.81,-0.06,0.36,0.15,-0.24,0.07,0.09,-0.08,0.23,,,,,,,,,,,,,,,,,,,,,,,,,
3419,譁裕,14.55,+0.15,+1.04,0.11,0.11,0.24,0.49,-0.66,-0.05,0.83,0.22,-0.28,0.16,0.14,-0.13,0.3,,,,,,,,,,,,,,,,,,,,,,,,,
3432,台端,13.8,+0.65,+4.94,-1.18,0.56,0.66,1.04,-16.6,0.04,0.05,0.01,-0.02,0.02,0.01,-0.01,0.06,,,,,,,,,,,,,,,,,,,,,,,,,
3437,榮創,15.15,-0.15,-0.98,0.11,0.17,0.28,0.26,-0.39,0.16,0.04,0.2,-0.13,0.18,0.2,0.1,0.23,,,,,,,,,,,,,,,,,,,,,,,,,
3494,誠研,14.55,0,0,-0.1,0.02,-0.06,0,-0.16,-0.1,-0.09,-0.12,-0.18,-0.14,-0.11,-0.08,-0.13,,,,,,,,,,,,,,,,,,,,,,,,,
3504,揚明光,44.35,+0.35,+0.8,0.1,0.16,0.24,0.55,-0.16,-0.11,0.18,0.17,-0.02,-1.15,0.37,0.3,0.7,,,,,,,,,,,,,,,,,,,,,,,,,
3518,柏騰,17.75,0,0,0.15,0.07,0.07,0.07,0.88,0.58,0.02,0.02,0.02,0.07,0.03,-0.04,0.04,,,,,,,,,,,,,,,,,,,,,,,,,
3530,晶相光,55.4,-0.7,-1.25,0.11,0.1,0.06,0.05,-0.07,0.01,0.22,0.33,-0.33,0.46,0.26,-0.08,0.28,,,,,,,,,,,,,,,,,,,,,,,,,
3543,州巧,17.4,+0.3,+1.75,0.04,0.04,0.17,0.17,-0.16,0.06,0.06,0.17,-0.05,0.17,0.03,0.01,-0.2,,,,,,,,,,,,,,,,,,,,,,,,,
3550,聯穎,12.6,-0.05,-0.4,0.1,0.02,0.13,0.26,-0.03,-0.06,0.13,0,0,0.25,0.12,0.05,0.29,,,,,,,,,,,,,,,,,,,,,,,,,
代號,名稱,成交,漲跌 價,漲跌 幅,平均 業外 損益 (億),22Q1 業外 損益 (億),22Q2 業外 損益 (億),22Q3 業外 損益 (億),22Q4 業外 損益 (億),23Q1 業外 損益 (億),23Q2 業外 損益 (億),23Q3 業外 損益 (億),23Q4 業外 損益 (億),24Q1 業外 損益 (億),24Q2 業外 損益 (億),24Q3 業外 損益 (億),24Q4 業外 損益 (億),,,,,,,,,,,,,,,,,,,,,,,,,
3576,聯合再生,8.2,+0.1,+1.23,-1.79,1.08,0.22,1.87,-1.1,-0.34,-1.02,-2.77,-3,0.29,-7.06,-6.12,-3.48,,,,,,,,,,,,,,,,,,,,,,,,,
3593,力銘,9.85,-0.15,-1.5,-0.04,-0.03,-0.06,-0.03,-0.1,-0.07,-0.06,-0.1,-0.07,0.19,0.26,-0.09,-0.36,,,,,,,,,,,,,,,,,,,,,,,,,
3686,達能,14.1,-0.4,-2.76,0.03,0,0,0.01,-0.02,0.02,0.04,0.06,-0.01,0.06,0.04,0.11,0,,,,,,,,,,,,,,,,,,,,,,,,,
3714,富采,35.15,+0.2,+0.57,-2.89,1.74,0.58,-1.06,-1.43,-0.02,0.01,0.11,-33.9,0.08,-2.05,0.83,0.5,,,,,,,,,,,,,,,,,,,,,,,,,
4108,懷特,13.15,0,0,0.12,0.04,0.05,0.27,0.05,0.07,0.07,0.27,0.07,0.05,0.07,0.3,0.1,,,,,,,,,,,,,,,,,,,,,,,,,
4142,國光生,18.55,-0.15,-0.8,-0.02,0.07,0.14,0.53,-0.11,-0.1,0.1,0.3,-0.78,-0.05,-0.17,-0.25,0.1,,,,,,,,,,,,,,,,,,,,,,,,,
4190,佐登-KY,34.5,+0.4,+1.17,0.05,0.11,0.2,0.14,-0.07,0.08,0.06,0.06,-0.06,0.02,0.1,-0.06,0.04,,,,,,,,,,,,,,,,,,,,,,,,,
4426,利勤,11.2,-0.2,-1.75,0.11,0.35,0.36,0.64,-0.35,-0.15,0.21,0.34,-0.61,0.38,0.03,-0.16,0.25,,,,,,,,,,,,,,,,,,,,,,,,,
4526,東台,21.5,-1,-4.44,0.32,0.84,-0.24,0.45,-0.55,-0.06,0.21,0.41,1.94,0.43,0.44,0.51,-0.57,,,,,,,,,,,,,,,,,,,,,,,,,
4540,全球傳動,36.6,-0.05,-0.14,0.01,0.56,-0.25,0.26,-0.43,0.02,-0.96,0.81,-0.64,0.42,0.24,0.34,-0.27,,,,,,,,,,,,,,,,,,,,,,,,,
4555,氣立,34.75,+0.35,+1.02,0,0.05,-0.01,0.05,-0.05,-0.04,-0.03,-0.01,0.02,-0.01,0.06,-0.02,0.01,,,,,,,,,,,,,,,,,,,,,,,,,
4562,穎漢,40.9,+0.55,+1.36,0.05,0.14,0.12,0.26,-0.01,-0.03,-0.05,0.12,-0.25,0.12,0.08,-0.04,0.1,,,,,,,,,,,,,,,,,,,,,,,,,
4564,元翎,19.4,+0.65,+3.47,-0.08,0.16,-0.07,0.07,-0.19,-0.07,-0.25,0.12,-0.58,0,0.04,-0.05,-0.14,,,,,,,,,,,,,,,,,,,,,,,,,
4737,華廣,55,+5,+10,-0.08,-0.04,-0.05,-0.12,-0.24,-0.08,0.02,-0.06,-0.06,-0.1,-0.01,-0.09,-0.11,,,,,,,,,,,,,,,,,,,,,,,,,
4764,雙鍵,39,-0.2,-0.51,0.06,0.09,0.16,0.33,-0.04,0.12,0.18,0.06,-0.11,0.03,0,-0.03,-0.05,,,,,,,,,,,,,,,,,,,,,,,,,
4807,日成-KY,17.7,+1.6,+9.94,0.02,0.08,0.17,0.11,-0.13,0,0.13,0.09,-0.14,0.06,0.02,-0.18,0.06,,,,,,,,,,,,,,,,,,,,,,,,,
4927,泰鼎-KY,22.5,-0.65,-2.81,-0.5,0.09,-0.11,-0.11,-0.52,-0.54,-0.26,-0.5,-0.71,-0.54,-0.33,-0.54,-1.93,,,,,,,,,,,,,,,,,,,,,,,,,
4934,太極,9.9,0,0,0.35,-0.03,-0.04,-0.03,2.19,0.21,0.28,0.41,0.06,0.37,0.4,0.09,0.29,,,,,,,,,,,,,,,,,,,,,,,,,
代號,名稱,成交,漲跌 價,漲跌 幅,平均 業外 損益 (億),22Q1 業外 損益 (億),22Q2 業外 損益 (億),22Q3 業外 損益 (億),22Q4 業外 損益 (億),23Q1 業外 損益 (億),23Q2 業外 損益 (億),23Q3 業外 損益 (億),23Q4 業外 損益 (億),24Q1 業外 損益 (億),24Q2 業外 損益 (億),24Q3 業外 損益 (億),24Q4 業外 損益 (億),,,,,,,,,,,,,,,,,,,,,,,,,
4943,康控-KY,12,0,0,0.4,0.7,0,0.26,0.12,1.45,0,-0.07,0.32,1.32,0.3,0.22,0.17,,,,,,,,,,,,,,,,,,,,,,,,,
4949,有成精密,38.5,-0.8,-2.04,0.01,,0.23,0.17,-0.15,-0.04,0.03,0.04,0.02,0.06,-0.04,-0.22,0.04,,,,,,,,,,,,,,,,,,,,,,,,,
4956,光鋐,21.35,+0.75,+3.64,0.04,0.11,0.02,0.13,-0.13,-0.02,0.05,0.18,-0.18,0.18,0.06,-0.05,0.07,,,,,,,,,,,,,,,,,,,,,,,,,
4960,誠美材,12.25,-0.15,-1.21,0.55,0.52,0.89,3.72,-0.67,-0.09,-0.73,1.29,-1.6,1.3,1.07,-0.94,1.88,,,,,,,,,,,,,,,,,,,,,,,,,
4976,佳凌,25.8,+0.3,+1.18,0.16,0.26,0.21,0.53,-0.29,-0.02,0.26,0.34,-0.31,0.42,0.26,-0.17,0.43,,,,,,,,,,,,,,,,,,,,,,,,,
4989,榮科,14.6,-0.05,-0.34,0.21,0.52,0.37,0.67,-0.23,0,0.15,0.42,-0.42,0.5,0.21,-0.12,0.4,,,,,,,,,,,,,,,,,,,,,,,,,
5484,慧友,37.55,0,0,0.05,-0.2,-0.25,0.14,0.01,0.19,0.11,0.02,0.08,0.29,0.4,-0.09,-0.09,,,,,,,,,,,,,,,,,,,,,,,,,
5531,鄉林,9.71,-0.11,-1.12,-1.32,-0.95,-3.84,-3.79,-0.58,0.62,-3.3,-0.79,2.09,-1.84,-3.54,1.01,-0.9,,,,,,,,,,,,,,,,,,,,,,,,,
5546,永固-KY,28,+0.15,+0.54,-0.14,0.03,0.07,-0.18,-0.22,-0.09,-0.16,-0.06,-0.28,-0.26,-0.24,-0.05,-0.23,,,,,,,,,,,,,,,,,,,,,,,,,
5608,四維航,16.3,-0.1,-0.61,-0.98,-1,-1.3,-1.38,-0.29,-0.88,-1.45,-1.6,0.67,-1.81,-0.12,0.12,-2.65,,,,,,,,,,,,,,,,,,,,,,,,,
5907,大洋-KY,8.64,-0.34,-3.79,-2.16,-1.39,-1.45,-0.37,-3.22,-1.15,-1.86,-1.37,-11.8,-1.53,-0.32,-0.27,-1.15,,,,,,,,,,,,,,,,,,,,,,,,,
6112,邁達特,43.5,-0.55,-1.25,0.35,0.1,-0.04,0.31,0.68,0.79,0.63,-0.31,1.12,1.03,0.4,-0.35,-0.18,,,,,,,,,,,,,,,,,,,,,,,,,
6116,彩晶,6.98,0,0,-0.08,-6.56,-1.02,2.21,-1.66,-0.02,3.72,0.09,-2.25,-0.55,7.22,-1.5,-0.59,,,,,,,,,,,,,,,,,,,,,,,,,
6141,柏承,9.4,-0.05,-0.53,-0.23,-0.11,-0.29,0,-0.29,-0.15,0.03,0.03,-0.08,0.02,-0.5,-0.34,-1.14,,,,,,,,,,,,,,,,,,,,,,,,,
6142,友勁,8.62,+0.04,+0.47,0.43,0.15,0.95,0.84,-0.09,-0.06,0.28,0.66,0.83,0.26,1.21,-0.03,0.21,,,,,,,,,,,,,,,,,,,,,,,,,
6152,百一,9.01,-0.06,-0.66,0.28,0.51,0.42,0.59,-0.36,0.01,0.26,0.52,0.06,0.54,0.3,-0.04,0.52,,,,,,,,,,,,,,,,,,,,,,,,,
6153,嘉聯益,11.4,+0.25,+2.24,-1.03,0.14,1.86,1.83,-0.69,-0.25,0.56,-9.49,-0.99,0.89,0.49,-7.45,0.79,,,,,,,,,,,,,,,,,,,,,,,,,
6168,宏齊,15.9,0,0,0.26,0.74,0.59,0.8,-0.23,0.1,0.38,0.49,-0.29,0.15,0.14,0.04,0.22,,,,,,,,,,,,,,,,,,,,,,,,,
代號,名稱,成交,漲跌 價,漲跌 幅,平均 業外 損益 (億),22Q1 業外 損益 (億),22Q2 業外 損益 (億),22Q3 業外 損益 (億),22Q4 業外 損益 (億),23Q1 業外 損益 (億),23Q2 業外 損益 (億),23Q3 業外 損益 (億),23Q4 業外 損益 (億),24Q1 業外 損益 (億),24Q2 業外 損益 (億),24Q3 業外 損益 (億),24Q4 業外 損益 (億),,,,,,,,,,,,,,,,,,,,,,,,,
6202,盛群,38.75,+0.2,+0.52,0.15,1.32,0.37,-0.1,0,0.02,-0.39,0.25,-0.08,0.14,0.24,0.07,0.01,,,,,,,,,,,,,,,,,,,,,,,,,
6209,今國光,23.5,-0.45,-1.88,0.23,0.1,0.54,0.74,0.09,-0.04,0.63,0.16,-0.11,0.26,0.21,0,0.21,,,,,,,,,,,,,,,,,,,,,,,,,
6225,天瀚,12.35,-0.55,-4.26,0.01,0,0,-0.01,0,0,0,0,0.08,0.01,0,-0.03,0.01,,,,,,,,,,,,,,,,,,,,,,,,,
6226,光鼎,7.28,+0.05,+0.69,0.05,0.11,0.21,0.23,-0.18,-0.1,0.08,-0.22,0.12,0.2,0.08,-0.02,0.11,,,,,,,,,,,,,,,,,,,,,,,,,
6269,台郡,49.8,-0.6,-1.19,1.74,2.37,2.3,5.15,-2,1.05,2.56,2.54,0.76,1.85,1.83,0.92,1.54,,,,,,,,,,,,,,,,,,,,,,,,,
6282,康舒,26.05,-0.2,-0.76,0.23,0.48,0.56,3.71,-2.8,-0.17,-0.27,0.24,-1.83,0.79,1.41,-1.14,1.8,,,,,,,,,,,,,,,,,,,,,,,,,
6405,悅城,21.6,-0.55,-2.48,0.17,0.34,0.39,0.84,-0.54,0.06,0.17,0.29,-0.18,0.29,0.2,-0.06,0.25,,,,,,,,,,,,,,,,,,,,,,,,,
6426,統新,59.1,0,0,0.07,0.1,0.1,0.27,-0.09,-0.01,0.09,0.12,-0.1,0.16,0.08,-0.01,0.09,,,,,,,,,,,,,,,,,,,,,,,,,
6431,光麗-KY,18.75,+0.45,+2.46,-0.04,0.03,0.01,0.02,-0.02,-0.01,0.05,-0.02,-0.11,-0.04,-0.03,-0.01,-0.29,,,,,,,,,,,,,,,,,,,,,,,,,
6443,元晶,14.15,0,0,-0.03,-0.4,-0.08,-0.13,-0.11,0.42,0.15,0.13,-0.2,-0.05,0.12,-0.06,-0.18,,,,,,,,,,,,,,,,,,,,,,,,,
6477,安集,27.9,-0.2,-0.71,-0.4,-0.11,-0.16,-0.03,-0.45,-0.14,-0.01,-0.11,-1.4,-0.16,-0.2,-0.27,-1.78,,,,,,,,,,,,,,,,,,,,,,,,,
6541,泰福-KY,63.5,+0.7,+1.11,-0.08,0,-0.09,-0.13,-0.13,-0.09,-0.04,0.02,-0.25,0.04,-0.03,-0.24,-0.01,,,,,,,,,,,,,,,,,,,,,,,,,
6550,北極星藥業-KY,40.25,+3.65,+9.97,0.39,-0.1,-0.15,-0.06,0.43,0.78,1.27,0.57,1.01,0.79,0.15,-0.01,-0.04,,,,,,,,,,,,,,,,,,,,,,,,,
6573,虹揚-KY,11.25,-0.3,-2.6,0.06,-0.02,0.21,-0.28,-0.12,-0.05,0.07,-0.1,-0.27,-0.04,-0.1,1.43,0.03,,,,,,,,,,,,,,,,,,,,,,,,,
6598,ABC-KY,18.85,-0.15,-0.79,0.04,0,0.01,0.03,0.04,0.05,0.06,0.06,0.07,0.06,0.06,0.02,0.03,,,,,,,,,,,,,,,,,,,,,,,,,
6645,金萬林-創,21.85,+0.35,+1.63,0,,0.01,-0.01,0,0.01,0,-0.01,0.01,-0.01,-0.01,-0.01,-0.02,,,,,,,,,,,,,,,,,,,,,,,,,
6657,華安,59.5,0,0,0.03,0.01,0.03,0.01,0.01,0.01,0.01,0.04,-0.06,0.12,0.05,0.02,0.05,,,,,,,,,,,,,,,,,,,,,,,,,
6668,中揚光,33.95,+0.25,+0.74,-0.06,0.13,0.17,0.17,-1.38,0,0.09,-0.07,0.03,0.07,0.03,0,0.04,,,,,,,,,,,,,,,,,,,,,,,,,
代號,名稱,成交,漲跌 價,漲跌 幅,平均 業外 損益 (億),22Q1 業外 損益 (億),22Q2 業外 損益 (億),22Q3 業外 損益 (億),22Q4 業外 損益 (億),23Q1 業外 損益 (億),23Q2 業外 損益 (億),23Q3 業外 損益 (億),23Q4 業外 損益 (億),24Q1 業外 損益 (億),24Q2 業外 損益 (億),24Q3 業外 損益 (億),24Q4 業外 損益 (億),,,,,,,,,,,,,,,,,,,,,,,,,
6674,鋐寶科技,16.95,+0.1,+0.59,0.03,0.05,0.01,0.32,-0.05,0.03,0.08,0.07,-0.06,0.04,0.02,-0.01,-0.12,,,,,,,,,,,,,,,,,,,,,,,,,
6695,芯鼎,41.6,-0.05,-0.12,0.15,0.1,0.15,0.36,-0.05,-0.01,0.2,0.3,-0.14,0.29,0.14,-0.02,0.43,,,,,,,,,,,,,,,,,,,,,,,,,
6698,旭暉應材,27.2,+0.45,+1.68,0.1,0.03,-0.03,0.39,-0.13,-0.06,-0.08,0.99,-0.06,0.07,0.01,0.04,0.06,,,,,,,,,,,,,,,,,,,,,,,,,
6706,惠特,66.5,-0.2,-0.3,0.57,0.97,1.26,2.47,-0.56,-0.05,0.84,1.36,-1.55,0.87,0.39,-0.18,0.95,,,,,,,,,,,,,,,,,,,,,,,,,
6770,力積電,14.1,0,0,2.37,-0.34,0.12,10.7,-4.02,-0.94,6.03,9.93,-4.31,6.34,2.71,-1.84,4.13,,,,,,,,,,,,,,,,,,,,,,,,,
6794,向榮生技-創,64.8,+1.5,+2.37,0.02,,0,,0.01,0.06,0.02,0.01,0.03,0.02,0.05,0.02,0.01,,,,,,,,,,,,,,,,,,,,,,,,,
6838,台新藥,24.3,+0.15,+0.62,-0.04,,-0.09,-0.16,0,0.05,0.02,-0.43,0.19,-0.14,0.04,0.06,-0.01,,,,,,,,,,,,,,,,,,,,,,,,,
6885,全福生技,23.3,-0.2,-0.85,-0.05,,-0.26,,-0.56,-0.08,0.04,0.18,-0.08,0.17,0.06,-0.06,0.12,,,,,,,,,,,,,,,,,,,,,,,,,
6901,鑽石投資,22.65,+0.6,+2.72,0.03,0,0.01,0.01,0.01,0.01,0.01,0.01,0.15,0.06,0,0,0.08,,,,,,,,,,,,,,,,,,,,,,,,,
6902,GOGOLOOK-創,98,-1.5,-1.51,0.02,0.08,0.06,0.11,-0.07,-0.04,0.02,0.08,-0.16,0.09,0.03,-0.03,0.02,,,,,,,,,,,,,,,,,,,,,,,,,
6919,康霈*,616,+4,+0.65,0.19,,0.08,,0.33,0.02,0.11,0.18,-0.06,0.22,0.18,0.16,0.72,,,,,,,,,,,,,,,,,,,,,,,,,
6928,攸泰科技,44.3,-1.1,-2.42,0.07,,0.2,-0.05,0.07,-0.01,0.08,0.13,-0.14,0.19,0.1,0.08,0.15,,,,,,,,,,,,,,,,,,,,,,,,,
6949,沛爾生醫-創,125.5,+0.5,+0.4,0.04,,,,0.05,0.01,0.03,0.02,0.04,0.03,0.09,0.03,0.03,,,,,,,,,,,,,,,,,,,,,,,,,
6969,成信實業*-創,26.75,-0.75,-2.73,0.03,,,,0.22,,,0,-0.02,,,-0.04,-0.03,,,,,,,,,,,,,,,,,,,,,,,,,
8101,華冠,16.1,0,0,0.1,-0.19,1.33,-0.12,0.2,-0.05,0.04,-0.17,0.01,-0.07,0.1,0.19,-0.05,,,,,,,,,,,,,,,,,,,,,,,,,
8110,華東,11.8,-0.05,-0.42,0.07,0.43,-0.93,2.03,-1.37,0.57,0.2,1.39,-1.11,0.98,0.58,-0.62,-1.3,,,,,,,,,,,,,,,,,,,,,,,,,
8201,無敵,11.85,+0.1,+0.85,0.05,0.06,0.06,0.09,-0.01,0.02,0.06,0.09,-0.01,0.08,0.06,0.04,0.08,,,,,,,,,,,,,,,,,,,,,,,,,
8411,福貞-KY,12.35,+0.55,+4.66,-0.39,-0.52,-1.23,-1.53,-0.18,-0.08,-0.09,-0.26,-0.39,-0.1,0.73,-2.01,0.91,,,,,,,,,,,,,,,,,,,,,,,,,
代號,名稱,成交,漲跌 價,漲跌 幅,平均 業外 損益 (億),22Q1 業外 損益 (億),22Q2 業外 損益 (億),22Q3 業外 損益 (億),22Q4 業外 損益 (億),23Q1 業外 損益 (億),23Q2 業外 損益 (億),23Q3 業外 損益 (億),23Q4 業外 損益 (億),24Q1 業外 損益 (億),24Q2 業外 損益 (億),24Q3 業外 損益 (億),24Q4 業外 損益 (億),,,,,,,,,,,,,,,,,,,,,,,,,
8429,金麗-KY,8.56,0,0,0.06,0.1,-0.04,-0.05,0.2,0.1,-0.03,-0.01,0.23,0.03,0.09,0.14,0,,,,,,,,,,,,,,,,,,,,,,,,,
8443,阿瘦,11.6,+0.05,+0.43,0.03,-0.02,-0.06,-0.02,0.05,0.03,0.03,0.02,0.05,0.04,0.06,0.08,0.04,,,,,,,,,,,,,,,,,,,,,,,,,
8488,吉源-KY,11.85,+0.3,+2.6,0.01,0.15,0.18,-0.41,-0.01,-0.2,-0.23,-0.12,-0.08,0.11,0.1,-0.18,0.78,,,,,,,,,,,,,,,,,,,,,,,,,
9912,偉聯,11.7,+0.05,+0.43,0,-0.02,0.05,0.05,-0.02,-0.02,-0.01,-0.01,-0.03,-0.01,0,-0.02,0,,,,,,,,,,,,,,,,,,,,,,,,,
9914,美利達,131.5,-1,-0.75,-2.78,10.1,5.19,2.76,-7.43,-1.23,1.44,2.12,-8.7,0.78,-1.16,-2.32,-35,,,,,,,,,,,,,,,,,,,,,,,,,
9919,康那香,15.55,-0.45,-2.81,1.37,0.19,0.11,0.22,-0.25,-0.03,-1.12,17.9,-0.13,-0.31,0.02,-0.14,-0.01,,,,,,,,,,,,,,,,,,,,,,,,,
9928,中視,15.6,0,0,0.16,0.17,0.15,0.12,0.15,0.11,0.12,0.15,0.58,0.11,0.1,0.13,0.07,,,,,,,,,,,,,,,,,,,,,,,,,
9929,秋雨,13.75,+0.4,+3,-0.22,-1.34,0.1,0.14,-0.14,0.04,0.25,0.1,-1.73,-0.04,0.1,-0.15,-0.01,,,,,,,,,,,,,,,,,,,,,,,,,
9955,佳龍,29.15,+2.65,+10,-0.03,0.03,0,0.04,-0.05,-0.03,-0.01,0.02,-0.07,0.02,0.01,-0.09,-0.23,,,,,,,,,,,,,,,,,,,,,,,,,
1235,興泰,100.5,0,0,0.41,,,,,,,,,,,,,0.53,1.06,1.87,0.18,0.12,0.23,1.04,-0.4,-0.33,-0.15,0.87,-0.05,2019Q4,,,,,,,,,,,,
1236,宏亞,20.75,-0.05,-0.24,0.03,,,,,,,,,,,,,0.01,0.02,0.02,0.03,0.03,0.02,0.03,0.03,0.04,0.06,0.03,0.04,2019Q4,,,,,,,,,,,,
1301,台塑,35.5,-0.3,-0.84,72.3,,,,,,,,,,,,,52.7,61.2,124,91.7,70.5,119,144,-16.2,40.7,49.6,119,10.6,2019Q4,,,,,,,,,,,,
1304,台聚,10.1,-0.05,-0.49,0.94,,,,,,,,,,,,,-2.63,1.44,1.79,0.51,0.89,2.92,1.12,0.97,1.46,3.41,-0.08,-0.49,2019Q4,,,,,,,,,,,,
1305,華夏,11.25,0,0,0.11,,,,,,,,,,,,,-0.69,0.15,0.04,0.15,0.26,0.11,0.38,0.07,0.42,0.34,0.06,-0.01,2019Q4,,,,,,,,,,,,
1308,亞聚,13,-0.2,-1.52,0.51,,,,,,,,,,,,,-0.01,0.99,0.78,0.08,0.59,0.89,1.13,-0.16,0.43,0.64,0.55,0.25,2019Q4,,,,,,,,,,,,
1309,台達化,11.4,-0.1,-0.87,0.08,,,,,,,,,,,,,-0.65,0.35,-0.06,0.38,0.29,0.3,-0.17,0.11,0.4,0.18,-0.04,-0.12,2019Q4,,,,,,,,,,,,
1310,台苯,8.92,-0.04,-0.45,-0.05,,,,,,,,,,,,,0.36,0.37,0.07,-1.16,0.59,-0.39,-0.15,0.07,0.54,-0.57,-0.7,0.38,2019Q4,,,,,,,,,,,,
1312,國喬,10.7,+0.1,+0.94,3.66,,,,,,,,,,,,,2.95,1.76,6.84,5.44,4.23,5.5,3.13,0.32,3.36,4.55,2.89,2.9,2019Q4,,,,,,,,,,,,
1313,聯成,8.15,-0.04,-0.49,0.82,,,,,,,,,,,,,-0.28,1.63,7.51,0.53,1.03,-2.31,0.29,-0.3,0.51,-1.08,2.74,-0.42,2019Q4,,,,,,,,,,,,
1316,上曜,15.15,-0.7,-4.42,0.17,,,,,,,,,,,,,0,0.04,0.17,0,0.07,0.04,1.21,0.15,0.15,0.01,0.33,-0.14,2019Q4,,,,,,,,,,,,
1325,恆大,23.7,-0.3,-1.25,0.02,,,,,,,,,,,,,-0.21,0.05,0.05,-0.02,-0.05,0.2,0.05,0.04,0.04,0.06,0.04,-0.04,2019Q4,,,,,,,,,,,,
1337,再生-KY,5.6,+0.06,+1.08,0.01,,,,,,,,,,,,,0.37,0.02,0.03,0.06,0.05,0.05,-0.25,-0.43,0.07,0.07,0.06,0.01,2019Q4,,,,,,,,,,,,
1338,廣華-KY,23.95,-0.05,-0.21,0.02,,,,,,,,,,,,,0.14,0.11,0.1,0.2,0.22,-0.07,-0.1,-0.24,0.22,-0.14,-0.04,-0.21,2019Q4,,,,,,,,,,,,
1340,勝悅-KY,7.31,-0.02,-0.27,0.01,,,,,,,,,,,,,0.06,0.06,0.05,0.09,0.1,0.22,0.19,-0.05,0.15,0.16,0.09,-1.04,2019Q4,,,,,,,,,,,,
1413,宏洲,11.6,+0.15,+1.31,0.01,,,,,,,,,,,,,-0.03,-0.01,0,-0.03,-0.02,0.05,0.03,0.02,0.08,0.02,0,0,2019Q4,,,,,,,,,,,,
1417,嘉裕,7.81,+0.05,+0.64,0.7,,,,,,,,,,,,,-0.15,0.3,0.37,-0.03,0.52,0.75,0.46,-0.02,0.24,0.52,0.53,4.95,2019Q4,,,,,,,,,,,,
1432,大魯閣,16.25,+0.1,+0.62,-0.36,,,,,,,,,,,,,-0.52,-0.39,-0.4,1.3,0.02,0.02,0.07,0.01,-0.26,-0.11,-0.13,-3.89,2019Q4,,,,,,,,,,,,
代號,名稱,成交,漲跌 價,漲跌 幅,平均 業外 損益 (億),,,,,,,,,,,,,17Q1 業外 損益 (億),17Q2 業外 損益 (億),17Q3 業外 損益 (億),17Q4 業外 損益 (億),18Q1 業外 損益 (億),18Q2 業外 損益 (億),18Q3 業外 損益 (億),18Q4 業外 損益 (億),19Q1 業外 損益 (億),19Q2 業外 損益 (億),19Q3 業外 損益 (億),19Q4 業外 損益 (億),2019Q4,,,,,,,,,,,,
1435,中福,31.5,0,0,0.03,,,,,,,,,,,,,0,0.05,0.06,-0.07,-0.04,0.12,-0.05,-0.07,0.17,0.05,0.03,0.13,2019Q4,,,,,,,,,,,,
1438,三地開發,41.8,+2.3,+5.82,0,,,,,,,,,,,,,0.01,0,0.01,0.01,0.01,0.01,0.01,-0.06,0.03,0.01,-0.07,0.01,2019Q4,,,,,,,,,,,,
1440,南紡,11.7,-0.15,-1.27,1.53,,,,,,,,,,,,,0.1,1.29,2.18,0.76,0.2,2.96,1.67,1.34,1.43,1.88,2.69,1.79,2019Q4,,,,,,,,,,,,
1445,大宇,14.2,0,0,0.04,,,,,,,,,,,,,-0.07,0.01,0.23,0.15,-0.02,0.05,0.05,0.04,0.01,0.01,0.04,-0.02,2019Q4,,,,,,,,,,,,
1460,宏遠,6.8,-0.07,-1.02,-0.1,,,,,,,,,,,,,-0.59,0.13,-0.01,-0.04,-0.37,0.71,0.19,-0.14,0.03,0.06,-0.32,-0.86,2019Q4,,,,,,,,,,,,
1512,瑞利,6.23,0,0,-0.41,,,,,,,,,,,,,-0.22,0.01,-1.07,-0.2,0,-0.24,-0.22,-0.22,0.07,-0.02,-0.08,-2.74,2019Q4,,,,,,,,,,,,
1516,川飛,14.15,-0.35,-2.41,0.01,,,,,,,,,,,,,-0.01,0.08,0,0,0,0,0.02,-0.03,0,-0.01,0,0,2019Q4,,,,,,,,,,,,
1517,利奇,11.05,0,0,0.36,,,,,,,,,,,,,-0.16,0.47,0.29,0.09,0.03,2.08,0.31,0.17,0.26,0.39,0.32,0.12,2019Q4,,,,,,,,,,,,
1526,日馳,18.6,-0.05,-0.27,-0.01,,,,,,,,,,,,,-0.63,0.21,0.07,-0.14,-0.06,0.21,0.07,0.17,-0.02,0.07,-0.04,-0.08,2019Q4,,,,,,,,,,,,
1528,恩德,12.15,-0.05,-0.41,0,,,,,,,,,,,,,-0.18,0.24,0.11,-0.05,0.06,0.1,-0.31,-0.06,0.5,-0.05,-0.32,0,2019Q4,,,,,,,,,,,,
1529,樂事綠能,21.95,+0.1,+0.46,0.03,,,,,,,,,,,,,0.14,0.01,0,0.01,0.02,0.1,-0.05,0.03,0.02,-0.01,-0.02,0.07,2019Q4,,,,,,,,,,,,
1533,車王電,29.6,-0.25,-0.84,-0.02,,,,,,,,,,,,,-0.61,-0.1,-0.1,-0.36,0.33,0.55,0.19,-0.21,-0.04,0.18,0.05,-0.14,2019Q4,,,,,,,,,,,,
1538,正峰,26,-0.55,-2.07,-0.11,,,,,,,,,,,,,0.26,-0.93,-0.13,-0.07,-0.15,0.01,0.2,-0.11,-0.18,0.07,0.14,-0.43,2019Q4,,,,,,,,,,,,
1587,吉茂,26.95,-0.35,-1.28,0,,,,,,,,,,,,,-0.1,0.01,0.01,0,0.02,-0.02,-0.05,0.25,-0.01,-0.02,-0.04,-0.1,2019Q4,,,,,,,,,,,,
1589,永冠-KY,27.85,-0.1,-0.36,0.06,,,,,,,,,,,,,-0.16,0.65,0.01,-0.04,0.27,-0.09,0.17,-0.22,-0.64,-0.12,-0.03,0.88,2019Q4,,,,,,,,,,,,
1626,艾美特-KY,11.85,-0.05,-0.42,0.08,,,,,,,,,,,,,0.17,-0.24,0.08,0.52,-0.53,0.67,-0.03,-0.07,0.06,0.18,0.34,-0.25,2019Q4,,,,,,,,,,,,
1710,東聯,12.9,-0.2,-1.53,-0.18,,,,,,,,,,,,,-2.39,-2.34,1.36,-1.07,-0.07,-1.44,0.57,-0.26,2.46,-0.42,0.25,1.14,2019Q4,,,,,,,,,,,,
1721,三晃,11.45,+0.05,+0.44,-0.02,,,,,,,,,,,,,-0.36,0.04,-0.02,-0.07,0.04,0.23,-0.07,0.29,-0.02,0.04,-0.09,-0.18,2019Q4,,,,,,,,,,,,
代號,名稱,成交,漲跌 價,漲跌 幅,平均 業外 損益 (億),,,,,,,,,,,,,17Q1 業外 損益 (億),17Q2 業外 損益 (億),17Q3 業外 損益 (億),17Q4 業外 損益 (億),18Q1 業外 損益 (億),18Q2 業外 損益 (億),18Q3 業外 損益 (億),18Q4 業外 損益 (億),19Q1 業外 損益 (億),19Q2 業外 損益 (億),19Q3 業外 損益 (億),19Q4 業外 損益 (億),2019Q4,,,,,,,,,,,,
1802,台玻,14,+0.1,+0.72,-0.95,,,,,,,,,,,,,-3.71,-0.67,0.75,1.14,1.45,-3.54,-4.94,-0.66,1.26,-2.75,-1.3,1.54,2019Q4,,,,,,,,,,,,
1903,士紙,45.5,+0.4,+0.89,0.01,,,,,,,,,,,,,-0.05,-0.03,0.09,-0.04,-0.03,-0.04,0.17,-0.05,-0.04,0,0.14,-0.05,2019Q4,,,,,,,,,,,,
1905,華紙,13.05,-0.2,-1.51,0.16,,,,,,,,,,,,,-0.32,0.29,0.82,0.12,0.5,-0.29,0.18,0.38,0.4,-0.47,0.45,-0.17,2019Q4,,,,,,,,,,,,
1909,榮成,9.01,-0.16,-1.74,-2.09,,,,,,,,,,,,,-2.19,4.07,0.5,-2,-1.62,-0.66,-4.69,-4.45,-2.78,-4.1,-3.95,-3.26,2019Q4,,,,,,,,,,,,
2007,燁興,8.3,-0.06,-0.72,-0.38,,,,,,,,,,,,,-0.58,-0.4,-0.41,-0.42,-0.47,-0.35,-0.44,0.05,-0.37,-0.41,-0.41,-0.4,2019Q4,,,,,,,,,,,,
2014,中鴻,16.5,-0.2,-1.2,0.35,,,,,,,,,,,,,-0.13,-0.14,0.85,-0.26,-0.05,0.12,1.2,0.3,-0.04,0.03,1.34,0.96,2019Q4,,,,,,,,,,,,
2022,聚亨,8.1,-0.07,-0.86,-0.42,,,,,,,,,,,,,-0.31,-0.43,-0.35,0.71,1.41,0.12,-0.13,-0.39,-0.06,0.33,-0.46,-5.44,2019Q4,,,,,,,,,,,,
2023,燁輝,15.55,0,0,-2.17,,,,,,,,,,,,,0.63,0.6,-2.9,-2.4,-2.17,-2.27,1.16,-7.75,-2.81,-4.04,-0.86,-3.19,2019Q4,,,,,,,,,,,,
2025,千興,13.35,-0.1,-0.74,-0.33,,,,,,,,,,,,,0.02,-0.09,0.02,0.14,0.39,-4.61,0.02,-0.09,0.03,-0.45,0.54,0.07,2019Q4,,,,,,,,,,,,
2034,允強,20.1,-0.2,-0.99,-0.1,,,,,,,,,,,,,-0.79,0.06,-0.03,-0.33,-0.23,0.81,-0.32,-0.09,0.19,0.1,-0.15,-0.38,2019Q4,,,,,,,,,,,,
2102,泰豐,16.95,-0.05,-0.29,-0.84,,,,,,,,,,,,,-4.95,1.11,-0.11,1.29,-0.16,0.17,-0.41,-4.23,-0.1,-0.12,-0.13,-2.42,2019Q4,,,,,,,,,,,,
2104,國際中橡,10.55,-0.1,-0.94,-0.16,,,,,,,,,,,,,-0.99,1.21,1.29,-2.26,-0.88,-0.16,1.25,-0.83,-0.17,0.29,0.18,-0.9,2019Q4,,,,,,,,,,,,
2208,台船,17.15,-0.55,-3.11,-0.12,,,,,,,,,,,,,0.08,-1.36,0.15,-0.11,0.79,-0.41,0.32,0.08,-0.13,-0.29,0.1,-0.7,2019Q4,,,,,,,,,,,,
2241,艾姆勒,24.2,-0.1,-0.41,0.09,,,,,,,,,,,,,,,,,,0.23,,0.34,0.05,0.13,0,-0.19,2019Q4,,,,,,,,,,,,
2254,巨鎧精密-創,67.4,-1.1,-1.61,,,,,,,,,,,,,,,,,,,,,,,,,,2019Q4,,,,,,,,,,,,
2258,鴻華先進-創,40.5,-0.9,-2.17,,,,,,,,,,,,,,,,,,,,,,,,,,2019Q4,,,,,,,,,,,,
2314,台揚,12,+0.1,+0.84,0.03,,,,,,,,,,,,,-0.02,0,0.06,0.07,0.05,0.13,0.04,0.05,-0.05,-0.05,0.13,-0.05,2019Q4,,,,,,,,,,,,
2321,東訊,13.65,-0.3,-2.15,0.07,,,,,,,,,,,,,-0.22,0.21,0.08,-0.08,0.01,0.33,0.12,0.01,0.07,0.26,-0.04,0.13,2019Q4,,,,,,,,,,,,
代號,名稱,成交,漲跌 價,漲跌 幅,平均 業外 損益 (億),,,,,,,,,,,,,17Q1 業外 損益 (億),17Q2 業外 損益 (億),17Q3 業外 損益 (億),17Q4 業外 損益 (億),18Q1 業外 損益 (億),18Q2 業外 損益 (億),18Q3 業外 損益 (億),18Q4 業外 損益 (億),19Q1 業外 損益 (億),19Q2 業外 損益 (億),19Q3 業外 損益 (億),19Q4 業外 損益 (億),2019Q4,,,,,,,,,,,,
2323,中環,7.77,-0.06,-0.77,1.6,,,,,,,,,,,,,-0.68,3.14,0.28,0.73,-0.78,1.03,0.29,12.1,1.56,0.54,-1.78,2.75,2019Q4,,,,,,,,,,,,
2331,精英,15.4,+0.2,+1.32,0.67,,,,,,,,,,,,,1.53,0.63,1.01,0.61,1.12,1.69,-0.56,1.28,0.97,1.15,-0.21,-1.17,2019Q4,,,,,,,,,,,,
2337,旺宏,19.15,-0.05,-0.26,2.05,,,,,,,,,,,,,-2.1,0.38,0.3,-0.74,-1,1.96,1.55,25,0.59,-0.43,0.79,-1.68,2019Q4,,,,,,,,,,,,
2338,光罩,31.15,+0.3,+0.97,0.21,,,,,,,,,,,,,-0.21,-0.15,-0.24,0.02,-0.01,1.62,-1.56,-0.61,0.33,0.74,0.72,1.88,2019Q4,,,,,,,,,,,,
2340,台亞,20.75,+0.25,+1.22,0.1,,,,,,,,,,,,,-0.28,0.07,0.16,0.34,0.06,0.14,0,0.22,0.35,0.05,0.13,-0.07,2019Q4,,,,,,,,,,,,
2369,菱生,13.45,-0.05,-0.37,0.12,,,,,,,,,,,,,0.29,0.13,0.08,0.2,0.07,0.23,0.06,0.08,0.08,0.07,0.16,0,2019Q4,,,,,,,,,,,,
2380,虹光,3.89,+0.34,+9.58,0.23,,,,,,,,,,,,,-0.23,0.07,-0.2,-0.18,-0.09,0.19,0.11,-0.04,0.01,-0.13,0.12,3.13,2019Q4,,,,,,,,,,,,
2390,云辰,10.25,-0.05,-0.49,0.01,,,,,,,,,,,,,-0.26,-0.18,0.33,0.81,0.04,0.06,-0.18,-0.25,-0.06,0.07,-0.09,-0.22,2019Q4,,,,,,,,,,,,
2406,國碩,11,0,0,-1.95,,,,,,,,,,,,,-1.47,1.63,-0.35,-3.3,0.65,-0.2,-4.31,-17.6,4.59,-2,0.28,-1.25,2019Q4,,,,,,,,,,,,
2408,南亞科,32.1,-0.65,-1.98,22.5,,,,,,,,,,,,,-5.66,38.3,43.1,155,-10.9,19.9,4.38,8.93,5.67,6,4.32,1.11,2019Q4,,,,,,,,,,,,
2409,友達,12.3,-0.1,-0.81,4.5,,,,,,,,,,,,,-0.68,-0.32,7.64,-4.4,11.9,1.45,21.1,11,1.98,11.4,7.2,-14.3,2019Q4,,,,,,,,,,,,
2413,環科,18.25,0,0,-0.12,,,,,,,,,,,,,-0.86,0.46,0.15,-0.78,-0.22,0.66,-0.42,0.18,0.33,0.02,-0.31,-0.67,2019Q4,,,,,,,,,,,,
2424,隴華,59.8,0,0,-0.02,,,,,,,,,,,,,-0.22,0,-0.02,-0.11,-0.07,0.1,-0.02,0.06,-0.01,-0.01,-0.01,0.07,2019Q4,,,,,,,,,,,,
2429,銘旺科,44.2,-0.55,-1.23,-0.07,,,,,,,,,,,,,-0.04,-0.02,-0.07,-0.05,-0.03,-0.02,-0.03,-0.04,-0.03,-0.03,-0.03,-0.43,2019Q4,,,,,,,,,,,,
2431,聯昌,11.05,-0.15,-1.34,0.12,,,,,,,,,,,,,-0.26,0.02,0.25,0.01,-0.08,0.32,0.52,0.07,-0.01,0.18,0.25,0.12,2019Q4,,,,,,,,,,,,
2438,翔耀,29.5,+0.5,+1.72,-0.09,,,,,,,,,,,,,-0.01,-0.1,-0.11,-0.18,0.01,0.04,0.02,0.01,-0.86,0.02,0.01,0.04,2019Q4,,,,,,,,,,,,
2440,太空梭,15.8,+0.65,+4.29,-0.08,,,,,,,,,,,,,-0.1,0.08,0.09,0.03,0.17,-0.32,-0.38,-0.05,0.1,-0.21,-0.31,-0.04,2019Q4,,,,,,,,,,,,
2444,兆勁,12.1,-0.15,-1.22,-0.02,,,,,,,,,,,,,-0.15,0.01,0,-0.05,-0.03,0.12,-0.06,0.05,0.01,0.01,-0.03,-0.08,2019Q4,,,,,,,,,,,,
代號,名稱,成交,漲跌 價,漲跌 幅,平均 業外 損益 (億),,,,,,,,,,,,,17Q1 業外 損益 (億),17Q2 業外 損益 (億),17Q3 業外 損益 (億),17Q4 業外 損益 (億),18Q1 業外 損益 (億),18Q2 業外 損益 (億),18Q3 業外 損益 (億),18Q4 業外 損益 (億),19Q1 業外 損益 (億),19Q2 業外 損益 (億),19Q3 業外 損益 (億),19Q4 業外 損益 (億),2019Q4,,,,,,,,,,,,
2460,建通,16.45,-0.35,-2.08,-0.08,,,,,,,,,,,,,-0.11,-0.1,-0.07,-0.14,-0.27,0.11,0.07,-0.05,-0.43,0.14,0.07,-0.16,2019Q4,,,,,,,,,,,,
2465,麗臺,47.6,0,0,-0.07,,,,,,,,,,,,,1.04,0.01,0.09,-1.27,0.01,-0.04,-0.11,-0.38,0.01,-0.12,-0.08,0.02,2019Q4,,,,,,,,,,,,
2466,冠西電,108.5,+4,+3.83,0.34,,,,,,,,,,,,,-0.08,0,0.13,1.14,-0.13,0.01,0.25,0.78,-0.14,-0.07,-0.05,2.27,2019Q4,,,,,,,,,,,,
2485,兆赫,11.5,-0.05,-0.43,0.25,,,,,,,,,,,,,-2.39,0.55,0.36,0.41,-0.65,1.95,0.41,2.65,0.13,0.54,-0.24,-0.7,2019Q4,,,,,,,,,,,,
2491,吉祥全,11.1,+0.05,+0.45,1.14,,,,,,,,,,,,,0.03,0.43,-0.04,0.02,-0.03,-0.06,-0.05,-0.03,0.17,-0.04,-0.05,13.4,2019Q4,,,,,,,,,,,,
2498,宏達電,36.9,-0.15,-0.4,26.7,,,,,,,,,,,,,3.17,2.37,1.54,-2.42,313,13.7,1.83,-16.6,2.78,2.55,0.57,-1.6,2019Q4,,,,,,,,,,,,
2547,日勝生,12.65,+0.25,+2.02,-0.57,,,,,,,,,,,,,-0.63,-0.58,-1.31,-0.89,-1.2,-1.79,-0.8,-1.56,-0.38,-0.55,-0.19,3.04,2019Q4,,,,,,,,,,,,
2601,益航,6.48,-0.09,-1.37,-0.21,,,,,,,,,,,,,1.12,-2.47,0.29,1.29,-0.92,-2.74,-1.08,-3.93,-0.95,10.3,-2.97,-0.44,2019Q4,,,,,,,,,,,,
2616,山隆,16.15,-0.45,-2.71,0.61,,,,,,,,,,,,,3.14,0.07,0.32,-0.06,0.14,0.17,0.59,0.07,0.15,0.12,2.55,-0.01,2019Q4,,,,,,,,,,,,
2642,宅配通,28,-0.4,-1.41,0.06,,,,,,,,,,,,,0.36,0.25,0,0.03,-0.04,0.06,0.01,0.02,-0.02,0.01,-0.01,-0.01,2019Q4,,,,,,,,,,,,
2712,遠雄來,18.4,0,0,0,,,,,,,,,,,,,0,0,0,0.01,0,0,0,0,0,0,0,0,2019Q4,,,,,,,,,,,,
2722,夏都,27.5,-0.5,-1.79,0.04,,,,,,,,,,,,,0,0.02,0.01,0,0.01,0.06,0.17,0.13,-0.01,0.04,-0.01,0.05,2019Q4,,,,,,,,,,,,
2911,麗嬰房,5.08,-0.07,-1.36,0.89,,,,,,,,,,,,,0.2,0.1,0.23,8.89,0.33,0.1,0.09,0.24,0.27,0.13,-0.06,0.2,2019Q4,,,,,,,,,,,,
2913,農林,15.45,+0.05,+0.32,0.28,,,,,,,,,,,,,0.33,0.8,0.49,0.58,0.22,0.62,0.15,0.19,-0.14,1.06,0.07,-1.03,2019Q4,,,,,,,,,,,,
2939,永邑-KY,28.85,+1.7,+6.26,0.07,,,,,,,,,,,,,-0.72,0.08,0.06,-0.17,-0.39,1.33,0.22,0.2,0.15,0.24,0.12,-0.32,2019Q4,,,,,,,,,,,,
3011,今皓,12.6,-0.15,-1.18,0.04,,,,,,,,,,,,,0.01,0.03,-0.02,-0.14,-0.07,0.25,0.14,0.06,0,0.05,0.14,-0.01,2019Q4,,,,,,,,,,,,
3018,隆銘綠能,21.85,+0.4,+1.86,-0.08,,,,,,,,,,,,,0,-0.04,-0.03,-0.05,-0.02,0.03,-1.12,0.01,0,0.1,0.13,0.04,2019Q4,,,,,,,,,,,,
3041,揚智,23.55,-0.15,-0.63,0.15,,,,,,,,,,,,,0.05,0.24,0.16,0.18,0.1,0.21,0.18,0.1,0.16,0.15,0.3,-0.02,2019Q4,,,,,,,,,,,,
代號,名稱,成交,漲跌 價,漲跌 幅,平均 業外 損益 (億),,,,,,,,,,,,,17Q1 業外 損益 (億),17Q2 業外 損益 (億),17Q3 業外 損益 (億),17Q4 業外 損益 (億),18Q1 業外 損益 (億),18Q2 業外 損益 (億),18Q3 業外 損益 (億),18Q4 業外 損益 (億),19Q1 業外 損益 (億),19Q2 業外 損益 (億),19Q3 業外 損益 (億),19Q4 業外 損益 (億),2019Q4,,,,,,,,,,,,
3048,益登,23.8,0,0,-1.43,,,,,,,,,,,,,-1.29,-0.9,-0.92,-1.38,-1.39,-1.4,-1.73,-1.26,-1.65,-1.5,-1.58,-2.11,2019Q4,,,,,,,,,,,,
3049,精金,6.88,-0.08,-1.15,-0.05,,,,,,,,,,,,,-1.09,-0.56,-0.94,2.73,-0.94,0.01,1,0.02,-0.15,-0.28,-0.2,-0.21,2019Q4,,,,,,,,,,,,
3054,立萬利,22.8,+0.8,+3.64,0.31,,,,,,,,,,,,,0.54,0.07,0.7,0.92,0.45,0.04,-0.08,0.2,0.44,0.07,0.26,0.14,2019Q4,,,,,,,,,,,,
3055,蔚華科,48.05,-0.35,-0.72,0.12,,,,,,,,,,,,,0.05,0.09,0.12,-0.19,0.07,0.07,0.2,0.36,0.22,0.34,-0.07,0.11,2019Q4,,,,,,,,,,,,
3057,喬鼎,8.18,-0.09,-1.09,-0.16,,,,,,,,,,,,,-0.27,0.25,0.02,-1.42,-0.07,-0.19,-0.02,0.04,-0.02,-0.04,-0.06,-0.12,2019Q4,,,,,,,,,,,,
3058,立德,10.25,-0.15,-1.44,0.12,,,,,,,,,,,,,0.14,0.07,0.04,0.34,-0.04,0.07,0.16,0.11,0.09,0.11,0.16,0.23,2019Q4,,,,,,,,,,,,
3092,鴻碩,19.25,-0.5,-2.53,0,,,,,,,,,,,,,0.02,-0.05,-0.01,0,0.01,-0.01,0.04,0.01,0.01,0,0.01,0.01,2019Q4,,,,,,,,,,,,
3149,正達,29.8,-0.35,-1.16,0.62,,,,,,,,,,,,,2.76,1.43,0.67,0.34,-0.06,0.53,0,0.17,0.64,0.76,0.12,0.02,2019Q4,,,,,,,,,,,,
3321,同泰,7.08,+0.36,+5.36,-0.08,,,,,,,,,,,,,-0.36,-0.02,-0.2,-0.2,-0.26,0.42,0.13,0,-0.1,0.05,0.08,-0.55,2019Q4,,,,,,,,,,,,
3419,譁裕,14.55,+0.15,+1.04,0.09,,,,,,,,,,,,,-0.07,0.01,0.06,0.11,-0.11,0.23,0.16,0.12,0.16,0.32,0.12,-0.05,2019Q4,,,,,,,,,,,,
3432,台端,13.8,+0.65,+4.94,0.44,,,,,,,,,,,,,-0.05,0.24,0.12,0.07,0.05,3.18,0.4,0.31,0.3,0.39,0.3,-0.04,2019Q4,,,,,,,,,,,,
3437,榮創,15.15,-0.15,-0.98,-0.07,,,,,,,,,,,,,-0.14,-0.01,0.09,-0.1,-0.07,0.02,0.02,-0.28,0,0.07,-0.07,-0.38,2019Q4,,,,,,,,,,,,
3494,誠研,14.55,0,0,-0.14,,,,,,,,,,,,,-0.15,0.03,-0.07,-1.13,0.03,-0.09,0.11,-0.95,-0.07,0.16,0.75,-0.27,2019Q4,,,,,,,,,,,,
3504,揚明光,44.35,+0.35,+0.8,0.08,,,,,,,,,,,,,-0.03,0.03,0.06,-0.05,0.03,0.35,0.24,0.16,0.02,0.15,0.15,-0.18,2019Q4,,,,,,,,,,,,
3518,柏騰,17.75,0,0,-0.07,,,,,,,,,,,,,-0.22,0.05,0.11,-0.02,-0.14,0.06,0.04,-0.13,0.05,0.03,0.05,-0.69,2019Q4,,,,,,,,,,,,
3530,晶相光,55.4,-0.7,-1.25,0.02,,,,,,,,,,,,,-0.11,0.02,0.01,0,-0.03,0.06,0.02,0.05,0.04,0.07,0.09,0.06,2019Q4,,,,,,,,,,,,
3543,州巧,17.4,+0.3,+1.75,0.49,,,,,,,,,,,,,,,,,,0.71,,1.06,0.54,0.11,0.14,0.35,2019Q4,,,,,,,,,,,,
3550,聯穎,12.6,-0.05,-0.4,0.01,,,,,,,,,,,,,-0.23,0.02,0.03,-0.04,-0.13,0.25,0.09,0.06,0,0.06,0.06,0,2019Q4,,,,,,,,,,,,
代號,名稱,成交,漲跌 價,漲跌 幅,平均 業外 損益 (億),,,,,,,,,,,,,17Q1 業外 損益 (億),17Q2 業外 損益 (億),17Q3 業外 損益 (億),17Q4 業外 損益 (億),18Q1 業外 損益 (億),18Q2 業外 損益 (億),18Q3 業外 損益 (億),18Q4 業外 損益 (億),19Q1 業外 損益 (億),19Q2 業外 損益 (億),19Q3 業外 損益 (億),19Q4 業外 損益 (億),2019Q4,,,,,,,,,,,,
3576,聯合再生,8.2,+0.1,+1.23,1.3,,,,,,,,,,,,,-1.81,1.69,-3.19,0.93,-0.98,1.99,-0.61,22.4,0.29,-1.49,-1.85,-1.79,2019Q4,,,,,,,,,,,,
3593,力銘,9.85,-0.15,-1.5,-0.07,,,,,,,,,,,,,-0.09,0.03,0.01,-0.04,0.01,-0.16,-0.14,-0.12,0.01,-0.14,-0.16,-0.02,2019Q4,,,,,,,,,,,,
3686,達能,14.1,-0.4,-2.76,-0.8,,,,,,,,,,,,,-0.07,0.02,0.01,0.02,0.02,-2.46,0.02,-7.44,0.05,0.09,0.21,-0.11,2019Q4,,,,,,,,,,,,
3714,富采,35.15,+0.2,+0.57,,,,,,,,,,,,,,,,,,,,,,,,,,2019Q4,,,,,,,,,,,,
4108,懷特,13.15,0,0,0.07,,,,,,,,,,,,,0.04,0.04,0.14,0.03,0.34,0.2,0.04,0.02,0.06,0.13,0.07,-0.25,2019Q4,,,,,,,,,,,,
4142,國光生,18.55,-0.15,-0.8,-0.03,,,,,,,,,,,,,-0.12,0.8,-0.09,-1.31,-0.06,0.66,-0.08,-0.01,-0.06,0.01,0.01,-0.11,2019Q4,,,,,,,,,,,,
4190,佐登-KY,34.5,+0.4,+1.17,0,,,,,,,,,,,,,0,0.04,0.01,0.12,0.09,0.04,0.02,0.05,-0.04,-0.07,-0.06,-0.24,2019Q4,,,,,,,,,,,,
4426,利勤,11.2,-0.2,-1.75,-0.05,,,,,,,,,,,,,-0.4,0.08,-0.08,-0.18,-0.18,0.38,0,0.06,-0.01,0.08,-0.05,-0.3,2019Q4,,,,,,,,,,,,
4526,東台,21.5,-1,-4.44,-0.19,,,,,,,,,,,,,-1.86,0.3,-0.53,0.57,-0.25,0.72,-0.54,0.67,0.43,0.01,-1.07,-0.75,2019Q4,,,,,,,,,,,,
4540,全球傳動,36.6,-0.05,-0.14,-0.08,,,,,,,,,,,,,-0.45,-0.08,-0.08,-0.15,-0.19,0.29,-0.02,0.08,0.01,0.19,-0.22,-0.27,2019Q4,,,,,,,,,,,,
4555,氣立,34.75,+0.35,+1.02,0.03,,,,,,,,,,,,,-0.1,0.06,0.07,0.05,0.32,-0.03,-0.08,0.05,0.09,-0.03,-0.01,-0.03,2019Q4,,,,,,,,,,,,
4562,穎漢,40.9,+0.55,+1.36,-0.04,,,,,,,,,,,,,-0.25,0.04,0.03,-0.12,-0.09,0.32,-0.1,-0.01,0.08,0.02,-0.15,-0.29,2019Q4,,,,,,,,,,,,
4564,元翎,19.4,+0.65,+3.47,-0.1,,,,,,,,,,,,,,-0.3,-0.02,-0.09,-0.07,0.08,-0.17,-0.03,-0.06,-0.06,-0.16,-0.25,2019Q4,,,,,,,,,,,,
4737,華廣,55,+5,+10,-0.13,,,,,,,,,,,,,-0.05,-0.25,-0.01,-0.29,-0.04,-0.1,-0.22,-0.41,-0.06,0.03,-0.1,-0.09,2019Q4,,,,,,,,,,,,
4764,雙鍵,39,-0.2,-0.51,0.06,,,,,,,,,,,,,-0.34,0.2,0.13,0.03,0,0.3,0.03,0.19,0,0.19,-0.1,0.04,2019Q4,,,,,,,,,,,,
4807,日成-KY,17.7,+1.6,+9.94,-0.01,,,,,,,,,,,,,-0.07,0,-0.13,-0.08,-0.09,0.21,-0.01,0.07,0.01,-0.07,0.04,-0.05,2019Q4,,,,,,,,,,,,
4927,泰鼎-KY,22.5,-0.65,-2.81,0.02,,,,,,,,,,,,,0.23,-0.11,0.03,0.04,0.22,0.09,-0.19,-0.06,0.06,-0.01,0.01,0,2019Q4,,,,,,,,,,,,
4934,太極,9.9,0,0,-1.07,,,,,,,,,,,,,-0.39,-2.83,0.27,-1.93,0.18,-1.41,-1.89,-3.02,0.13,-0.06,0.17,-2.04,2019Q4,,,,,,,,,,,,
代號,名稱,成交,漲跌 價,漲跌 幅,平均 業外 損益 (億),,,,,,,,,,,,,17Q1 業外 損益 (億),17Q2 業外 損益 (億),17Q3 業外 損益 (億),17Q4 業外 損益 (億),18Q1 業外 損益 (億),18Q2 業外 損益 (億),18Q3 業外 損益 (億),18Q4 業外 損益 (億),19Q1 業外 損益 (億),19Q2 業外 損益 (億),19Q3 業外 損益 (億),19Q4 業外 損益 (億),2019Q4,,,,,,,,,,,,
4943,康控-KY,12,0,0,-0.12,,,,,,,,,,,,,-0.21,-0.05,-0.08,-0.16,0.27,0.1,-0.42,-0.02,-0.41,-0.44,0.22,-0.24,2019Q4,,,,,,,,,,,,
4949,有成精密,38.5,-0.8,-2.04,,,,,,,,,,,,,,,,,,,,,,,,,,2019Q4,,,,,,,,,,,,
4956,光鋐,21.35,+0.75,+3.64,-0.01,,,,,,,,,,,,,-0.26,0.05,0.02,-0.01,0.02,0.11,-0.07,0.05,0.1,0.01,-0.05,-0.1,2019Q4,,,,,,,,,,,,
4960,誠美材,12.25,-0.15,-1.21,-0.64,,,,,,,,,,,,,-1.79,0.92,0.75,0,-0.37,-0.83,-2.3,-1.15,0.79,-2.81,-1.85,0.97,2019Q4,,,,,,,,,,,,
4976,佳凌,25.8,+0.3,+1.18,0.04,,,,,,,,,,,,,0.05,-0.01,-0.02,-0.07,-0.05,0.23,0.04,0.2,0.02,0.08,0.01,-0.06,2019Q4,,,,,,,,,,,,
4989,榮科,14.6,-0.05,-0.34,-0.02,,,,,,,,,,,,,-0.54,0.12,-0.02,-0.03,-0.09,0.34,-0.02,0.14,0.08,0.08,0,-0.24,2019Q4,,,,,,,,,,,,
5484,慧友,37.55,0,0,0.02,,,,,,,,,,,,,-0.09,0.1,0.03,0.02,-0.01,0.09,-0.08,0.02,0.1,0.01,0,0.01,2019Q4,,,,,,,,,,,,
5531,鄉林,9.71,-0.11,-1.12,-1.02,,,,,,,,,,,,,-0.47,-0.01,-0.65,0.93,-0.38,-2.65,-2.03,-0.26,-0.17,-6.43,-2.95,2.88,2019Q4,,,,,,,,,,,,
5546,永固-KY,28,+0.15,+0.54,-0.31,,,,,,,,,,,,,,,,,,,,-0.93,-0.06,-0.13,-0.23,-0.17,2019Q4,,,,,,,,,,,,
5608,四維航,16.3,-0.1,-0.61,-2.21,,,,,,,,,,,,,-0.54,-1.85,-1,-11.5,-0.95,-1.69,-1.68,-1.42,-1.59,-1.67,-1.45,-1.21,2019Q4,,,,,,,,,,,,
5907,大洋-KY,8.64,-0.34,-3.79,-0.7,,,,,,,,,,,,,-0.56,-1.07,-1.12,0.05,-0.43,-0.24,-0.05,-1.46,-0.6,-1.17,-1.2,-0.62,2019Q4,,,,,,,,,,,,
6112,邁達特,43.5,-0.55,-1.25,0.06,,,,,,,,,,,,,-0.12,0.06,0.06,0.03,0.03,0.02,0.09,0.04,0.11,0.13,0.21,0.05,2019Q4,,,,,,,,,,,,
6116,彩晶,6.98,0,0,1.51,,,,,,,,,,,,,-1.25,3.09,-0.3,4.63,0.26,2.94,1.77,0.46,1.73,1.64,2.24,0.88,2019Q4,,,,,,,,,,,,
6141,柏承,9.4,-0.05,-0.53,0.16,,,,,,,,,,,,,-0.24,-0.01,0.13,0.1,0.19,-0.17,-0.44,-1.16,-0.02,-0.02,-0.08,3.59,2019Q4,,,,,,,,,,,,
6142,友勁,8.62,+0.04,+0.47,0.12,,,,,,,,,,,,,-0.15,0.06,-0.03,0.14,0.04,0.28,0.58,0.08,-0.06,0.2,0.24,0.05,2019Q4,,,,,,,,,,,,
6152,百一,9.01,-0.06,-0.66,-0.04,,,,,,,,,,,,,-0.03,0.01,-0.16,-0.12,-0.14,0.01,0.11,-0.42,0.14,0.4,0.04,-0.28,2019Q4,,,,,,,,,,,,
6153,嘉聯益,11.4,+0.25,+2.24,0.05,,,,,,,,,,,,,-0.85,0.07,0.01,-0.11,-0.09,1.2,0.66,0.81,-0.18,0.87,-0.46,-1.36,2019Q4,,,,,,,,,,,,
6168,宏齊,15.9,0,0,0.13,,,,,,,,,,,,,-0.45,0.08,0.18,-0.1,-0.12,0.3,0.28,1.61,0.19,0.14,-0.14,-0.42,2019Q4,,,,,,,,,,,,
代號,名稱,成交,漲跌 價,漲跌 幅,平均 業外 損益 (億),,,,,,,,,,,,,17Q1 業外 損益 (億),17Q2 業外 損益 (億),17Q3 業外 損益 (億),17Q4 業外 損益 (億),18Q1 業外 損益 (億),18Q2 業外 損益 (億),18Q3 業外 損益 (億),18Q4 業外 損益 (億),19Q1 業外 損益 (億),19Q2 業外 損益 (億),19Q3 業外 損益 (億),19Q4 業外 損益 (億),2019Q4,,,,,,,,,,,,
6202,盛群,38.75,+0.2,+0.52,0.29,,,,,,,,,,,,,0.02,0.45,0.47,0.34,0.33,0.38,0.11,0.52,0.42,0.2,0.03,0.16,2019Q4,,,,,,,,,,,,
6209,今國光,23.5,-0.45,-1.88,0.17,,,,,,,,,,,,,0.42,-0.05,0.01,0.14,0.05,0.2,0.26,0.05,-0.1,0.22,0.43,0.43,2019Q4,,,,,,,,,,,,
6225,天瀚,12.35,-0.55,-4.26,0.01,,,,,,,,,,,,,0.01,0.04,0,0,0,0,0.01,0,0,0.05,0,-0.01,2019Q4,,,,,,,,,,,,
6226,光鼎,7.28,+0.05,+0.69,0.18,,,,,,,,,,,,,0.14,-0.02,0.12,-0.12,0.01,-0.01,-0.08,-0.19,0.09,0.06,-0.05,2.15,2019Q4,,,,,,,,,,,,
6269,台郡,49.8,-0.6,-1.19,0.37,,,,,,,,,,,,,-2.87,0.71,0.94,0.38,-0.2,1.65,1.08,0.75,0.55,1.14,0.98,-0.63,2019Q4,,,,,,,,,,,,
6282,康舒,26.05,-0.2,-0.76,3.88,,,,,,,,,,,,,-0.21,0.41,0.67,0.11,0.2,16.5,-0.19,0.74,0.75,8.18,15.4,4.02,2019Q4,,,,,,,,,,,,
6405,悅城,21.6,-0.55,-2.48,-0.04,,,,,,,,,,,,,-0.31,0.01,-0.05,-0.13,-0.13,0.21,0.01,0.03,0.02,0.08,-0.06,-0.1,2019Q4,,,,,,,,,,,,
6426,統新,59.1,0,0,-0.01,,,,,,,,,,,,,-0.16,0.04,0.04,-0.05,-0.04,0.13,-0.01,0.02,0.03,0.03,-0.01,-0.12,2019Q4,,,,,,,,,,,,
6431,光麗-KY,18.75,+0.45,+2.46,0.03,,,,,,,,,,,,,0.02,-0.04,-0.05,-0.04,-0.11,0.18,0.23,-0.02,-0.05,0.07,0.2,-0.03,2019Q4,,,,,,,,,,,,
6443,元晶,14.15,0,0,-0.17,,,,,,,,,,,,,-0.17,-0.3,-0.32,-0.19,-0.2,-0.57,1.23,-0.61,-0.35,0.06,-0.43,-0.14,2019Q4,,,,,,,,,,,,
6477,安集,27.9,-0.2,-0.71,-0.13,,,,,,,,,,,,,-0.11,-0.11,-0.12,-0.3,-0.08,-0.18,-0.15,-0.1,-0.12,-0.1,-0.1,-0.04,2019Q4,,,,,,,,,,,,
6541,泰福-KY,63.5,+0.7,+1.11,0.09,,,,,,,,,,,,,0.06,0.05,0.03,-0.21,0.09,0.14,0.1,0.24,0.19,0.16,0.11,0.07,2019Q4,,,,,,,,,,,,
6550,北極星藥業-KY,40.25,+3.65,+9.97,,,,,,,,,,,,,,,,,,,,,,,,,,2019Q4,,,,,,,,,,,,
6573,虹揚-KY,11.25,-0.3,-2.6,0.12,,,,,,,,,,,,,-0.03,0.09,-0.01,0.06,1.23,-0.02,-0.09,-0.17,0.5,-0.03,-0.01,-0.13,2019Q4,,,,,,,,,,,,
6598,ABC-KY,18.85,-0.15,-0.79,-0.01,,,,,,,,,,,,,,,0,0,,0,0,0,0,-0.02,-0.01,-0.01,2019Q4,,,,,,,,,,,,
6645,金萬林-創,21.85,+0.35,+1.63,,,,,,,,,,,,,,,,,,,,,,,,,,2019Q4,,,,,,,,,,,,
6657,華安,59.5,0,0,,,,,,,,,,,,,,,,,,,,,,,,,,2019Q4,,,,,,,,,,,,
6668,中揚光,33.95,+0.25,+0.74,-0.04,,,,,,,,,,,,,,-0.15,0.01,-0.08,-0.03,0.1,-0.1,0.05,0.06,-0.01,-0.15,-0.15,2019Q4,,,,,,,,,,,,
代號,名稱,成交,漲跌 價,漲跌 幅,平均 業外 損益 (億),,,,,,,,,,,,,17Q1 業外 損益 (億),17Q2 業外 損益 (億),17Q3 業外 損益 (億),17Q4 業外 損益 (億),18Q1 業外 損益 (億),18Q2 業外 損益 (億),18Q3 業外 損益 (億),18Q4 業外 損益 (億),19Q1 業外 損益 (億),19Q2 業外 損益 (億),19Q3 業外 損益 (億),19Q4 業外 損益 (億),2019Q4,,,,,,,,,,,,
6674,鋐寶科技,16.95,+0.1,+0.59,0.03,,,,,,,,,,,,,,0.08,0.03,0,-0.12,0.09,0.11,0.06,0.07,0.17,-0.16,-0.03,2019Q4,,,,,,,,,,,,
6695,芯鼎,41.6,-0.05,-0.12,,,,,,,,,,,,,,,,,,,,,,,,,,2019Q4,,,,,,,,,,,,
6698,旭暉應材,27.2,+0.45,+1.68,0,,,,,,,,,,,,,,-0.11,0.03,-0.16,-0.06,0.1,0.03,0.19,0,0.06,0,-0.05,2019Q4,,,,,,,,,,,,
6706,惠特,66.5,-0.2,-0.3,-0.05,,,,,,,,,,,,,,-0.5,0.15,-0.89,-0.69,1.33,0.15,0.25,0.18,0.18,-0.07,-0.62,2019Q4,,,,,,,,,,,,
6770,力積電,14.1,0,0,-5.16,,,,,,,,,,,,,,,,,,,,,,,,-5.16,2019Q4,,,,,,,,,,,,
6794,向榮生技-創,64.8,+1.5,+2.37,,,,,,,,,,,,,,,,,,,,,,,,,,2019Q4,,,,,,,,,,,,
6838,台新藥,24.3,+0.15,+0.62,,,,,,,,,,,,,,,,,,,,,,,,,,2019Q4,,,,,,,,,,,,
6885,全福生技,23.3,-0.2,-0.85,,,,,,,,,,,,,,,,,,,,,,,,,,2019Q4,,,,,,,,,,,,
6901,鑽石投資,22.65,+0.6,+2.72,,,,,,,,,,,,,,,,,,,,,,,,,,2019Q4,,,,,,,,,,,,
6902,GOGOLOOK-創,98,-1.5,-1.51,,,,,,,,,,,,,,,,,,,,,,,,,,2019Q4,,,,,,,,,,,,
6919,康霈*,616,+4,+0.65,,,,,,,,,,,,,,,,,,,,,,,,,,2019Q4,,,,,,,,,,,,
6928,攸泰科技,44.3,-1.1,-2.42,,,,,,,,,,,,,,,,,,,,,,,,,,2019Q4,,,,,,,,,,,,
6949,沛爾生醫-創,125.5,+0.5,+0.4,,,,,,,,,,,,,,,,,,,,,,,,,,2019Q4,,,,,,,,,,,,
6969,成信實業*-創,26.75,-0.75,-2.73,,,,,,,,,,,,,,,,,,,,,,,,,,2019Q4,,,,,,,,,,,,
8101,華冠,16.1,0,0,0.74,,,,,,,,,,,,,0.3,1.01,0.17,-0.96,0.78,-1.17,-0.73,4.35,0.2,2.2,0.78,1.99,2019Q4,,,,,,,,,,,,
8110,華東,11.8,-0.05,-0.42,0.45,,,,,,,,,,,,,-1.06,-0.17,0.15,0.75,-0.77,1.27,-0.91,1.11,0.19,0.89,3.1,0.9,2019Q4,,,,,,,,,,,,
8201,無敵,11.85,+0.1,+0.85,0.06,,,,,,,,,,,,,-0.1,0.03,0.02,0.02,-0.06,0.18,0.34,0.07,0.11,0.08,0.02,-0.03,2019Q4,,,,,,,,,,,,
8411,福貞-KY,12.35,+0.55,+4.66,-0.09,,,,,,,,,,,,,0.56,-0.21,-0.37,0.32,0.03,-0.41,-0.19,-0.17,-0.26,-0.13,-0.43,0.21,2019Q4,,,,,,,,,,,,
代號,名稱,成交,漲跌 價,漲跌 幅,平均 業外 損益 (億),,,,,,,,,,,,,17Q1 業外 損益 (億),17Q2 業外 損益 (億),17Q3 業外 損益 (億),17Q4 業外 損益 (億),18Q1 業外 損益 (億),18Q2 業外 損益 (億),18Q3 業外 損益 (億),18Q4 業外 損益 (億),19Q1 業外 損益 (億),19Q2 業外 損益 (億),19Q3 業外 損益 (億),19Q4 業外 損益 (億),2019Q4,,,,,,,,,,,,
8429,金麗-KY,8.56,0,0,0.09,,,,,,,,,,,,,-0.14,0.23,0.11,0.24,0.17,0.01,-0.04,0.13,0.17,0.04,-0.02,0.19,2019Q4,,,,,,,,,,,,
8443,阿瘦,11.6,+0.05,+0.43,0.03,,,,,,,,,,,,,-0.07,0.04,0.03,-0.05,-0.04,0.08,0.08,0.02,0.09,0.03,0.06,0.02,2019Q4,,,,,,,,,,,,
8488,吉源-KY,11.85,+0.3,+2.6,-0.13,,,,,,,,,,,,,-0.17,0.13,0.15,0.12,0.47,-0.93,-0.78,-0.04,0.15,-0.38,-0.42,0.1,2019Q4,,,,,,,,,,,,
9912,偉聯,11.7,+0.05,+0.43,-0.08,,,,,,,,,,,,,0.01,0,0,0,-0.01,0,-0.01,-0.04,-0.04,-0.03,-0.02,-0.81,2019Q4,,,,,,,,,,,,
9914,美利達,131.5,-1,-0.75,2.31,,,,,,,,,,,,,1.28,-0.09,2.01,-3.13,1.49,3.9,4.64,2.67,3.44,2.81,5.28,3.39,2019Q4,,,,,,,,,,,,
9919,康那香,15.55,-0.45,-2.81,0.01,,,,,,,,,,,,,-0.26,-0.05,0.64,-0.02,0.04,0.13,-0.09,-0.16,0.04,-0.01,-0.03,-0.09,2019Q4,,,,,,,,,,,,
9928,中視,15.6,0,0,0.25,,,,,,,,,,,,,1.08,0.14,0.17,0.43,0.12,0.08,0.16,0.2,0.14,0.2,0.18,0.04,2019Q4,,,,,,,,,,,,
9929,秋雨,13.75,+0.4,+3,-0.01,,,,,,,,,,,,,-0.14,0.01,0.04,0.01,-0.04,0.14,0.05,0.29,-0.12,0.06,-0.17,-0.23,2019Q4,,,,,,,,,,,,
9955,佳龍,29.15,+2.65,+10,-0.07,,,,,,,,,,,,,-0.06,-0.03,-0.03,-0.02,-0.05,0.02,-1.09,-0.04,0.01,0.45,0.05,-0.05,2019Q4,,,,,,,,,,,,
1235,興泰,100.5,0,0,0.34,,,,,,,,,,,,,,,,,,,,,,,,,2016Q4,0.32,0.38,0.85,-0.62,0.04,-0.27,0.49,0.28,0.82,0.69,1.57,-0.43
1236,宏亞,20.75,-0.05,-0.24,0.16,,,,,,,,,,,,,,,,,,,,,,,,,2016Q4,0.06,1.14,0.01,0.07,0,0.05,0.03,0.05,0.08,0.04,0.13,0.27
1301,台塑,35.5,-0.3,-0.84,58.6,,,,,,,,,,,,,,,,,,,,,,,,,2016Q4,68.8,33.2,66.5,-19.3,15.1,88.3,89.7,52.7,37.7,86.9,104,79.1
1304,台聚,10.1,-0.05,-0.49,0.55,,,,,,,,,,,,,,,,,,,,,,,,,2016Q4,-0.34,-0.25,3.38,2.51,0.41,0.53,1.19,0.03,-1.03,0.77,-0.33,-0.31
1305,華夏,11.25,0,0,0.02,,,,,,,,,,,,,,,,,,,,,,,,,2016Q4,0.18,-0.24,0.35,0.29,-0.11,-0.02,0.62,-0.1,-0.55,0.09,-0.44,0.17
1308,亞聚,13,-0.2,-1.52,0.52,,,,,,,,,,,,,,,,,,,,,,,,,2016Q4,0.16,0.68,0.79,0.13,0.61,0.92,0.34,0.38,0.03,0.95,0.73,0.54
1309,台達化,11.4,-0.1,-0.87,-0.06,,,,,,,,,,,,,,,,,,,,,,,,,2016Q4,-0.47,-0.24,0.18,0.63,-0.11,0.04,-0.21,-0.22,-0.21,-0.01,-0.09,-0.03
1310,台苯,8.92,-0.04,-0.45,-0.21,,,,,,,,,,,,,,,,,,,,,,,,,2016Q4,0.09,3.86,0.36,-3.48,-0.16,-0.36,-0.28,-1.17,-0.31,-0.46,0.54,-1.11
1312,國喬,10.7,+0.1,+0.94,1.15,,,,,,,,,,,,,,,,,,,,,,,,,2016Q4,0.08,0.73,2.17,0.12,0.71,1.86,-1.19,0.21,1.78,1.69,2.25,3.46
1313,聯成,8.15,-0.04,-0.49,0.07,,,,,,,,,,,,,,,,,,,,,,,,,2016Q4,-1.5,-0.57,1.47,0.55,0.05,4.46,-2.44,-2.32,-0.69,2.54,1.66,-2.4
1316,上曜,15.15,-0.7,-4.42,0.15,,,,,,,,,,,,,,,,,,,,,,,,,2016Q4,0,-0.04,-0.03,1.78,-0.1,0.04,-0.02,0.01,-0.01,0.02,0.14,0.01
1325,恆大,23.7,-0.3,-1.25,0.05,,,,,,,,,,,,,,,,,,,,,,,,,2016Q4,0.1,-0.07,0.16,0.23,-0.02,-0.03,0.26,-0.01,-0.09,0.04,-0.09,0.15
1337,再生-KY,5.6,+0.06,+1.08,0.05,,,,,,,,,,,,,,,,,,,,,,,,,2016Q4,0.57,0.05,0.13,0.39,0.28,-0.07,0.22,-0.12,-0.04,-0.04,-0.03,-0.76
1338,廣華-KY,23.95,-0.05,-0.21,0.01,,,,,,,,,,,,,,,,,,,,,,,,,2016Q4,-0.07,-0.03,-0.12,0.04,0.14,0.21,0.16,0.23,-0.12,-0.21,-0.21,0.08
1340,勝悅-KY,7.31,-0.02,-0.27,0.17,,,,,,,,,,,,,,,,,,,,,,,,,2016Q4,0.75,-0.01,0,0.06,0.08,0.16,0.55,0.01,0.09,0.23,0.11,-0.04
1413,宏洲,11.6,+0.15,+1.31,0.15,,,,,,,,,,,,,,,,,,,,,,,,,2016Q4,-0.06,-0.14,0.01,0,0.03,0.96,0.25,0.78,-0.02,-0.02,-0.01,-0.01
1417,嘉裕,7.81,+0.05,+0.64,0.43,,,,,,,,,,,,,,,,,,,,,,,,,2016Q4,1.21,0.35,0.43,0.1,-0.03,0.17,0.32,0.79,0.04,1.38,0.31,0.07
1432,大魯閣,16.25,+0.1,+0.62,0.2,,,,,,,,,,,,,,,,,,,,,,,,,2016Q4,0.11,-0.04,0.85,0.14,-0.01,-0.04,0.71,0.06,1.7,-0.34,-0.48,-0.24
代號,名稱,成交,漲跌 價,漲跌 幅,平均 業外 損益 (億),,,,,,,,,,,,,,,,,,,,,,,,,2016Q4,14Q1 業外 損益 (億),14Q2 業外 損益 (億),14Q3 業外 損益 (億),14Q4 業外 損益 (億),15Q1 業外 損益 (億),15Q2 業外 損益 (億),15Q3 業外 損益 (億),15Q4 業外 損益 (億),16Q1 業外 損益 (億),16Q2 業外 損益 (億),16Q3 業外 損益 (億),16Q4 業外 損益 (億)
1435,中福,31.5,0,0,0.01,,,,,,,,,,,,,,,,,,,,,,,,,2016Q4,0.01,0.01,0.01,0.02,0,0,0.02,0,-0.02,0.01,0,0.01
1438,三地開發,41.8,+2.3,+5.82,0.01,,,,,,,,,,,,,,,,,,,,,,,,,2016Q4,0.01,0.01,0.01,0.01,0,0,0.06,-0.03,0.01,0.01,0.01,-0.01
1440,南紡,11.7,-0.15,-1.27,1.27,,,,,,,,,,,,,,,,,,,,,,,,,2016Q4,0.41,0.49,1.46,0.81,1.6,1.84,2.56,1.25,0.42,1.93,1.15,1.34
1445,大宇,14.2,0,0,0.04,,,,,,,,,,,,,,,,,,,,,,,,,2016Q4,0.07,0.01,0.08,0.06,0,-0.03,0.19,0.02,-0.03,0.07,0.04,0.06
1460,宏遠,6.8,-0.07,-1.02,0.13,,,,,,,,,,,,,,,,,,,,,,,,,2016Q4,0.34,0,0.32,0.52,0.1,-0.14,0.18,0.08,-0.38,0.19,-0.21,0.56
1512,瑞利,6.23,0,0,-0.12,,,,,,,,,,,,,,,,,,,,,,,,,2016Q4,-0.12,-0.38,0.09,0.29,-0.39,-0.26,0.55,-0.25,-0.17,-0.47,-0.21,-0.18
1516,川飛,14.15,-0.35,-2.41,0.08,,,,,,,,,,,,,,,,,,,,,,,,,2016Q4,0.01,0,0.05,0.14,0.79,-0.05,0,-0.1,0.15,-0.01,0,0.01
1517,利奇,11.05,0,0,0.25,,,,,,,,,,,,,,,,,,,,,,,,,2016Q4,0.38,0.24,0.22,0.41,-0.26,0.49,0.58,0.12,0.18,0.22,0.22,0.25
1526,日馳,18.6,-0.05,-0.27,0,,,,,,,,,,,,,,,,,,,,,,,,,2016Q4,0.03,-0.04,-0.01,0.07,-0.11,-0.01,0.33,-0.05,-0.14,0,-0.26,0.23
1528,恩德,12.15,-0.05,-0.41,0.08,,,,,,,,,,,,,,,,,,,,,,,,,2016Q4,0.02,-0.25,0.23,0.74,-0.25,0.03,0.28,0.18,0.02,0.05,-0.36,0.23
1529,樂事綠能,21.95,+0.1,+0.46,-0.19,,,,,,,,,,,,,,,,,,,,,,,,,2016Q4,0.01,-0.06,0.2,0.03,-0.03,-0.21,-0.1,-1.64,0.04,-0.02,-0.02,-0.46
1533,車王電,29.6,-0.25,-0.84,-0.03,,,,,,,,,,,,,,,,,,,,,,,,,2016Q4,0.34,-0.13,-0.31,0.17,-0.26,0.06,0.44,-0.03,-0.12,-0.29,-0.06,-0.14
1538,正峰,26,-0.55,-2.07,0.03,,,,,,,,,,,,,,,,,,,,,,,,,2016Q4,0.5,0.14,-0.13,-0.14,-0.67,-0.62,1.64,-0.14,0.04,0.09,0.15,-0.51
1587,吉茂,26.95,-0.35,-1.28,-0.03,,,,,,,,,,,,,,,,,,,,,,,,,2016Q4,,,,,,,-0.05,-0.06,,0.04,-0.05,0
1589,永冠-KY,27.85,-0.1,-0.36,0.35,,,,,,,,,,,,,,,,,,,,,,,,,2016Q4,-0.27,-0.07,-0.16,0.22,-0.06,0.3,1.43,1.06,0.14,0.78,0.03,0.85
1626,艾美特-KY,11.85,-0.05,-0.42,-0.13,,,,,,,,,,,,,,,,,,,,,,,,,2016Q4,-1.83,-0.32,1.19,-0.16,-0.26,-0.19,0.17,-0.32,-0.15,-0.41,-0.28,1
1710,東聯,12.9,-0.2,-1.53,-1.74,,,,,,,,,,,,,,,,,,,,,,,,,2016Q4,-2.02,-0.67,1.11,-1.85,-0.24,-0.38,-5.33,-2.85,-2.03,-1.81,-2.43,-2.42
1721,三晃,11.45,+0.05,+0.44,0.05,,,,,,,,,,,,,,,,,,,,,,,,,2016Q4,0.08,0.19,0.03,0.11,-0.04,0.21,0.24,-0.19,-0.17,0.17,-0.25,0.17
代號,名稱,成交,漲跌 價,漲跌 幅,平均 業外 損益 (億),,,,,,,,,,,,,,,,,,,,,,,,,2016Q4,14Q1 業外 損益 (億),14Q2 業外 損益 (億),14Q3 業外 損益 (億),14Q4 業外 損益 (億),15Q1 業外 損益 (億),15Q2 業外 損益 (億),15Q3 業外 損益 (億),15Q4 業外 損益 (億),16Q1 業外 損益 (億),16Q2 業外 損益 (億),16Q3 業外 損益 (億),16Q4 業外 損益 (億)
1802,台玻,14,+0.1,+0.72,-1.69,,,,,,,,,,,,,,,,,,,,,,,,,2016Q4,-8.1,-3.01,17,17.6,-2.57,0.34,-9.68,-6.99,-2.03,-7.42,-5.93,-9.42
1903,士紙,45.5,+0.4,+0.89,-0.09,,,,,,,,,,,,,,,,,,,,,,,,,2016Q4,-0.75,0,0.29,-1.62,0.07,0,0.63,-0.03,-0.04,-0.11,0.45,0.01
1905,華紙,13.05,-0.2,-1.51,0.14,,,,,,,,,,,,,,,,,,,,,,,,,2016Q4,0.39,0.11,0.43,0.43,-0.26,0.1,0.87,0.1,-0.36,0.11,-0.07,-0.2
1909,榮成,9.01,-0.16,-1.74,-1.13,,,,,,,,,,,,,,,,,,,,,,,,,2016Q4,-6.03,-0.68,0.56,-2.24,-1.8,-0.88,-2.98,-2.6,-1.87,0.26,-2.78,7.5
2007,燁興,8.3,-0.06,-0.72,-0.51,,,,,,,,,,,,,,,,,,,,,,,,,2016Q4,-0.44,-0.36,-0.33,-0.61,-0.52,-0.59,-0.7,-0.46,-0.55,-0.46,-0.61,-0.53
2014,中鴻,16.5,-0.2,-1.2,1.15,,,,,,,,,,,,,,,,,,,,,,,,,2016Q4,-0.57,-0.38,0.6,-0.21,-0.44,10.8,5.74,-0.36,-0.52,-0.49,0.31,-0.61
2022,聚亨,8.1,-0.07,-0.86,-0.34,,,,,,,,,,,,,,,,,,,,,,,,,2016Q4,0.47,-0.1,0.01,-0.3,-0.44,-0.66,-1.02,-0.98,-0.26,-0.3,-0.07,-0.37
2023,燁輝,15.55,0,0,-2.51,,,,,,,,,,,,,,,,,,,,,,,,,2016Q4,-2.49,-0.78,1.33,1.12,-4.4,-3.93,-7.2,-9.05,-3.07,0.37,-1.81,-0.2
2025,千興,13.35,-0.1,-0.74,-0.06,,,,,,,,,,,,,,,,,,,,,,,,,2016Q4,-0.12,0.21,-0.01,-0.27,0.12,0,-0.81,-0.2,0.18,-0.08,0.35,-0.06
2034,允強,20.1,-0.2,-0.99,0.07,,,,,,,,,,,,,,,,,,,,,,,,,2016Q4,0.33,-0.42,0.27,0.38,-0.1,-0.19,0.99,-0.03,-0.4,0.01,-0.38,0.41
2102,泰豐,16.95,-0.05,-0.29,0.09,,,,,,,,,,,,,,,,,,,,,,,,,2016Q4,0.06,-0.14,0.06,0.45,-0.17,-0.17,0.58,0.24,-0.23,0.2,-0.14,0.33
2104,國際中橡,10.55,-0.1,-0.94,1.16,,,,,,,,,,,,,,,,,,,,,,,,,2016Q4,-0.87,-0.77,21.3,-1.07,-1.07,-0.54,0.78,-0.87,-0.08,-1.64,0.18,-1.44
2208,台船,17.15,-0.55,-3.11,0.16,,,,,,,,,,,,,,,,,,,,,,,,,2016Q4,-0.18,0.39,0.13,-0.1,0.67,0.2,0.44,0.12,0.3,0.26,0.02,-0.29
2241,艾姆勒,24.2,-0.1,-0.41,,,,,,,,,,,,,,,,,,,,,,,,,,2016Q4,,,,,,,,,,,,
2254,巨鎧精密-創,67.4,-1.1,-1.61,,,,,,,,,,,,,,,,,,,,,,,,,,2016Q4,,,,,,,,,,,,
2258,鴻華先進-創,40.5,-0.9,-2.17,,,,,,,,,,,,,,,,,,,,,,,,,,2016Q4,,,,,,,,,,,,
2314,台揚,12,+0.1,+0.84,0.08,,,,,,,,,,,,,,,,,,,,,,,,,2016Q4,-0.15,-0.33,-0.02,-0.5,0.03,-0.01,1.81,0,-0.05,0.04,-0.03,0.16
2321,東訊,13.65,-0.3,-2.15,0.01,,,,,,,,,,,,,,,,,,,,,,,,,2016Q4,0.36,-0.15,-0.22,-0.2,0.13,0.08,-0.03,-0.08,0.02,0.15,0.06,0.02
代號,名稱,成交,漲跌 價,漲跌 幅,平均 業外 損益 (億),,,,,,,,,,,,,,,,,,,,,,,,,2016Q4,14Q1 業外 損益 (億),14Q2 業外 損益 (億),14Q3 業外 損益 (億),14Q4 業外 損益 (億),15Q1 業外 損益 (億),15Q2 業外 損益 (億),15Q3 業外 損益 (億),15Q4 業外 損益 (億),16Q1 業外 損益 (億),16Q2 業外 損益 (億),16Q3 業外 損益 (億),16Q4 業外 損益 (億)
2323,中環,7.77,-0.06,-0.77,-1.2,,,,,,,,,,,,,,,,,,,,,,,,,2016Q4,-0.38,-0.59,0.15,-0.06,-0.32,0.06,-0.69,-9.19,-0.51,-0.03,-0.29,-2.59
2331,精英,15.4,+0.2,+1.32,0.85,,,,,,,,,,,,,,,,,,,,,,,,,2016Q4,1,0.53,1.75,0.95,0.28,0.15,1.95,-0.94,0.45,1.06,0.78,2.28
2337,旺宏,19.15,-0.05,-0.26,0.47,,,,,,,,,,,,,,,,,,,,,,,,,2016Q4,-0.13,-0.02,-0.01,-1.3,8.94,-0.46,1.04,-1.29,-0.85,0.11,-0.41,0.01
2338,光罩,31.15,+0.3,+0.97,-0.03,,,,,,,,,,,,,,,,,,,,,,,,,2016Q4,0.22,0,0.17,0.08,0,-0.61,0.35,0.12,-0.22,0,-0.13,-0.31
2340,台亞,20.75,+0.25,+1.22,0.3,,,,,,,,,,,,,,,,,,,,,,,,,2016Q4,0.18,-0.12,-0.13,-0.72,-0.25,0.48,0.37,0.81,-0.14,1.71,1.3,0.14
2369,菱生,13.45,-0.05,-0.37,0.12,,,,,,,,,,,,,,,,,,,,,,,,,2016Q4,0.1,0.11,0.03,0.07,0.07,0.09,0.23,-0.03,0.04,0.09,0.61,0.1
2380,虹光,3.89,+0.34,+9.58,0.03,,,,,,,,,,,,,,,,,,,,,,,,,2016Q4,0.26,-0.08,0.21,0.31,-0.2,0.04,0.42,-0.84,0.03,0.13,-0.27,0.42
2390,云辰,10.25,-0.05,-0.49,0.52,,,,,,,,,,,,,,,,,,,,,,,,,2016Q4,0.02,-0.14,-0.28,0.19,0.51,1.01,1.53,1.64,0.77,0.2,-0.03,0.8
2406,國碩,11,0,0,0.16,,,,,,,,,,,,,,,,,,,,,,,,,2016Q4,2.09,0.84,0.26,0.61,-1.31,-1.85,2.03,-1.49,-0.77,-0.88,2.74,-0.33
2408,南亞科,32.1,-0.65,-1.98,28.6,,,,,,,,,,,,,,,,,,,,,,,,,2016Q4,28.6,21.8,28.8,50.1,15.4,8.47,17.8,0.25,-7.88,-5.99,-2.96,189
2409,友達,12.3,-0.1,-0.81,-11,,,,,,,,,,,,,,,,,,,,,,,,,2016Q4,-3.59,2.73,-12.1,-8.9,-31.8,-4,5.15,-68.6,-1.88,-3.56,-3.4,-2.69
2413,環科,18.25,0,0,0.01,,,,,,,,,,,,,,,,,,,,,,,,,2016Q4,0.13,-1.11,0.2,0.09,-0.09,-0.02,0.62,-0.01,-0.14,0.45,0,-0.04
2424,隴華,59.8,0,0,0,,,,,,,,,,,,,,,,,,,,,,,,,2016Q4,0.06,-0.03,0.06,0.1,-0.04,-0.05,0.21,-0.08,-0.08,0,-0.11,0
2429,銘旺科,44.2,-0.55,-1.23,-0.03,,,,,,,,,,,,,,,,,,,,,,,,,2016Q4,-0.01,-0.01,0,-0.01,0,0.01,0.02,-0.37,0.1,0,-0.02,-0.02
2431,聯昌,11.05,-0.15,-1.34,0.19,,,,,,,,,,,,,,,,,,,,,,,,,2016Q4,0.15,0.07,0.28,0.17,0.08,0.08,0.57,0.17,-0.04,0.18,0.12,0.46
2438,翔耀,29.5,+0.5,+1.72,-0.01,,,,,,,,,,,,,,,,,,,,,,,,,2016Q4,0,0.28,-0.03,-0.15,-0.01,-0.21,-0.04,0.02,-0.01,-0.02,0,0.04
2440,太空梭,15.8,+0.65,+4.29,-0.02,,,,,,,,,,,,,,,,,,,,,,,,,2016Q4,-0.13,0.04,0.16,0.19,-0.03,0.02,-0.03,0.02,-0.01,-0.12,-0.12,-0.21
2444,兆勁,12.1,-0.15,-1.22,0.06,,,,,,,,,,,,,,,,,,,,,,,,,2016Q4,0.09,-0.07,0.08,0.09,-0.04,-0.06,0.15,0.57,-0.06,0.03,-0.1,0.06
代號,名稱,成交,漲跌 價,漲跌 幅,平均 業外 損益 (億),,,,,,,,,,,,,,,,,,,,,,,,,2016Q4,14Q1 業外 損益 (億),14Q2 業外 損益 (億),14Q3 業外 損益 (億),14Q4 業外 損益 (億),15Q1 業外 損益 (億),15Q2 業外 損益 (億),15Q3 業外 損益 (億),15Q4 業外 損益 (億),16Q1 業外 損益 (億),16Q2 業外 損益 (億),16Q3 業外 損益 (億),16Q4 業外 損益 (億)
2460,建通,16.45,-0.35,-2.08,0,,,,,,,,,,,,,,,,,,,,,,,,,2016Q4,0.03,0,-0.05,-0.04,0.02,-0.03,0.04,0.05,-0.05,0.08,-0.06,-0.02
2465,麗臺,47.6,0,0,0.04,,,,,,,,,,,,,,,,,,,,,,,,,2016Q4,0,-0.02,-0.01,-0.1,1.35,0.02,-0.01,-0.08,-0.06,-0.12,-0.12,-0.31
2466,冠西電,108.5,+4,+3.83,-0.02,,,,,,,,,,,,,,,,,,,,,,,,,2016Q4,0.17,-0.24,-0.13,-0.12,-0.08,-0.01,0.05,-0.14,-0.07,0.03,-0.01,0.29
2485,兆赫,11.5,-0.05,-0.43,0.47,,,,,,,,,,,,,,,,,,,,,,,,,2016Q4,1.34,-0.43,1.07,2.16,-0.63,0.11,2.83,0.27,-0.95,-0.11,-1.33,1.31
2491,吉祥全,11.1,+0.05,+0.45,0.32,,,,,,,,,,,,,,,,,,,,,,,,,2016Q4,1.41,1.8,0.12,-0.32,-0.02,-0.07,-0.02,0.84,0.03,0.03,-0.05,0.13
2498,宏達電,36.9,-0.15,-0.4,3.3,,,,,,,,,,,,,,,,,,,,,,,,,2016Q4,1.66,3.32,4.83,3.33,4.94,-27.8,4.56,4.49,23.1,12.9,2.08,2.2
2547,日勝生,12.65,+0.25,+2.02,-0.34,,,,,,,,,,,,,,,,,,,,,,,,,2016Q4,-0.43,-0.38,-0.63,-0.92,-0.47,-0.61,-0.97,-0.91,-0.92,2.91,-0.77,0.01
2601,益航,6.48,-0.09,-1.37,-3.07,,,,,,,,,,,,,,,,,,,,,,,,,2016Q4,0.87,1.36,-3.57,-4.02,-0.27,-0.84,-14.8,-4.2,-6.71,0.61,-3.68,-1.5
2616,山隆,16.15,-0.45,-2.71,0.16,,,,,,,,,,,,,,,,,,,,,,,,,2016Q4,0.2,0.18,0.53,-0.15,0.07,0.1,0.32,-0.04,0.08,0.11,0.46,0.05
2642,宅配通,28,-0.4,-1.41,0.08,,,,,,,,,,,,,,,,,,,,,,,,,2016Q4,0.02,0.07,0.02,0.24,0.02,0.45,0.03,-0.22,0.2,0.09,0.01,0
2712,遠雄來,18.4,0,0,0.01,,,,,,,,,,,,,,,,,,,,,,,,,2016Q4,-0.01,0,0,0,0,0,0,0.02,0.01,0.01,0.01,0.01
2722,夏都,27.5,-0.5,-1.79,0.01,,,,,,,,,,,,,,,,,,,,,,,,,2016Q4,0,0,0.01,0,0,0,0.02,0.02,0,0.02,0.01,0.01
2911,麗嬰房,5.08,-0.07,-1.36,0.11,,,,,,,,,,,,,,,,,,,,,,,,,2016Q4,-0.29,-0.12,-0.21,0.03,-0.02,-0.1,0.39,0.08,0.16,0.11,0.07,1.23
2913,農林,15.45,+0.05,+0.32,1.35,,,,,,,,,,,,,,,,,,,,,,,,,2016Q4,0.83,1.11,1.47,2.79,1.53,2.08,1.3,1.6,0.7,0.58,1.93,0.24
2939,永邑-KY,28.85,+1.7,+6.26,0.07,,,,,,,,,,,,,,,,,,,,,,,,,2016Q4,,,,,,,,,,0.01,-0.19,0.39
3011,今皓,12.6,-0.15,-1.18,0.05,,,,,,,,,,,,,,,,,,,,,,,,,2016Q4,0.09,0.05,0.05,-0.08,0.11,0.06,-0.03,0.15,0.06,0.02,0.03,0.13
3018,隆銘綠能,21.85,+0.4,+1.86,-0.02,,,,,,,,,,,,,,,,,,,,,,,,,2016Q4,-0.01,-0.02,0,0,-0.01,-0.02,-0.01,0,-0.02,-0.04,-0.02,-0.06
3041,揚智,23.55,-0.15,-0.63,-0.03,,,,,,,,,,,,,,,,,,,,,,,,,2016Q4,0.21,0.06,0.11,0.35,0.23,0.11,0.73,0.25,0.19,0.22,0.11,-3
代號,名稱,成交,漲跌 價,漲跌 幅,平均 業外 損益 (億),,,,,,,,,,,,,,,,,,,,,,,,,2016Q4,14Q1 業外 損益 (億),14Q2 業外 損益 (億),14Q3 業外 損益 (億),14Q4 業外 損益 (億),15Q1 業外 損益 (億),15Q2 業外 損益 (億),15Q3 業外 損益 (億),15Q4 業外 損益 (億),16Q1 業外 損益 (億),16Q2 業外 損益 (億),16Q3 業外 損益 (億),16Q4 業外 損益 (億)
3048,益登,23.8,0,0,-0.7,,,,,,,,,,,,,,,,,,,,,,,,,2016Q4,-0.48,-0.49,-0.71,-0.77,-0.68,-0.63,-0.54,-0.63,-0.81,-0.63,-0.83,-1.19
3049,精金,6.88,-0.08,-1.15,-0.37,,,,,,,,,,,,,,,,,,,,,,,,,2016Q4,-0.75,-0.81,-0.09,0.3,-0.33,-0.66,0.61,-1.13,-1.12,-0.83,-1.31,1.74
3054,立萬利,22.8,+0.8,+3.64,0.12,,,,,,,,,,,,,,,,,,,,,,,,,2016Q4,0.11,-0.02,0.11,0.17,0.03,0.01,0.12,0.01,0.29,0.14,0.45,-0.02
3055,蔚華科,48.05,-0.35,-0.72,0.6,,,,,,,,,,,,,,,,,,,,,,,,,2016Q4,0.13,-0.06,0.16,0.11,0,0.04,0.16,6.04,0.04,0.03,0,0.54
3057,喬鼎,8.18,-0.09,-1.09,-0.08,,,,,,,,,,,,,,,,,,,,,,,,,2016Q4,0.2,-0.12,0.03,0.31,-0.06,-0.09,0.33,-0.37,-0.1,0.05,-0.15,-0.99
3058,立德,10.25,-0.15,-1.44,0,,,,,,,,,,,,,,,,,,,,,,,,,2016Q4,0.04,-0.11,0.33,-0.2,0.22,0.07,-0.01,-0.79,0.16,0.08,0.13,0.14
3092,鴻碩,19.25,-0.5,-2.53,-0.04,,,,,,,,,,,,,,,,,,,,,,,,,2016Q4,-0.03,-0.03,-0.04,-0.04,-0.02,-0.02,-0.08,-0.1,-0.05,0.01,0,-0.03
3149,正達,29.8,-0.35,-1.16,-1.55,,,,,,,,,,,,,,,,,,,,,,,,,2016Q4,-0.45,-0.46,-0.31,-5.33,3.35,-21.2,-0.86,-4.23,6.37,3.42,1.41,-0.34
3321,同泰,7.08,+0.36,+5.36,0.02,,,,,,,,,,,,,,,,,,,,,,,,,2016Q4,0.14,-0.2,-0.22,0.18,-0.07,-0.08,0.31,0.11,-0.09,0.04,-0.17,0.23
3419,譁裕,14.55,+0.15,+1.04,0.1,,,,,,,,,,,,,,,,,,,,,,,,,2016Q4,0,0.05,-0.01,0.01,0.03,-0.09,0.06,0.11,-0.03,0.34,0.25,0.46
3432,台端,13.8,+0.65,+4.94,0.09,,,,,,,,,,,,,,,,,,,,,,,,,2016Q4,0.01,-0.03,0.05,0.02,0.03,0.06,0.26,0.14,0.08,0.17,-0.02,0.36
3437,榮創,15.15,-0.15,-0.98,0.05,,,,,,,,,,,,,,,,,,,,,,,,,2016Q4,0.06,-0.02,0.12,0.19,0.01,0.07,0.12,0.05,0.01,-0.03,-0.06,0.03
3494,誠研,14.55,0,0,0.01,,,,,,,,,,,,,,,,,,,,,,,,,2016Q4,0.01,-0.13,0.24,0.23,-0.13,-0.05,-0.02,0.04,-0.13,-0.02,-0.09,0.16
3504,揚明光,44.35,+0.35,+0.8,0.15,,,,,,,,,,,,,,,,,,,,,,,,,2016Q4,0.19,0.19,0.25,0.15,0.23,0.12,0.3,0.1,0.04,0.07,-0.02,0.11
3518,柏騰,17.75,0,0,-0.08,,,,,,,,,,,,,,,,,,,,,,,,,2016Q4,-0.12,-0.27,-0.08,0.02,0.21,0.15,0.1,-0.24,0.1,-0.54,-0.11,-0.25
3530,晶相光,55.4,-0.7,-1.25,0.05,,,,,,,,,,,,,,,,,,,,,,,,,2016Q4,,,,,,,,,,0.05,0.01,0.1
3543,州巧,17.4,+0.3,+1.75,,,,,,,,,,,,,,,,,,,,,,,,,,2016Q4,,,,,,,,,,,,
3550,聯穎,12.6,-0.05,-0.4,0.02,,,,,,,,,,,,,,,,,,,,,,,,,2016Q4,0.03,-0.07,0.11,0.33,-0.02,-0.08,0.39,-0.31,-0.23,0.04,-0.12,0.2
代號,名稱,成交,漲跌 價,漲跌 幅,平均 業外 損益 (億),,,,,,,,,,,,,,,,,,,,,,,,,2016Q4,14Q1 業外 損益 (億),14Q2 業外 損益 (億),14Q3 業外 損益 (億),14Q4 業外 損益 (億),15Q1 業外 損益 (億),15Q2 業外 損益 (億),15Q3 業外 損益 (億),15Q4 業外 損益 (億),16Q1 業外 損益 (億),16Q2 業外 損益 (億),16Q3 業外 損益 (億),16Q4 業外 損益 (億)
3576,聯合再生,8.2,+0.1,+1.23,-0.29,,,,,,,,,,,,,,,,,,,,,,,,,2016Q4,0.15,0.65,-0.45,-0.61,-0.74,-0.34,-0.96,-0.49,-0.53,0.66,-0.89,0.12
3593,力銘,9.85,-0.15,-1.5,-0.06,,,,,,,,,,,,,,,,,,,,,,,,,2016Q4,0.01,-0.01,0.22,-0.1,-0.31,-0.02,0.13,-0.2,0,-0.1,-0.05,-0.26
3686,達能,14.1,-0.4,-2.76,0.01,,,,,,,,,,,,,,,,,,,,,,,,,2016Q4,-0.14,-0.16,0.12,0.23,-0.02,0.01,0.08,0.01,-0.05,0.04,0,0.05
3714,富采,35.15,+0.2,+0.57,,,,,,,,,,,,,,,,,,,,,,,,,,2016Q4,,,,,,,,,,,,
4108,懷特,13.15,0,0,0.04,,,,,,,,,,,,,,,,,,,,,,,,,2016Q4,0.04,0.05,-0.14,0.04,0.03,0.06,0.17,0.04,0.03,0.03,0.15,0.04
4142,國光生,18.55,-0.15,-0.8,-0.03,,,,,,,,,,,,,,,,,,,,,,,,,2016Q4,-0.06,-0.09,-0.14,0.18,-0.04,0.09,-0.01,0.03,-0.1,0.03,-0.05,-0.23
4190,佐登-KY,34.5,+0.4,+1.17,0.05,,,,,,,,,,,,,,,,,,,,,,,,,2016Q4,,-0.26,0.08,0.18,0.04,0.02,0.16,0.11,0.11,0.05,0,0.08
4426,利勤,11.2,-0.2,-1.75,0.02,,,,,,,,,,,,,,,,,,,,,,,,,2016Q4,0.03,-0.05,0.03,0.14,-0.1,-0.08,0.33,0,-0.15,0.04,-0.19,0.21
4526,東台,21.5,-1,-4.44,0.28,,,,,,,,,,,,,,,,,,,,,,,,,2016Q4,0.98,-0.41,0.89,1.72,-0.62,-0.54,2.23,-0.71,-0.31,0.19,-0.75,0.65
4540,全球傳動,36.6,-0.05,-0.14,-0.21,,,,,,,,,,,,,,,,,,,,,,,,,2016Q4,,,,,,,,,,-0.18,-0.08,-0.36
4555,氣立,34.75,+0.35,+1.02,0,,,,,,,,,,,,,,,,,,,,,,,,,2016Q4,0.06,-0.04,0.13,0.13,0.01,-0.03,0.14,-0.14,-0.04,-0.09,-0.12,0.01
4562,穎漢,40.9,+0.55,+1.36,-0.05,,,,,,,,,,,,,,,,,,,,,,,,,2016Q4,,,,,,-0.1,-0.15,0.12,-0.01,-0.04,-0.15,0
4564,元翎,19.4,+0.65,+3.47,-0.22,,,,,,,,,,,,,,,,,,,,,,,,,2016Q4,,,,,,,,,,,-0.02,-0.41
4737,華廣,55,+5,+10,-0.15,,,,,,,,,,,,,,,,,,,,,,,,,2016Q4,-0.07,-0.23,-0.12,-0.21,-0.14,-0.12,-0.15,-0.25,-0.08,-0.16,-0.01,-0.19
4764,雙鍵,39,-0.2,-0.51,-0.01,,,,,,,,,,,,,,,,,,,,,,,,,2016Q4,,,,,,,-0.13,0.09,,0.05,-0.13,0.05
4807,日成-KY,17.7,+1.6,+9.94,0.04,,,,,,,,,,,,,,,,,,,,,,,,,2016Q4,,,,,,0.11,-0.03,0.21,-0.03,-0.01,-0.03,0.09
4927,泰鼎-KY,22.5,-0.65,-2.81,-0.28,,,,,,,,,,,,,,,,,,,,,,,,,2016Q4,-0.13,-0.22,-0.08,-0.34,0.01,-0.64,-0.81,-0.31,0.03,-0.16,-0.11,-0.54
4934,太極,9.9,0,0,0.05,,,,,,,,,,,,,,,,,,,,,,,,,2016Q4,-0.08,-0.24,0.43,0.44,0.31,-0.26,0.56,-0.13,-0.21,-0.01,-0.22,0.04
代號,名稱,成交,漲跌 價,漲跌 幅,平均 業外 損益 (億),,,,,,,,,,,,,,,,,,,,,,,,,2016Q4,14Q1 業外 損益 (億),14Q2 業外 損益 (億),14Q3 業外 損益 (億),14Q4 業外 損益 (億),15Q1 業外 損益 (億),15Q2 業外 損益 (億),15Q3 業外 損益 (億),15Q4 業外 損益 (億),16Q1 業外 損益 (億),16Q2 業外 損益 (億),16Q3 業外 損益 (億),16Q4 業外 損益 (億)
4943,康控-KY,12,0,0,-0.03,,,,,,,,,,,,,,,,,,,,,,,,,2016Q4,,0.01,-0.01,0.17,-0.03,0.09,-0.01,-0.03,-0.04,-0.07,-0.1,-0.26
4949,有成精密,38.5,-0.8,-2.04,,,,,,,,,,,,,,,,,,,,,,,,,,2016Q4,,,,,,,,,,,,
4956,光鋐,21.35,+0.75,+3.64,0,,,,,,,,,,,,,,,,,,,,,,,,,2016Q4,-0.01,0.01,0,0.13,-0.04,-0.15,0.34,0.02,-0.11,-0.21,-0.15,0.11
4960,誠美材,12.25,-0.15,-1.21,0.7,,,,,,,,,,,,,,,,,,,,,,,,,2016Q4,0.38,-0.34,2.04,2.85,-0.04,0.22,2.57,0.09,-1.38,-1.22,0.22,3.01
4976,佳凌,25.8,+0.3,+1.18,0,,,,,,,,,,,,,,,,,,,,,,,,,2016Q4,0.02,-0.02,0.04,0.02,-0.01,0,0.07,-0.01,-0.06,-0.01,-0.04,0.05
4989,榮科,14.6,-0.05,-0.34,0.02,,,,,,,,,,,,,,,,,,,,,,,,,2016Q4,,,,,,,,0.12,,-0.12,-0.23,0.28
5484,慧友,37.55,0,0,0.04,,,,,,,,,,,,,,,,,,,,,,,,,2016Q4,0.09,-0.11,0.09,0.15,-0.23,0.07,0.18,0.02,0.16,0.03,-0.06,0.05
5531,鄉林,9.71,-0.11,-1.12,-0.75,,,,,,,,,,,,,,,,,,,,,,,,,2016Q4,-0.56,-0.14,0.29,1.29,-0.38,-0.82,1.34,-4.04,-0.5,-2.37,-2.11,-1.04
5546,永固-KY,28,+0.15,+0.54,,,,,,,,,,,,,,,,,,,,,,,,,,2016Q4,,,,,,,,,,,,
5608,四維航,16.3,-0.1,-0.61,-0.14,,,,,,,,,,,,,,,,,,,,,,,,,2016Q4,1.55,-0.34,0.04,0.27,-0.35,-0.08,-0.39,0.39,-0.8,-0.77,-0.19,-0.99
5907,大洋-KY,8.64,-0.34,-3.79,-0.59,,,,,,,,,,,,,,,,,,,,,,,,,2016Q4,0.31,0.62,-0.35,-0.92,0.11,0.26,-5.69,0.44,-3.42,1.13,-0.1,0.48
6112,邁達特,43.5,-0.55,-1.25,0.07,,,,,,,,,,,,,,,,,,,,,,,,,2016Q4,0.05,0.05,0.09,0.09,-0.02,0.07,0.23,0.02,0.02,0.05,0.04,0.13
6116,彩晶,6.98,0,0,-1.04,,,,,,,,,,,,,,,,,,,,,,,,,2016Q4,0.59,0.4,-8.2,-2.78,5.24,-1.05,1.15,-2.99,-1.38,-3.01,0.53,-1
6141,柏承,9.4,-0.05,-0.53,-0.04,,,,,,,,,,,,,,,,,,,,,,,,,2016Q4,-0.04,0.09,0.13,0.24,-0.11,0,-0.12,-0.29,0.07,-0.11,-0.4,0.05
6142,友勁,8.62,+0.04,+0.47,0.5,,,,,,,,,,,,,,,,,,,,,,,,,2016Q4,0.12,0.17,0.67,0.57,0.18,0.21,0.34,-0.04,3.6,0.01,0.01,0.23
6152,百一,9.01,-0.06,-0.66,0.15,,,,,,,,,,,,,,,,,,,,,,,,,2016Q4,0.1,-0.26,0.14,0.36,0,-0.05,0.96,0.26,-0.12,0.46,-0.05,0.05
6153,嘉聯益,11.4,+0.25,+2.24,0.65,,,,,,,,,,,,,,,,,,,,,,,,,2016Q4,0.58,0.31,0.49,0.72,0.61,0.16,2.11,0.72,-0.21,0.57,-0.19,1.98
6168,宏齊,15.9,0,0,0.13,,,,,,,,,,,,,,,,,,,,,,,,,2016Q4,0.29,-0.18,0.41,0.66,-0.18,-0.31,0.94,-0.04,-0.23,-0.05,-0.08,0.31
代號,名稱,成交,漲跌 價,漲跌 幅,平均 業外 損益 (億),,,,,,,,,,,,,,,,,,,,,,,,,2016Q4,14Q1 業外 損益 (億),14Q2 業外 損益 (億),14Q3 業外 損益 (億),14Q4 業外 損益 (億),15Q1 業外 損益 (億),15Q2 業外 損益 (億),15Q3 業外 損益 (億),15Q4 業外 損益 (億),16Q1 業外 損益 (億),16Q2 業外 損益 (億),16Q3 業外 損益 (億),16Q4 業外 損益 (億)
6202,盛群,38.75,+0.2,+0.52,0.25,,,,,,,,,,,,,,,,,,,,,,,,,2016Q4,0.16,0.16,0.44,0.45,0.1,0.3,0.49,0.11,0.22,0.17,0.2,0.25
6209,今國光,23.5,-0.45,-1.88,0,,,,,,,,,,,,,,,,,,,,,,,,,2016Q4,-0.21,0.01,0.08,-0.13,0.19,0.06,-0.27,-0.51,0.21,0,0.33,0.18
6225,天瀚,12.35,-0.55,-4.26,0.02,,,,,,,,,,,,,,,,,,,,,,,,,2016Q4,0.01,-0.03,0,-0.03,-0.02,0,0.1,0.09,0,0.04,0.04,-0.02
6226,光鼎,7.28,+0.05,+0.69,0.02,,,,,,,,,,,,,,,,,,,,,,,,,2016Q4,-0.02,-0.21,0.09,0.15,-0.06,-0.16,0.03,-0.07,-0.09,0,0.22,0.36
6269,台郡,49.8,-0.6,-1.19,0.37,,,,,,,,,,,,,,,,,,,,,,,,,2016Q4,1.53,-0.72,0.68,1.26,0.71,-2.02,3.33,0.57,-0.96,-0.14,-1.94,2.11
6282,康舒,26.05,-0.2,-0.76,0.69,,,,,,,,,,,,,,,,,,,,,,,,,2016Q4,0.84,0.42,1.23,2.33,0.45,0.1,1.74,0.37,0.62,0.28,-0.19,0.09
6405,悅城,21.6,-0.55,-2.48,-0.04,,,,,,,,,,,,,,,,,,,,,,,,,2016Q4,0.03,-0.02,0.08,0.11,-0.01,0.02,0.17,-0.72,-0.15,0.08,-0.15,0.13
6426,統新,59.1,0,0,0.01,,,,,,,,,,,,,,,,,,,,,,,,,2016Q4,0.02,-0.03,0.18,0.08,-0.02,-0.04,0.22,-0.36,-0.07,0.07,-0.08,0.13
6431,光麗-KY,18.75,+0.45,+2.46,0.05,,,,,,,,,,,,,,,,,,,,,,,,,2016Q4,0.03,0.02,-0.02,-0.03,0.04,0.01,0.21,0.08,0,0.09,0.04,0.18
6443,元晶,14.15,0,0,-0.2,,,,,,,,,,,,,,,,,,,,,,,,,2016Q4,-0.14,-0.23,-0.17,-0.2,-0.19,-0.19,-0.08,-0.11,-0.26,-0.19,-0.33,-0.29
6477,安集,27.9,-0.2,-0.71,-0.09,,,,,,,,,,,,,,,,,,,,,,,,,2016Q4,,-0.07,-0.09,-0.21,-0.05,-0.03,-0.09,-0.07,-0.08,-0.08,-0.07,-0.16
6541,泰福-KY,63.5,+0.7,+1.11,0.17,,,,,,,,,,,,,,,,,,,,,,,,,2016Q4,,,,,,-0.01,,-0.03,1,-0.15,0.14,0.08
6550,北極星藥業-KY,40.25,+3.65,+9.97,,,,,,,,,,,,,,,,,,,,,,,,,,2016Q4,,,,,,,,,,,,
6573,虹揚-KY,11.25,-0.3,-2.6,-0.08,,,,,,,,,,,,,,,,,,,,,,,,,2016Q4,,,,,,,,,,-0.13,-0.04,-0.05
6598,ABC-KY,18.85,-0.15,-0.79,,,,,,,,,,,,,,,,,,,,,,,,,,2016Q4,,,,,,,,,,,,
6645,金萬林-創,21.85,+0.35,+1.63,,,,,,,,,,,,,,,,,,,,,,,,,,2016Q4,,,,,,,,,,,,
6657,華安,59.5,0,0,,,,,,,,,,,,,,,,,,,,,,,,,,2016Q4,,,,,,,,,,,,
6668,中揚光,33.95,+0.25,+0.74,0.02,,,,,,,,,,,,,,,,,,,,,,,,,2016Q4,,,,,,,,,,,0.01,0.03
代號,名稱,成交,漲跌 價,漲跌 幅,平均 業外 損益 (億),,,,,,,,,,,,,,,,,,,,,,,,,2016Q4,14Q1 業外 損益 (億),14Q2 業外 損益 (億),14Q3 業外 損益 (億),14Q4 業外 損益 (億),15Q1 業外 損益 (億),15Q2 業外 損益 (億),15Q3 業外 損益 (億),15Q4 業外 損益 (億),16Q1 業外 損益 (億),16Q2 業外 損益 (億),16Q3 業外 損益 (億),16Q4 業外 損益 (億)
6674,鋐寶科技,16.95,+0.1,+0.59,0.14,,,,,,,,,,,,,,,,,,,,,,,,,2016Q4,,,,,,,,,,,0.03,0.24
6695,芯鼎,41.6,-0.05,-0.12,,,,,,,,,,,,,,,,,,,,,,,,,,2016Q4,,,,,,,,,,,,
6698,旭暉應材,27.2,+0.45,+1.68,,,,,,,,,,,,,,,,,,,,,,,,,,2016Q4,,,,,,,,,,,,
6706,惠特,66.5,-0.2,-0.3,,,,,,,,,,,,,,,,,,,,,,,,,,2016Q4,,,,,,,,,,,,
6770,力積電,14.1,0,0,,,,,,,,,,,,,,,,,,,,,,,,,,2016Q4,,,,,,,,,,,,
6794,向榮生技-創,64.8,+1.5,+2.37,,,,,,,,,,,,,,,,,,,,,,,,,,2016Q4,,,,,,,,,,,,
6838,台新藥,24.3,+0.15,+0.62,,,,,,,,,,,,,,,,,,,,,,,,,,2016Q4,,,,,,,,,,,,
6885,全福生技,23.3,-0.2,-0.85,,,,,,,,,,,,,,,,,,,,,,,,,,2016Q4,,,,,,,,,,,,
6901,鑽石投資,22.65,+0.6,+2.72,,,,,,,,,,,,,,,,,,,,,,,,,,2016Q4,,,,,,,,,,,,
6902,GOGOLOOK-創,98,-1.5,-1.51,,,,,,,,,,,,,,,,,,,,,,,,,,2016Q4,,,,,,,,,,,,
6919,康霈*,616,+4,+0.65,,,,,,,,,,,,,,,,,,,,,,,,,,2016Q4,,,,,,,,,,,,
6928,攸泰科技,44.3,-1.1,-2.42,,,,,,,,,,,,,,,,,,,,,,,,,,2016Q4,,,,,,,,,,,,
6949,沛爾生醫-創,125.5,+0.5,+0.4,,,,,,,,,,,,,,,,,,,,,,,,,,2016Q4,,,,,,,,,,,,
6969,成信實業*-創,26.75,-0.75,-2.73,,,,,,,,,,,,,,,,,,,,,,,,,,2016Q4,,,,,,,,,,,,
8101,華冠,16.1,0,0,-0.68,,,,,,,,,,,,,,,,,,,,,,,,,2016Q4,-0.28,-0.24,-0.3,-0.94,-0.99,-0.15,-0.95,0.2,-0.35,-0.99,0.91,-4.05
8110,華東,11.8,-0.05,-0.42,0.18,,,,,,,,,,,,,,,,,,,,,,,,,2016Q4,0.09,-0.52,0.17,1.12,-0.46,-0.44,1.78,-0.04,-0.28,0.25,-0.57,1.11
8201,無敵,11.85,+0.1,+0.85,0.14,,,,,,,,,,,,,,,,,,,,,,,,,2016Q4,-0.43,0,0.53,0.32,0.09,0.04,0.57,-0.11,0.6,0.05,-0.05,0.12
8411,福貞-KY,12.35,+0.55,+4.66,0,,,,,,,,,,,,,,,,,,,,,,,,,2016Q4,0.12,-0.08,0,-0.21,0,-0.1,0.16,-0.06,0.05,0.21,0.14,-0.25
代號,名稱,成交,漲跌 價,漲跌 幅,平均 業外 損益 (億),,,,,,,,,,,,,,,,,,,,,,,,,2016Q4,14Q1 業外 損益 (億),14Q2 業外 損益 (億),14Q3 業外 損益 (億),14Q4 業外 損益 (億),15Q1 業外 損益 (億),15Q2 業外 損益 (億),15Q3 業外 損益 (億),15Q4 業外 損益 (億),16Q1 業外 損益 (億),16Q2 業外 損益 (億),16Q3 業外 損益 (億),16Q4 業外 損益 (億)
8429,金麗-KY,8.56,0,0,0.03,,,,,,,,,,,,,,,,,,,,,,,,,2016Q4,-0.01,-0.07,-0.01,-0.06,0,-0.05,-0.17,-0.22,0.16,-0.08,-0.14,0.98
8443,阿瘦,11.6,+0.05,+0.43,0.04,,,,,,,,,,,,,,,,,,,,,,,,,2016Q4,0.05,0,0.06,0.09,0.02,0.04,0.08,0.06,0.05,-0.01,-0.05,0.09
8488,吉源-KY,11.85,+0.3,+2.6,-0.22,,,,,,,,,,,,,,,,,,,,,,,,,2016Q4,,,,0.34,,,-0.44,-0.26,0.12,-0.4,-0.25,-0.67
9912,偉聯,11.7,+0.05,+0.43,0,,,,,,,,,,,,,,,,,,,,,,,,,2016Q4,0.07,-0.04,-0.08,-0.01,-0.06,0.02,0.08,-0.01,-0.01,-0.01,-0.02,0.01
9914,美利達,131.5,-1,-0.75,2.98,,,,,,,,,,,,,,,,,,,,,,,,,2016Q4,3.92,2.3,4.88,4.99,2.62,0.26,5.49,2.35,0.49,2.22,2.13,4.08
9919,康那香,15.55,-0.45,-2.81,-0.46,,,,,,,,,,,,,,,,,,,,,,,,,2016Q4,-0.09,-0.16,0.04,0.21,-0.05,-0.18,0.16,-0.21,-0.08,0.02,-0.19,-5
9928,中視,15.6,0,0,0.2,,,,,,,,,,,,,,,,,,,,,,,,,2016Q4,0.09,0.15,0.19,0.22,0.09,0.33,0.35,0.14,0.23,0.17,0.22,0.18
9929,秋雨,13.75,+0.4,+3,0.26,,,,,,,,,,,,,,,,,,,,,,,,,2016Q4,0.12,-0.1,-0.01,-0.03,-0.02,-0.03,0.15,0,-0.08,3.21,0,-0.04
9955,佳龍,29.15,+2.65,+10,-0.01,,,,,,,,,,,,,,,,,,,,,,,,,2016Q4,0.03,-0.01,-0.01,0.02,-0.04,-0.1,0.08,-0.01,-0.01,0,-0.05,-0.01
