代號,名稱,成交,漲跌 價,漲跌 幅,平均 營收 (億),22Q1 營收 (億),22Q2 營收 (億),22Q3 營收 (億),22Q4 營收 (億),23Q1 營收 (億),23Q2 營收 (億),23Q3 營收 (億),23Q4 營收 (億),24Q1 營收 (億),24Q2 營收 (億),24Q3 營收 (億),24Q4 營收 (億),17Q1 營收 (億),17Q2 營收 (億),17Q3 營收 (億),17Q4 營收 (億),18Q1 營收 (億),18Q2 營收 (億),18Q3 營收 (億),18Q4 營收 (億),19Q1 營收 (億),19Q2 營收 (億),19Q3 營收 (億),19Q4 營收 (億),季度,14Q1 營收 (億),14Q2 營收 (億),14Q3 營收 (億),14Q4 營收 (億),15Q1 營收 (億),15Q2 營收 (億),15Q3 營收 (億),15Q4 營收 (億),16Q1 營收 (億),16Q2 營收 (億),16Q3 營收 (億),16Q4 營收 (億)
1235,興泰,100.5,0,0,0.21,0.03,0.06,0.4,0.14,0.06,0.09,0.17,0.43,0.17,0.24,0.33,0.39,,,,,,,,,,,,,,,,,,,,,,,,,
1236,宏亞,20.75,-0.05,-0.24,5.01,5.45,3.84,5.33,6.48,4.9,3.91,5.41,5.08,5.74,3.43,5.04,5.57,,,,,,,,,,,,,,,,,,,,,,,,,
1301,台塑,35.5,-0.3,-0.84,542,710,739,557,511,522,484,507,477,481,511,505,503,,,,,,,,,,,,,,,,,,,,,,,,,
1304,台聚,10.1,-0.05,-0.49,141,171,179,163,151,132,128,135,128,120,135,129,126,,,,,,,,,,,,,,,,,,,,,,,,,
1305,華夏,11.25,0,0,35.4,53.1,48.4,39.8,35.1,37.8,33.4,33.7,32.2,29,30.8,25.6,25.4,,,,,,,,,,,,,,,,,,,,,,,,,
1308,亞聚,13,-0.2,-1.52,18.8,21.4,23.5,28.2,25,15.7,16.6,18.1,16.8,15.6,14.9,14.2,15.5,,,,,,,,,,,,,,,,,,,,,,,,,
1309,台達化,11.4,-0.1,-0.87,43.3,45.4,50.2,46.9,38.4,35.8,35.9,39.8,40.6,37.9,49.4,51.9,47,,,,,,,,,,,,,,,,,,,,,,,,,
1310,台苯,8.92,-0.04,-0.45,28.2,35.4,38.2,30.4,24.6,23.2,23.2,23.1,26,22.3,34.3,30.3,27.3,,,,,,,,,,,,,,,,,,,,,,,,,
1312,國喬,10.7,+0.1,+0.94,41.9,45.4,55,42,39.4,42.2,38.9,38.8,37.4,32.6,50.5,43.2,37.9,,,,,,,,,,,,,,,,,,,,,,,,,
1313,聯成,8.15,-0.04,-0.49,183,192,206,164,165,159,176,199,199,178,204,170,181,,,,,,,,,,,,,,,,,,,,,,,,,
1316,上曜,15.15,-0.7,-4.42,3.89,3.51,8.24,7.81,3.76,3.12,1.63,1.8,1.91,2.29,3.73,3.63,5.26,,,,,,,,,,,,,,,,,,,,,,,,,
1325,恆大,23.7,-0.3,-1.25,1.06,1.5,1.51,1.37,1.16,1.1,1.03,0.97,0.96,0.96,0.77,0.71,0.73,,,,,,,,,,,,,,,,,,,,,,,,,
1337,再生-KY,5.6,+0.06,+1.08,1.86,1.41,1.5,1.78,1.75,1.47,1.89,2.05,2.32,2.58,1.78,1.81,2,,,,,,,,,,,,,,,,,,,,,,,,,
1338,廣華-KY,23.95,-0.05,-0.21,15.2,20.9,16.3,19.6,16.6,14.3,13.2,14.4,15.7,11.6,13.3,11.8,14.1,,,,,,,,,,,,,,,,,,,,,,,,,
1340,勝悅-KY,7.31,-0.02,-0.27,1.2,1.25,1.15,1.2,1.39,1.13,1.66,1.46,1.38,0.76,1.34,0.78,0.88,,,,,,,,,,,,,,,,,,,,,,,,,
1413,宏洲,11.6,+0.15,+1.31,6.21,8.88,8.89,7.24,6.45,4.68,4.48,5.34,5.45,6.23,4.87,6.37,5.59,,,,,,,,,,,,,,,,,,,,,,,,,
1417,嘉裕,7.81,+0.05,+0.64,2.97,4.03,2.85,3.66,3.85,4.35,3.48,3.09,4.25,2.38,1.41,1.1,1.14,,,,,,,,,,,,,,,,,,,,,,,,,
1432,大魯閣,16.25,+0.1,+0.62,3.09,2.63,2.25,3.28,2.92,3.11,3.24,3.8,3.1,3.26,3.18,3.34,3.01,,,,,,,,,,,,,,,,,,,,,,,,,
代號,名稱,成交,漲跌 價,漲跌 幅,平均 營收 (億),22Q1 營收 (億),22Q2 營收 (億),22Q3 營收 (億),22Q4 營收 (億),23Q1 營收 (億),23Q2 營收 (億),23Q3 營收 (億),23Q4 營收 (億),24Q1 營收 (億),24Q2 營收 (億),24Q3 營收 (億),24Q4 營收 (億),,,,,,,,,,,,,,,,,,,,,,,,,
1435,中福,31.5,0,0,0.03,0.03,0.04,0.03,0.03,0.02,0.02,0.02,0.02,0.03,0.03,0.03,0.02,,,,,,,,,,,,,,,,,,,,,,,,,
1438,三地開發,41.8,+2.3,+5.82,1.73,0,4.56,0,1.4,2.72,0,0.28,0.16,0,0.02,11.6,0,,,,,,,,,,,,,,,,,,,,,,,,,
1440,南紡,11.7,-0.15,-1.27,48.8,57.9,56,51.1,54.7,54.5,50.3,45.3,44.3,42.3,43.3,46.3,40,,,,,,,,,,,,,,,,,,,,,,,,,
1445,大宇,14.2,0,0,3.24,3.5,3.61,3.77,4.23,4.02,3.54,2.96,3.3,2.42,2.66,2.72,2.09,,,,,,,,,,,,,,,,,,,,,,,,,
1460,宏遠,6.8,-0.07,-1.02,21.6,26.3,23.1,26.7,22,19.3,16.1,20.2,22.8,19.3,17.5,21.2,24.6,,,,,,,,,,,,,,,,,,,,,,,,,
1512,瑞利,6.23,0,0,2.48,1.58,1.69,1.44,3.04,3.31,2.85,2.59,2.68,2.86,2.65,2.56,2.56,,,,,,,,,,,,,,,,,,,,,,,,,
1516,川飛,14.15,-0.35,-2.41,2.47,5.38,2.16,4.17,3.31,3.83,0.4,2.1,2.2,2.91,2.52,0.51,0.13,,,,,,,,,,,,,,,,,,,,,,,,,
1517,利奇,11.05,0,0,7.51,12.2,13.5,15.5,9.59,6.1,4.29,4.39,4.14,3.74,5.11,5.74,5.74,,,,,,,,,,,,,,,,,,,,,,,,,
1526,日馳,18.6,-0.05,-0.27,3.26,5.13,6.1,5.95,4.79,3.48,2.73,2.32,1.43,1.72,2.12,1.6,1.77,,,,,,,,,,,,,,,,,,,,,,,,,
1528,恩德,12.15,-0.05,-0.41,9.45,8.01,10.4,8.47,11,9.32,9.52,9.26,10.7,7.7,9.76,9.54,9.73,,,,,,,,,,,,,,,,,,,,,,,,,
1529,樂事綠能,21.95,+0.1,+0.46,1.44,0.43,0.71,0.88,0.79,1.72,1.22,2.38,2.21,1.46,2.07,1.52,1.91,,,,,,,,,,,,,,,,,,,,,,,,,
1533,車王電,29.6,-0.25,-0.84,8.93,7.54,7.82,8.97,9.32,9.24,11,10.5,9.3,7.31,6.57,5.77,13.8,,,,,,,,,,,,,,,,,,,,,,,,,
1538,正峰,26,-0.55,-2.07,0.49,0.61,0.56,0.85,0.83,0.53,0.56,0.5,0.36,0.18,0.28,0.29,0.37,,,,,,,,,,,,,,,,,,,,,,,,,
1587,吉茂,26.95,-0.35,-1.28,5.68,6.02,7.03,6.6,5.71,5.42,5.76,4.99,5.06,4.96,5.17,5.5,5.91,,,,,,,,,,,,,,,,,,,,,,,,,
1589,永冠-KY,27.85,-0.1,-0.36,21,18.1,23.3,24.8,27.6,22.2,23.4,19.4,21.7,14.2,17.4,18.5,22,,,,,,,,,,,,,,,,,,,,,,,,,
1626,艾美特-KY,11.85,-0.05,-0.42,21.5,19.3,39.2,19.5,14.3,18.5,36.1,14.6,14.9,17.4,33.1,15.8,15.1,,,,,,,,,,,,,,,,,,,,,,,,,
1710,東聯,12.9,-0.2,-1.53,55.6,65.3,55.2,49.2,51.2,52.2,52.4,52.7,50.9,51.6,65,65.3,56,,,,,,,,,,,,,,,,,,,,,,,,,
1721,三晃,11.45,+0.05,+0.44,6.23,7.97,8.55,6.52,7.05,5.75,5,5.23,5.88,5.4,6.08,6.48,4.9,,,,,,,,,,,,,,,,,,,,,,,,,
代號,名稱,成交,漲跌 價,漲跌 幅,平均 營收 (億),22Q1 營收 (億),22Q2 營收 (億),22Q3 營收 (億),22Q4 營收 (億),23Q1 營收 (億),23Q2 營收 (億),23Q3 營收 (億),23Q4 營收 (億),24Q1 營收 (億),24Q2 營收 (億),24Q3 營收 (億),24Q4 營收 (億),,,,,,,,,,,,,,,,,,,,,,,,,
1802,台玻,14,+0.1,+0.72,111,114,120,105,114,97.7,114,124,120,98.7,110,101,116,,,,,,,,,,,,,,,,,,,,,,,,,
1903,士紙,45.5,+0.4,+0.89,0.41,0.47,0.39,0.4,0.4,0.44,0.43,0.42,0.42,0.42,0.37,0.38,0.4,,,,,,,,,,,,,,,,,,,,,,,,,
1905,華紙,13.05,-0.2,-1.51,54.5,55.3,62.2,61.6,57.4,54.7,50.5,49.8,54.6,52.8,54.1,50.2,50.6,,,,,,,,,,,,,,,,,,,,,,,,,
1909,榮成,9.01,-0.16,-1.74,123,136,132,128,134,108,119,116,123,107,126,118,127,,,,,,,,,,,,,,,,,,,,,,,,,
2007,燁興,8.3,-0.06,-0.72,15.6,18.6,22.3,14.3,13,13.7,13.3,10.9,12.2,14.2,18.8,19.4,16.6,,,,,,,,,,,,,,,,,,,,,,,,,
2014,中鴻,16.5,-0.2,-1.2,93.9,124,160,78.8,81.8,95.2,97.3,94,91.1,91.5,81.6,67.1,64.5,,,,,,,,,,,,,,,,,,,,,,,,,
2022,聚亨,8.1,-0.07,-0.86,21.7,23.5,28.4,22.6,21.2,20.4,22.2,23.4,18.2,20.2,19.8,19.7,20.4,,,,,,,,,,,,,,,,,,,,,,,,,
2023,燁輝,15.55,0,0,192,231,230,204,172,176,184,189,184,195,199,167,178,,,,,,,,,,,,,,,,,,,,,,,,,
2025,千興,13.35,-0.1,-0.74,2.52,5.33,4.25,0.69,2.04,1.4,0.27,2.76,2.96,2.95,2.25,1.7,3.69,,,,,,,,,,,,,,,,,,,,,,,,,
2034,允強,20.1,-0.2,-0.99,38.8,40.8,49.7,43.5,34.4,38.9,38.1,40.7,34.6,31,35.4,38,40.9,,,,,,,,,,,,,,,,,,,,,,,,,
2102,泰豐,16.95,-0.05,-0.29,1.97,3.53,3.86,5.25,3.51,2.76,1.12,0.46,0.45,0.56,0.58,0.76,0.78,,,,,,,,,,,,,,,,,,,,,,,,,
2104,國際中橡,10.55,-0.1,-0.94,49.4,52.1,58.5,66.9,56.2,46.4,40.7,47.1,44.5,44.2,46.4,50.4,39.6,,,,,,,,,,,,,,,,,,,,,,,,,
2208,台船,17.15,-0.55,-3.11,48.3,55.7,42.2,43,79,57,55.9,55.5,46.3,37.4,39.5,35.5,32.5,,,,,,,,,,,,,,,,,,,,,,,,,
2241,艾姆勒,24.2,-0.1,-0.41,1.92,2.49,1.79,1.5,1.53,1.71,2.13,2.46,2.53,1.85,1.69,1.69,1.65,,,,,,,,,,,,,,,,,,,,,,,,,
2254,巨鎧精密-創,67.4,-1.1,-1.61,1.76,2.57,3.96,1.38,1.37,1.49,0.91,1.76,1.34,1.08,1.98,1.74,1.53,,,,,,,,,,,,,,,,,,,,,,,,,
2258,鴻華先進-創,40.5,-0.9,-2.17,8.94,,0.19,0.76,1.76,0.52,2.31,3.06,4.56,8.22,36,25,15.9,,,,,,,,,,,,,,,,,,,,,,,,,
2314,台揚,12,+0.1,+0.84,7.92,9.34,10.3,13,12.2,12,10.4,6.71,4.4,4.31,5.01,3.53,3.85,,,,,,,,,,,,,,,,,,,,,,,,,
2321,東訊,13.65,-0.3,-2.15,2.04,2.73,2.62,2.46,2.29,1.81,2.01,1.98,2.23,1.64,1.71,1.31,1.66,,,,,,,,,,,,,,,,,,,,,,,,,
代號,名稱,成交,漲跌 價,漲跌 幅,平均 營收 (億),22Q1 營收 (億),22Q2 營收 (億),22Q3 營收 (億),22Q4 營收 (億),23Q1 營收 (億),23Q2 營收 (億),23Q3 營收 (億),23Q4 營收 (億),24Q1 營收 (億),24Q2 營收 (億),24Q3 營收 (億),24Q4 營收 (億),,,,,,,,,,,,,,,,,,,,,,,,,
2323,中環,7.77,-0.06,-0.77,18.8,20.5,18.7,19,18.7,17.3,17.7,19.7,19.1,18.4,17.6,19.1,19.3,,,,,,,,,,,,,,,,,,,,,,,,,
2331,精英,15.4,+0.2,+1.32,57.2,74.6,108,75.5,55.7,44.4,65.2,44.5,43.3,34.6,49.9,47.4,43.1,,,,,,,,,,,,,,,,,,,,,,,,,
2337,旺宏,19.15,-0.05,-0.26,80.8,116,113,115,90.8,71,74.3,72.8,58.1,57.6,64.6,77.5,59.1,,,,,,,,,,,,,,,,,,,,,,,,,
2338,光罩,31.15,+0.3,+0.97,18.8,17.1,19.9,20.7,19.7,15.6,18,19.6,18.8,18.5,20,18,19.2,,,,,,,,,,,,,,,,,,,,,,,,,
2340,台亞,20.75,+0.25,+1.22,10.7,12.8,13.3,10.6,8.6,8.32,10.1,11.2,10.1,9.57,10.8,11.5,11.1,,,,,,,,,,,,,,,,,,,,,,,,,
2369,菱生,13.45,-0.05,-0.37,14.1,17.6,16.5,13.6,12.4,12.4,14.2,14.7,14.2,13.5,13.7,13.7,12.8,,,,,,,,,,,,,,,,,,,,,,,,,
2380,虹光,3.89,+0.34,+9.58,6.12,7.25,6.28,8.72,6.07,3.89,5.01,3.87,6.88,8.07,6.1,5.02,6.28,,,,,,,,,,,,,,,,,,,,,,,,,
2390,云辰,10.25,-0.05,-0.49,1.62,1.37,1.42,1.39,1.73,1.53,1.68,1.54,1.74,1.57,1.76,1.66,2.03,,,,,,,,,,,,,,,,,,,,,,,,,
2406,國碩,11,0,0,14.7,17.6,19,16.4,14.4,11,7.92,8.11,12.4,16.4,24.7,18.4,9.7,,,,,,,,,,,,,,,,,,,,,,,,,
2408,南亞科,32.1,-0.65,-1.98,101,199,180,110,79.5,64.2,70.3,77.4,87,95,99.2,81.3,65.8,,,,,,,,,,,,,,,,,,,,,,,,,
2409,友達,12.3,-0.1,-0.81,646,815,629,497,526,512,633,701,633,595,743,777,687,,,,,,,,,,,,,,,,,,,,,,,,,
2413,環科,18.25,0,0,10.6,8.99,12.3,13.1,13.9,12.5,11.7,11.8,10.1,8.42,6.98,7.43,9.48,,,,,,,,,,,,,,,,,,,,,,,,,
2424,隴華,59.8,0,0,0.27,0.15,0.22,0.16,0.27,0.26,0.21,0.17,0.43,0.21,0.24,0.26,0.69,,,,,,,,,,,,,,,,,,,,,,,,,
2429,銘旺科,44.2,-0.55,-1.23,1.12,1.51,1.34,1.17,1.19,1.33,1.67,1.11,1.02,0.6,0.65,0.78,1.06,,,,,,,,,,,,,,,,,,,,,,,,,
2431,聯昌,11.05,-0.15,-1.34,1.66,2.49,2.71,2.99,1.81,1.57,1.35,1.68,1.29,1.01,0.87,1.12,1.04,,,,,,,,,,,,,,,,,,,,,,,,,
2438,翔耀,29.5,+0.5,+1.72,0.6,0.64,0.59,0.59,0.28,0.25,0.34,0.39,0.2,0.61,0.89,1.03,1.35,,,,,,,,,,,,,,,,,,,,,,,,,
2440,太空梭,15.8,+0.65,+4.29,8.4,8.2,9.15,6.89,7.13,6.31,6.96,8.02,8.29,7.9,11.1,9.69,11.2,,,,,,,,,,,,,,,,,,,,,,,,,
2444,兆勁,12.1,-0.15,-1.22,4.18,4.25,3.96,4.05,5.77,4.37,3.96,5.03,4.86,3.11,3.25,3.62,3.95,,,,,,,,,,,,,,,,,,,,,,,,,
代號,名稱,成交,漲跌 價,漲跌 幅,平均 營收 (億),22Q1 營收 (億),22Q2 營收 (億),22Q3 營收 (億),22Q4 營收 (億),23Q1 營收 (億),23Q2 營收 (億),23Q3 營收 (億),23Q4 營收 (億),24Q1 營收 (億),24Q2 營收 (億),24Q3 營收 (億),24Q4 營收 (億),,,,,,,,,,,,,,,,,,,,,,,,,
2460,建通,16.45,-0.35,-2.08,7.22,8.41,8.1,5.79,6.53,5.64,5.63,7.14,7.49,6.13,8.77,8.08,8.9,,,,,,,,,,,,,,,,,,,,,,,,,
2465,麗臺,47.6,0,0,11.6,15.1,11,16.2,10.8,7.74,8.15,9.66,17.2,9.4,7.19,10.1,16.3,,,,,,,,,,,,,,,,,,,,,,,,,
2466,冠西電,108.5,+4,+3.83,2.96,2.08,5.71,4.05,2.06,1.65,3.1,4.46,1.33,1.29,3.18,4.45,2.15,,,,,,,,,,,,,,,,,,,,,,,,,
2485,兆赫,11.5,-0.05,-0.43,12.5,13.9,13.6,18.7,19.6,15,15.1,15.5,12.6,9.83,9.75,2.74,3.78,,,,,,,,,,,,,,,,,,,,,,,,,
2491,吉祥全,11.1,+0.05,+0.45,0.13,-0.73,-2.17,-0.71,1.2,0.38,0.47,0.53,0.55,0.48,0.51,0.51,0.51,,,,,,,,,,,,,,,,,,,,,,,,,
2498,宏達電,36.9,-0.15,-0.4,9.92,11,10.1,10.8,12.2,9.75,11.4,11,12,5.95,7.67,7.74,9.46,,,,,,,,,,,,,,,,,,,,,,,,,
2547,日勝生,12.65,+0.25,+2.02,17,12.5,14.6,14.3,17.2,12,18.7,17.1,26.9,14.5,17.2,17.7,21.1,,,,,,,,,,,,,,,,,,,,,,,,,
2601,益航,6.48,-0.09,-1.37,13.9,17.7,15.3,15.2,15,15.3,13.3,12.4,14,12.9,12,11.1,12.5,,,,,,,,,,,,,,,,,,,,,,,,,
2616,山隆,16.15,-0.45,-2.71,38.2,47.8,47.8,45.4,44.2,39.5,40.7,41.5,42.5,36.1,29.7,21.7,20.9,,,,,,,,,,,,,,,,,,,,,,,,,
2642,宅配通,28,-0.4,-1.41,10.6,11,11.4,11.5,11.2,10.1,10.4,10.9,10.5,10.2,10,10.2,10.1,,,,,,,,,,,,,,,,,,,,,,,,,
2712,遠雄來,18.4,0,0,1.29,1.04,0.61,2.12,1.57,1.57,1.45,2.15,1.38,1.26,0.3,0.95,1.04,,,,,,,,,,,,,,,,,,,,,,,,,
2722,夏都,27.5,-0.5,-1.79,1.86,1.76,1.57,3.11,1.92,1.87,1.97,2.36,1.44,1.54,1.68,1.9,1.2,,,,,,,,,,,,,,,,,,,,,,,,,
2911,麗嬰房,5.08,-0.07,-1.36,7.68,8.66,6.42,8.28,10,8.4,6.95,6.54,8.84,7.37,6.65,5.89,8.15,,,,,,,,,,,,,,,,,,,,,,,,,
2913,農林,15.45,+0.05,+0.32,0.99,0.97,0.8,1.08,0.92,0.98,0.9,1.02,0.9,0.93,0.99,1.17,1.24,,,,,,,,,,,,,,,,,,,,,,,,,
2939,永邑-KY,28.85,+1.7,+6.26,1.28,2.05,2.45,1.03,2.82,0.92,1.11,0.94,1.07,0.59,0.66,0.64,1.13,,,,,,,,,,,,,,,,,,,,,,,,,
3011,今皓,12.6,-0.15,-1.18,3.17,4.48,3.87,3.84,2.78,2.69,3.12,2.95,2.75,2.64,2.82,3.33,2.73,,,,,,,,,,,,,,,,,,,,,,,,,
3018,隆銘綠能,21.85,+0.4,+1.86,2.28,5.26,3.87,1.14,2.56,2.11,1.23,1.08,1.58,0.98,2.07,3.21,2.26,,,,,,,,,,,,,,,,,,,,,,,,,
3041,揚智,23.55,-0.15,-0.63,4.77,7.15,7.41,5.49,6.46,3.92,3.28,2.83,4.42,3.94,4.1,4.28,3.95,,,,,,,,,,,,,,,,,,,,,,,,,
代號,名稱,成交,漲跌 價,漲跌 幅,平均 營收 (億),22Q1 營收 (億),22Q2 營收 (億),22Q3 營收 (億),22Q4 營收 (億),23Q1 營收 (億),23Q2 營收 (億),23Q3 營收 (億),23Q4 營收 (億),24Q1 營收 (億),24Q2 營收 (億),24Q3 營收 (億),24Q4 營收 (億),,,,,,,,,,,,,,,,,,,,,,,,,
3048,益登,23.8,0,0,283,291,274,318,304,242,228,282,320,247,246,306,333,,,,,,,,,,,,,,,,,,,,,,,,,
3049,精金,6.88,-0.08,-1.15,4.34,6.9,6.19,5.03,5.94,4.08,4.61,2.82,1.8,2.96,3.15,4.24,4.31,,,,,,,,,,,,,,,,,,,,,,,,,
3054,立萬利,22.8,+0.8,+3.64,0.14,0.08,0.08,0.08,0.1,0.07,0.1,0.07,0.14,0.35,0.23,0.24,0.17,,,,,,,,,,,,,,,,,,,,,,,,,
3055,蔚華科,48.05,-0.35,-0.72,3.28,4.46,4.85,5.88,3.96,3.65,3.58,3.12,3.08,2.23,1.66,2.21,0.63,,,,,,,,,,,,,,,,,,,,,,,,,
3057,喬鼎,8.18,-0.09,-1.09,1.71,2.7,2.65,2.06,1.49,1.52,1.33,1.49,1.51,1.4,1.39,1.4,1.54,,,,,,,,,,,,,,,,,,,,,,,,,
3058,立德,10.25,-0.15,-1.44,9.54,9.94,12.4,12,11.1,9.07,10.1,9.06,9.45,7.62,8.35,7.8,7.55,,,,,,,,,,,,,,,,,,,,,,,,,
3092,鴻碩,19.25,-0.5,-2.53,6.21,9.87,10.2,8.04,5.54,5.05,5.53,5.77,5.24,4.5,5.37,5.29,4.18,,,,,,,,,,,,,,,,,,,,,,,,,
3149,正達,29.8,-0.35,-1.16,5.38,4.95,6.58,6.67,6.1,3.96,4.83,4.86,4.94,4.13,5.65,6.39,5.46,,,,,,,,,,,,,,,,,,,,,,,,,
3321,同泰,7.08,+0.36,+5.36,4.31,5.1,5.52,3.28,2.8,3.18,4.2,4.26,3.77,4.19,5.53,5.05,4.89,,,,,,,,,,,,,,,,,,,,,,,,,
3419,譁裕,14.55,+0.15,+1.04,4.05,3.51,4.84,5.84,5.62,3.75,3.44,3.66,3.17,3.28,4.01,3.54,3.96,,,,,,,,,,,,,,,,,,,,,,,,,
3432,台端,13.8,+0.65,+4.94,0.07,0.03,0.06,0.06,0.03,0.04,0.05,0.04,0.03,0.06,0.09,0.18,0.15,,,,,,,,,,,,,,,,,,,,,,,,,
3437,榮創,15.15,-0.15,-0.98,5.35,8.85,6.85,4.41,4,4.32,4.72,5.86,4.82,5.09,5.3,5.14,4.82,,,,,,,,,,,,,,,,,,,,,,,,,
3494,誠研,14.55,0,0,1.77,1.16,1.57,1.57,1.1,1.58,1.81,1.77,1.6,1.83,2.37,2.77,2.09,,,,,,,,,,,,,,,,,,,,,,,,,
3504,揚明光,44.35,+0.35,+0.8,8.55,12,12.6,13.4,8.84,7.3,8.17,7.47,7.17,5.6,6.38,6.94,6.8,,,,,,,,,,,,,,,,,,,,,,,,,
3518,柏騰,17.75,0,0,0.99,1.72,1.2,0.83,0.83,0.93,1.02,0.96,0.85,0.81,0.94,0.93,0.88,,,,,,,,,,,,,,,,,,,,,,,,,
3530,晶相光,55.4,-0.7,-1.25,4.52,6.82,5.73,3.51,4.23,4.18,3.82,4.24,4.39,3.47,4.27,5.7,3.88,,,,,,,,,,,,,,,,,,,,,,,,,
3543,州巧,17.4,+0.3,+1.75,7.94,8.26,7.62,7.48,7.09,6.97,8.49,8.66,8.41,7.6,7.9,8.52,8.27,,,,,,,,,,,,,,,,,,,,,,,,,
3550,聯穎,12.6,-0.05,-0.4,9.36,10.8,10.8,9.74,10.3,9.02,9.23,9.57,8.61,7.51,8.69,8.46,9.54,,,,,,,,,,,,,,,,,,,,,,,,,
代號,名稱,成交,漲跌 價,漲跌 幅,平均 營收 (億),22Q1 營收 (億),22Q2 營收 (億),22Q3 營收 (億),22Q4 營收 (億),23Q1 營收 (億),23Q2 營收 (億),23Q3 營收 (億),23Q4 營收 (億),24Q1 營收 (億),24Q2 營收 (億),24Q3 營收 (億),24Q4 營收 (億),,,,,,,,,,,,,,,,,,,,,,,,,
3576,聯合再生,8.2,+0.1,+1.23,30.9,46.8,39,47.5,54.8,46.8,29.6,26.3,22.5,14.9,13.7,13.3,15.9,,,,,,,,,,,,,,,,,,,,,,,,,
3593,力銘,9.85,-0.15,-1.5,2.23,2.11,1.81,2.63,2.68,2.06,1.89,2.56,2.29,1.99,1.98,2.25,2.55,,,,,,,,,,,,,,,,,,,,,,,,,
3686,達能,14.1,-0.4,-2.76,0.14,0.2,0.07,0.14,0.03,0.05,0.05,0.12,0.19,0.22,0.23,0.16,0.22,,,,,,,,,,,,,,,,,,,,,,,,,
3714,富采,35.15,+0.2,+0.57,63,85.5,77.8,66.8,58.7,47.3,58.4,61.6,55.7,55.8,66.1,66.9,55.1,,,,,,,,,,,,,,,,,,,,,,,,,
4108,懷特,13.15,0,0,0.38,0.35,0.33,0.34,0.34,0.33,0.39,0.44,0.47,0.33,0.44,0.4,0.37,,,,,,,,,,,,,,,,,,,,,,,,,
4142,國光生,18.55,-0.15,-0.8,4.66,0.53,5.27,10.9,5.85,1.7,0.83,9.73,5.59,0.44,0.8,8.88,5.45,,,,,,,,,,,,,,,,,,,,,,,,,
4190,佐登-KY,34.5,+0.4,+1.17,6.7,6.38,6.42,6.66,8.32,7.82,8.15,6.78,7.01,5.62,5.77,5.72,5.7,,,,,,,,,,,,,,,,,,,,,,,,,
4426,利勤,11.2,-0.2,-1.75,3.05,2.42,3.45,3.8,4.31,3.8,2.64,3.55,2.94,2.67,2.36,2.32,2.35,,,,,,,,,,,,,,,,,,,,,,,,,
4526,東台,21.5,-1,-4.44,18,16.6,22.7,22,21.3,17.4,20.1,19.6,19.1,13.2,13.7,13.4,17.1,,,,,,,,,,,,,,,,,,,,,,,,,
4540,全球傳動,36.6,-0.05,-0.14,6.87,7.84,9.91,8.63,7.37,7.36,7.44,6.3,4.62,5.9,5.79,4.96,6.3,,,,,,,,,,,,,,,,,,,,,,,,,
4555,氣立,34.75,+0.35,+1.02,3.89,4.68,4.87,4.71,3.77,3.43,3.88,3.1,3.37,3.26,3.94,3.91,3.81,,,,,,,,,,,,,,,,,,,,,,,,,
4562,穎漢,40.9,+0.55,+1.36,1.9,1.77,1.5,2.16,2.19,1.99,1.55,2.09,1.79,1.79,1.58,2.24,2.16,,,,,,,,,,,,,,,,,,,,,,,,,
4564,元翎,19.4,+0.65,+3.47,3.62,5.82,4.23,4.69,4.17,3.31,3.58,3.28,2.88,1.8,2.97,2.89,3.78,,,,,,,,,,,,,,,,,,,,,,,,,
4737,華廣,55,+5,+10,4.92,4.76,5.73,5.65,5.97,4.15,4.26,4.25,4.9,4.68,4.75,4.88,5.02,,,,,,,,,,,,,,,,,,,,,,,,,
4764,雙鍵,39,-0.2,-0.51,6.45,7.82,7.21,6.37,6.67,4.99,5.9,5.78,5.61,5.21,6.88,7.34,7.59,,,,,,,,,,,,,,,,,,,,,,,,,
4807,日成-KY,17.7,+1.6,+9.94,3.82,3.67,3.82,5.31,3.71,2.35,2.51,3.23,3.4,2.91,3.53,5.72,5.64,,,,,,,,,,,,,,,,,,,,,,,,,
4927,泰鼎-KY,22.5,-0.65,-2.81,33.3,41.4,39.7,32,35.9,32.9,31.5,31,30.9,28.1,31.4,34.3,30.8,,,,,,,,,,,,,,,,,,,,,,,,,
4934,太極,9.9,0,0,3.95,3.25,5.69,6.1,7.17,6.3,7.12,6.49,1.55,0.71,1.98,0.74,0.25,,,,,,,,,,,,,,,,,,,,,,,,,
代號,名稱,成交,漲跌 價,漲跌 幅,平均 營收 (億),22Q1 營收 (億),22Q2 營收 (億),22Q3 營收 (億),22Q4 營收 (億),23Q1 營收 (億),23Q2 營收 (億),23Q3 營收 (億),23Q4 營收 (億),24Q1 營收 (億),24Q2 營收 (億),24Q3 營收 (億),24Q4 營收 (億),,,,,,,,,,,,,,,,,,,,,,,,,
4943,康控-KY,12,0,0,4.15,5.77,3.57,4.52,3.94,3.81,3.68,4.6,4.75,3.76,3.56,3.87,3.97,,,,,,,,,,,,,,,,,,,,,,,,,
4949,有成精密,38.5,-0.8,-2.04,11.4,,23.7,16.3,15.9,14.2,12.5,11.2,7.17,6.08,6.31,5.74,5.96,,,,,,,,,,,,,,,,,,,,,,,,,
4956,光鋐,21.35,+0.75,+3.64,3.02,3.3,3,2.76,2.89,3,2.93,2.8,2.59,2.7,3.37,3.59,3.29,,,,,,,,,,,,,,,,,,,,,,,,,
4960,誠美材,12.25,-0.15,-1.21,23.1,27.8,29.4,19,18.7,18.6,25.3,26,22.5,19.1,25.1,23.3,21.8,,,,,,,,,,,,,,,,,,,,,,,,,
4976,佳凌,25.8,+0.3,+1.18,2.66,2.38,3.29,3.21,2.48,2.5,2.41,2.17,2.15,2.49,3.09,3.2,2.51,,,,,,,,,,,,,,,,,,,,,,,,,
4989,榮科,14.6,-0.05,-0.34,8.83,11.3,10.6,8.9,9.64,8.94,9.28,8.95,8.4,7.88,9.18,7.12,5.75,,,,,,,,,,,,,,,,,,,,,,,,,
5484,慧友,37.55,0,0,0.97,0.62,0.63,0.97,1.11,0.96,0.9,0.88,0.95,0.82,1.75,1.02,1.01,,,,,,,,,,,,,,,,,,,,,,,,,
5531,鄉林,9.71,-0.11,-1.12,7.68,3.17,4.09,3.41,2.64,23.5,3.43,6.66,4.24,1.7,1.97,10.6,26.8,,,,,,,,,,,,,,,,,,,,,,,,,
5546,永固-KY,28,+0.15,+0.54,9.22,10.9,12,11.4,9.98,7.75,10.5,9.48,10.4,7.91,7.16,5.83,7.27,,,,,,,,,,,,,,,,,,,,,,,,,
5608,四維航,16.3,-0.1,-0.61,11.4,16,19,19.1,13,8.63,9.01,8.68,8.29,7.85,8.36,9.43,9.29,,,,,,,,,,,,,,,,,,,,,,,,,
5907,大洋-KY,8.64,-0.34,-3.79,9.34,12.5,10.1,9.63,9.27,10.6,9.12,8.43,10.1,9.11,7.8,7.08,8.36,,,,,,,,,,,,,,,,,,,,,,,,,
6112,邁達特,43.5,-0.55,-1.25,46.3,28.2,30.3,32.2,82.5,46.7,49.7,54.5,47.2,47.5,44.2,43,49.1,,,,,,,,,,,,,,,,,,,,,,,,,
6116,彩晶,6.98,0,0,32.8,49.6,44.9,38.3,37.8,26.8,34.2,32.6,30,25.4,21.8,23.9,28.6,,,,,,,,,,,,,,,,,,,,,,,,,
6141,柏承,9.4,-0.05,-0.53,6.61,9.05,9.22,7.54,4.87,5.08,7.09,7.27,6.25,7.58,5.8,5.2,4.32,,,,,,,,,,,,,,,,,,,,,,,,,
6142,友勁,8.62,+0.04,+0.47,5.92,6.22,6.1,10.7,10.8,10.7,8.05,4.15,2.49,2.35,2.57,3.21,3.71,,,,,,,,,,,,,,,,,,,,,,,,,
6152,百一,9.01,-0.06,-0.66,7,5.78,10.2,12.4,11.1,5.64,6.61,4.31,5.33,3.52,8.61,6.14,4.42,,,,,,,,,,,,,,,,,,,,,,,,,
6153,嘉聯益,11.4,+0.25,+2.24,26.5,30.3,26.1,54.2,36.8,18.7,27.9,29.3,22.5,15.8,19.7,20.9,16.5,,,,,,,,,,,,,,,,,,,,,,,,,
6168,宏齊,15.9,0,0,5.39,6.91,7.28,5.43,5.08,5.15,4.73,4.95,5.5,4.59,4.92,5.34,4.75,,,,,,,,,,,,,,,,,,,,,,,,,
代號,名稱,成交,漲跌 價,漲跌 幅,平均 營收 (億),22Q1 營收 (億),22Q2 營收 (億),22Q3 營收 (億),22Q4 營收 (億),23Q1 營收 (億),23Q2 營收 (億),23Q3 營收 (億),23Q4 營收 (億),24Q1 營收 (億),24Q2 營收 (億),24Q3 營收 (億),24Q4 營收 (億),,,,,,,,,,,,,,,,,,,,,,,,,
6202,盛群,38.75,+0.2,+0.52,9.26,19.2,16.7,13.5,10.9,7.61,7.16,6.31,4.88,4.44,6.83,6.83,6.92,,,,,,,,,,,,,,,,,,,,,,,,,
6209,今國光,23.5,-0.45,-1.88,7.25,8.93,9.36,8.92,8.61,7.02,7.04,7.01,5.9,6.01,6.19,5.26,6.78,,,,,,,,,,,,,,,,,,,,,,,,,
6225,天瀚,12.35,-0.55,-4.26,0.12,0.09,0.05,0.09,0.11,0.08,0.12,0.1,0.23,0.14,0.09,0.17,0.14,,,,,,,,,,,,,,,,,,,,,,,,,
6226,光鼎,7.28,+0.05,+0.69,1.96,2.55,2.95,2.08,1.8,1.89,1.52,2.47,1.73,1.51,1.62,1.56,1.86,,,,,,,,,,,,,,,,,,,,,,,,,
6269,台郡,49.8,-0.6,-1.19,82.7,94.9,73.1,121,111,81,81.2,80.1,85,67.9,75.7,64.2,56.7,,,,,,,,,,,,,,,,,,,,,,,,,
6282,康舒,26.05,-0.2,-0.76,70.5,61.4,66.2,65.9,56.6,50.2,48,97.8,82.4,71.8,79.4,84.3,81.5,,,,,,,,,,,,,,,,,,,,,,,,,
6405,悅城,21.6,-0.55,-2.48,0.6,1.36,0.99,0.69,0.71,0.63,0.56,0.46,0.43,0.39,0.43,0.31,0.18,,,,,,,,,,,,,,,,,,,,,,,,,
6426,統新,59.1,0,0,1.1,1.77,1.77,1.47,1.22,0.71,0.69,1.01,1.22,0.8,0.78,0.75,0.97,,,,,,,,,,,,,,,,,,,,,,,,,
6431,光麗-KY,18.75,+0.45,+2.46,0.85,0.6,0.62,1.12,1.08,0.55,1.05,0.57,0.76,0.62,0.89,1.05,1.24,,,,,,,,,,,,,,,,,,,,,,,,,
6443,元晶,14.15,0,0,18.2,20.1,18.9,22.7,28.4,21.8,23.7,18.6,18.6,11.7,13.9,12.1,7.51,,,,,,,,,,,,,,,,,,,,,,,,,
6477,安集,27.9,-0.2,-0.71,4.72,7.62,6.35,10.3,8.43,4.98,5.14,2.55,2.34,1.86,2.36,2.99,1.74,,,,,,,,,,,,,,,,,,,,,,,,,
6541,泰福-KY,63.5,+0.7,+1.11,0.1,0.03,0.03,0.08,0.08,0.3,0.17,0.05,0.09,0.03,0.17,0.12,0.03,,,,,,,,,,,,,,,,,,,,,,,,,
6550,北極星藥業-KY,40.25,+3.65,+9.97,0.1,0.03,0.02,0,0.01,0,0.02,0.01,0.05,0.28,0.32,0.11,0.36,,,,,,,,,,,,,,,,,,,,,,,,,
6573,虹揚-KY,11.25,-0.3,-2.6,2.8,3.24,3.49,2.74,2.73,3.02,2.96,3.18,2.61,2.6,2.59,2.1,2.33,,,,,,,,,,,,,,,,,,,,,,,,,
6598,ABC-KY,18.85,-0.15,-0.79,0.94,0.54,1.08,1.08,1.21,0.83,0.78,1.06,1.28,0.82,1.02,0.75,0.85,,,,,,,,,,,,,,,,,,,,,,,,,
6645,金萬林-創,21.85,+0.35,+1.63,1.44,,4.29,1.37,1.04,0.95,0.88,1.01,1.31,0.96,1.21,1.25,1.59,,,,,,,,,,,,,,,,,,,,,,,,,
6657,華安,59.5,0,0,0.02,0.01,0.02,0.02,0.02,0.02,0.02,0.02,0.02,0.01,0.02,0.02,0.03,,,,,,,,,,,,,,,,,,,,,,,,,
6668,中揚光,33.95,+0.25,+0.74,2.56,2.62,3.72,3.01,2.7,2.32,2.25,2.12,2.76,2.25,1.97,2.66,2.35,,,,,,,,,,,,,,,,,,,,,,,,,
代號,名稱,成交,漲跌 價,漲跌 幅,平均 營收 (億),22Q1 營收 (億),22Q2 營收 (億),22Q3 營收 (億),22Q4 營收 (億),23Q1 營收 (億),23Q2 營收 (億),23Q3 營收 (億),23Q4 營收 (億),24Q1 營收 (億),24Q2 營收 (億),24Q3 營收 (億),24Q4 營收 (億),,,,,,,,,,,,,,,,,,,,,,,,,
6674,鋐寶科技,16.95,+0.1,+0.59,3.85,7.5,6.74,6.42,4.48,2.91,2.21,3.34,3.19,2.25,2.04,2.5,2.63,,,,,,,,,,,,,,,,,,,,,,,,,
6695,芯鼎,41.6,-0.05,-0.12,2.68,2.63,3.55,2.66,2.1,2.43,2.86,3.04,2.67,2.15,2.17,2.77,3.09,,,,,,,,,,,,,,,,,,,,,,,,,
6698,旭暉應材,27.2,+0.45,+1.68,2.72,2.68,3.42,2.76,3.65,2.75,2.75,2.52,3.19,2.17,1.89,2.06,2.78,,,,,,,,,,,,,,,,,,,,,,,,,
6706,惠特,66.5,-0.2,-0.3,5.6,18.2,14.7,7.86,3.83,3.95,4.07,2.71,2.61,1.8,1.69,2.13,3.66,,,,,,,,,,,,,,,,,,,,,,,,,
6770,力積電,14.1,0,0,137,207,218,192,144,114,110,104,112,108,111,117,111,,,,,,,,,,,,,,,,,,,,,,,,,
6794,向榮生技-創,64.8,+1.5,+2.37,0.08,,0.08,,0.14,0.04,0.08,0.05,0.08,0.03,0.04,0.15,0.11,,,,,,,,,,,,,,,,,,,,,,,,,
6838,台新藥,24.3,+0.15,+0.62,0.16,,0,0.01,0,0,0.31,0.01,0,1.28,0.05,0.04,0.06,,,,,,,,,,,,,,,,,,,,,,,,,
6885,全福生技,23.3,-0.2,-0.85,0,,,,0.01,,,0,0,,,0,0,,,,,,,,,,,,,,,,,,,,,,,,,
6901,鑽石投資,22.65,+0.6,+2.72,-3.04,29.7,-22.4,13.2,-10.3,0.07,-14.1,-12.6,2.14,-7.74,-0.91,-7.57,-6.08,,,,,,,,,,,,,,,,,,,,,,,,,
6902,GOGOLOOK-創,98,-1.5,-1.51,1.71,0.88,0.98,1,1.33,1.82,1.9,1.88,2.14,2.07,1.96,2.1,2.47,,,,,,,,,,,,,,,,,,,,,,,,,
6919,康霈*,616,+4,+0.65,0.1,,0,,0.13,0.04,0.12,0.09,0.15,0.04,0.08,0.23,0.09,,,,,,,,,,,,,,,,,,,,,,,,,
6928,攸泰科技,44.3,-1.1,-2.42,8.23,,15.8,6.93,10.4,7.4,8.45,12.6,8.82,5.17,5.73,4.5,4.82,,,,,,,,,,,,,,,,,,,,,,,,,
6949,沛爾生醫-創,125.5,+0.5,+0.4,0.06,,,,0.17,0.05,0.05,0.05,0.03,0.05,0.05,0.05,0.05,,,,,,,,,,,,,,,,,,,,,,,,,
6969,成信實業*-創,26.75,-0.75,-2.73,0.76,,,,1.9,,,0.35,0.28,,,0.44,0.82,,,,,,,,,,,,,,,,,,,,,,,,,
8101,華冠,16.1,0,0,0.56,1.24,0.74,0.55,1.09,0.48,0.4,0.33,0.47,0.28,0.15,0.34,0.7,,,,,,,,,,,,,,,,,,,,,,,,,
8110,華東,11.8,-0.05,-0.42,20.5,22.9,24.3,26.1,21.7,18.3,17.4,17.2,19.8,19.8,19,19.7,20.1,,,,,,,,,,,,,,,,,,,,,,,,,
8201,無敵,11.85,+0.1,+0.85,1.32,1.75,1.75,1.37,1.12,1.53,1.55,1.16,0.93,1.03,1.43,1.19,1.01,,,,,,,,,,,,,,,,,,,,,,,,,
8411,福貞-KY,12.35,+0.55,+4.66,21.6,18.4,20.3,25.2,22.9,16.6,21.3,23.2,21.5,20.3,21.8,22.7,24.8,,,,,,,,,,,,,,,,,,,,,,,,,
代號,名稱,成交,漲跌 價,漲跌 幅,平均 營收 (億),22Q1 營收 (億),22Q2 營收 (億),22Q3 營收 (億),22Q4 營收 (億),23Q1 營收 (億),23Q2 營收 (億),23Q3 營收 (億),23Q4 營收 (億),24Q1 營收 (億),24Q2 營收 (億),24Q3 營收 (億),24Q4 營收 (億),,,,,,,,,,,,,,,,,,,,,,,,,
8429,金麗-KY,8.56,0,0,0.46,0.59,0.58,0.72,0.24,0.22,0.25,0.8,0.83,0.13,0.41,0.34,0.45,,,,,,,,,,,,,,,,,,,,,,,,,
8443,阿瘦,11.6,+0.05,+0.43,2.96,3.5,2.82,2.93,3.16,3,2.96,2.92,2.9,3.04,2.43,2.7,3.2,,,,,,,,,,,,,,,,,,,,,,,,,
8488,吉源-KY,11.85,+0.3,+2.6,9.24,10.4,7.29,11.1,10.5,8.46,9.1,10.6,10.2,8.51,6.63,8.34,9.75,,,,,,,,,,,,,,,,,,,,,,,,,
9912,偉聯,11.7,+0.05,+0.43,1.34,1.47,1.63,1.47,1.38,1.25,1.25,1.34,1.26,1.21,1.29,1.33,1.22,,,,,,,,,,,,,,,,,,,,,,,,,
9914,美利達,131.5,-1,-0.75,78.2,81.6,88.1,94.3,106,83.9,74.6,66.9,47.3,58.5,93.2,86.6,58,,,,,,,,,,,,,,,,,,,,,,,,,
9919,康那香,15.55,-0.45,-2.81,7.69,9.17,6.87,9.23,8.24,7.81,7.31,7.56,6.71,7.19,6.65,8.16,7.37,,,,,,,,,,,,,,,,,,,,,,,,,
9928,中視,15.6,0,0,2.3,2.04,2,2.09,2.58,2.13,2.22,2.3,3.22,2.29,2.23,2.05,2.42,,,,,,,,,,,,,,,,,,,,,,,,,
9929,秋雨,13.75,+0.4,+3,1.63,1.49,1.22,1.4,1.93,1.61,1.56,1.77,2.08,1.79,1.49,1.64,1.63,,,,,,,,,,,,,,,,,,,,,,,,,
9955,佳龍,29.15,+2.65,+10,2.91,3.82,2.77,2.47,2.56,2.63,3.4,2.62,2.75,2.73,3.52,2.89,2.81,,,,,,,,,,,,,,,,,,,,,,,,,
1235,興泰,100.5,0,0,0.16,,,,,,,,,,,,,0.11,0.14,0.39,0.13,0.06,0.07,0.37,0.08,0.05,0.09,0.35,0.14,2019Q4,,,,,,,,,,,,
1236,宏亞,20.75,-0.05,-0.24,4.76,,,,,,,,,,,,,4.48,3.42,5.01,5.89,5.72,3.27,5.12,5.62,5,3.21,4.58,5.86,2019Q4,,,,,,,,,,,,
1301,台塑,35.5,-0.3,-0.84,537,,,,,,,,,,,,,478,524,535,531,542,625,574,564,530,566,497,486,2019Q4,,,,,,,,,,,,
1304,台聚,10.1,-0.05,-0.49,146,,,,,,,,,,,,,139,140,150,153,147,157,153,152,135,145,140,137,2019Q4,,,,,,,,,,,,
1305,華夏,11.25,0,0,37.5,,,,,,,,,,,,,36.9,36.2,36.1,37.7,41.4,36.8,34.8,38.9,32.3,43.5,38.2,37.1,2019Q4,,,,,,,,,,,,
1308,亞聚,13,-0.2,-1.52,16.3,,,,,,,,,,,,,15.3,15.7,17.1,16,13.3,16.4,15.3,18.9,17.1,16.9,16.5,17.5,2019Q4,,,,,,,,,,,,
1309,台達化,11.4,-0.1,-0.87,49.3,,,,,,,,,,,,,45.2,46.2,52.1,54.7,48.4,59.5,58,51,46,44.8,43.8,42.1,2019Q4,,,,,,,,,,,,
1310,台苯,8.92,-0.04,-0.45,35.3,,,,,,,,,,,,,35.2,35.8,38.5,38.1,40,40.7,39.1,34,29.4,33.2,32,27.6,2019Q4,,,,,,,,,,,,
1312,國喬,10.7,+0.1,+0.94,57.1,,,,,,,,,,,,,53.9,55.7,61.1,62.7,63.9,59,67.3,57.2,50.1,55.4,50.3,48.9,2019Q4,,,,,,,,,,,,
1313,聯成,8.15,-0.04,-0.49,145,,,,,,,,,,,,,106,125,131,144,136,165,140,172,154,159,157,157,2019Q4,,,,,,,,,,,,
1316,上曜,15.15,-0.7,-4.42,3.63,,,,,,,,,,,,,1.58,1.67,2.9,15.4,7.67,4.18,1.72,1.13,1.09,1.04,1.27,3.82,2019Q4,,,,,,,,,,,,
1325,恆大,23.7,-0.3,-1.25,2.13,,,,,,,,,,,,,2.28,2.12,2.09,2.17,2.29,2.18,2.16,2.51,1.96,2.24,1.78,1.75,2019Q4,,,,,,,,,,,,
1337,再生-KY,5.6,+0.06,+1.08,6.09,,,,,,,,,,,,,9.69,13,12.1,11.2,3.44,3.73,3.35,4.13,3.75,2.62,2.83,3.38,2019Q4,,,,,,,,,,,,
1338,廣華-KY,23.95,-0.05,-0.21,19.5,,,,,,,,,,,,,18.1,18.6,20.5,22.5,19.9,20.5,19.8,20.5,17,18.2,18.6,20.4,2019Q4,,,,,,,,,,,,
1340,勝悅-KY,7.31,-0.02,-0.27,5.53,,,,,,,,,,,,,5.19,9.88,10.3,8.73,4.91,7.49,5.02,3.31,3.19,3.29,2.31,2.78,2019Q4,,,,,,,,,,,,
1413,宏洲,11.6,+0.15,+1.31,8.12,,,,,,,,,,,,,7.52,8.27,7.6,8.05,9.01,8.66,9.5,9.34,8.88,8.02,7.01,5.56,2019Q4,,,,,,,,,,,,
1417,嘉裕,7.81,+0.05,+0.64,4.1,,,,,,,,,,,,,6.31,4.8,4.55,4.67,4.58,3.23,2.92,4.27,3.74,3.26,3.05,3.78,2019Q4,,,,,,,,,,,,
1432,大魯閣,16.25,+0.1,+0.62,2.8,,,,,,,,,,,,,3.07,2.94,3.18,2.46,2.02,2.08,4.02,2.09,3.11,2.9,3.09,2.61,2019Q4,,,,,,,,,,,,
代號,名稱,成交,漲跌 價,漲跌 幅,平均 營收 (億),,,,,,,,,,,,,17Q1 營收 (億),17Q2 營收 (億),17Q3 營收 (億),17Q4 營收 (億),18Q1 營收 (億),18Q2 營收 (億),18Q3 營收 (億),18Q4 營收 (億),19Q1 營收 (億),19Q2 營收 (億),19Q3 營收 (億),19Q4 營收 (億),2019Q4,,,,,,,,,,,,
1435,中福,31.5,0,0,0.07,,,,,,,,,,,,,0.08,0.08,0.09,0.09,0.09,0.07,0.07,0.07,0.05,0.05,0.05,0.05,2019Q4,,,,,,,,,,,,
1438,三地開發,41.8,+2.3,+5.82,0,,,,,,,,,,,,,0,0,0,0,0,0,0,0,0,0,0,0,2019Q4,,,,,,,,,,,,
1440,南紡,11.7,-0.15,-1.27,57.5,,,,,,,,,,,,,51.1,50.2,53.9,55.5,60,64.8,63.4,61.3,57.7,58.5,56.9,56.3,2019Q4,,,,,,,,,,,,
1445,大宇,14.2,0,0,3.79,,,,,,,,,,,,,3.81,4.04,4.04,4.2,3.74,4.3,3.88,3.8,3.91,3.32,2.96,3.51,2019Q4,,,,,,,,,,,,
1460,宏遠,6.8,-0.07,-1.02,22.6,,,,,,,,,,,,,21.5,19.7,20.8,26.5,23.7,21.6,22.3,26.5,22.5,20.1,21.6,24.5,2019Q4,,,,,,,,,,,,
1512,瑞利,6.23,0,0,6.31,,,,,,,,,,,,,7.55,5.32,4.61,7.91,7.14,7.47,7.82,8.46,4.17,6.5,4.21,4.51,2019Q4,,,,,,,,,,,,
1516,川飛,14.15,-0.35,-2.41,1.97,,,,,,,,,,,,,2.98,0.98,1.44,2.42,2,3.15,2.53,1.4,0.61,2.27,1.76,2.08,2019Q4,,,,,,,,,,,,
1517,利奇,11.05,0,0,7.34,,,,,,,,,,,,,6.6,7.32,7.13,7.09,6.74,7.55,7.74,7.93,7.18,7.48,7.81,7.53,2019Q4,,,,,,,,,,,,
1526,日馳,18.6,-0.05,-0.27,3.12,,,,,,,,,,,,,2.33,3.25,3.91,3.9,2.91,3.1,3.07,3.63,2.39,3.26,2.74,2.94,2019Q4,,,,,,,,,,,,
1528,恩德,12.15,-0.05,-0.41,11.3,,,,,,,,,,,,,8.53,10.3,13.5,12.3,12.7,13.2,12,11.1,9.25,9.96,10.3,12.1,2019Q4,,,,,,,,,,,,
1529,樂事綠能,21.95,+0.1,+0.46,1.64,,,,,,,,,,,,,0.5,1.35,0.79,5.02,0.43,0.41,0.82,2.47,0.57,0.84,1.89,4.64,2019Q4,,,,,,,,,,,,
1533,車王電,29.6,-0.25,-0.84,6.82,,,,,,,,,,,,,5.28,6.15,6.53,6.91,7.13,6.32,6.57,8.86,6.59,7.95,6.85,6.66,2019Q4,,,,,,,,,,,,
1538,正峰,26,-0.55,-2.07,1.19,,,,,,,,,,,,,1.83,1.88,1.26,1.47,1.2,1.04,0.95,1.05,0.78,0.98,1.01,0.86,2019Q4,,,,,,,,,,,,
1587,吉茂,26.95,-0.35,-1.28,3.61,,,,,,,,,,,,,3.41,3.48,3.47,3.17,2.96,3.66,3.75,4.25,3.28,4.03,3.99,3.85,2019Q4,,,,,,,,,,,,
1589,永冠-KY,27.85,-0.1,-0.36,17.1,,,,,,,,,,,,,14.3,16.9,17.3,15.4,12.7,16.6,15.6,17,15.5,19.5,21.7,22.3,2019Q4,,,,,,,,,,,,
1626,艾美特-KY,11.85,-0.05,-0.42,25.7,,,,,,,,,,,,,26.2,35.4,19.5,19.1,26.1,39.6,19.9,20.6,24.2,39.1,18.7,19.4,2019Q4,,,,,,,,,,,,
1710,東聯,12.9,-0.2,-1.53,69.5,,,,,,,,,,,,,71.2,66.3,82.3,69.4,78.9,75.9,88.2,78.2,66,62.7,54,40.7,2019Q4,,,,,,,,,,,,
1721,三晃,11.45,+0.05,+0.44,8.42,,,,,,,,,,,,,8.9,7.41,8.81,8.97,8.23,8.99,8.78,8.52,8.61,7.66,8.16,8.01,2019Q4,,,,,,,,,,,,
代號,名稱,成交,漲跌 價,漲跌 幅,平均 營收 (億),,,,,,,,,,,,,17Q1 營收 (億),17Q2 營收 (億),17Q3 營收 (億),17Q4 營收 (億),18Q1 營收 (億),18Q2 營收 (億),18Q3 營收 (億),18Q4 營收 (億),19Q1 營收 (億),19Q2 營收 (億),19Q3 營收 (億),19Q4 營收 (億),2019Q4,,,,,,,,,,,,
1802,台玻,14,+0.1,+0.72,111,,,,,,,,,,,,,97.2,107,119,126,110,118,121,112,88.8,103,112,114,2019Q4,,,,,,,,,,,,
1903,士紙,45.5,+0.4,+0.89,0.48,,,,,,,,,,,,,0.24,0.29,0.97,0.36,0.71,0.39,0.36,0.72,0.46,0.42,0.39,0.44,2019Q4,,,,,,,,,,,,
1905,華紙,13.05,-0.2,-1.51,56.3,,,,,,,,,,,,,55.5,53.2,56.8,62.9,57.7,62.6,60.6,59.4,53.8,53.6,49.2,50.3,2019Q4,,,,,,,,,,,,
1909,榮成,9.01,-0.16,-1.74,122,,,,,,,,,,,,,97.3,96.9,126,147,113,151,132,128,115,118,121,123,2019Q4,,,,,,,,,,,,
2007,燁興,8.3,-0.06,-0.72,19.4,,,,,,,,,,,,,20.6,19.1,20.9,19.3,23.6,22.1,22.2,19.4,18.7,16.9,16.4,13.5,2019Q4,,,,,,,,,,,,
2014,中鴻,16.5,-0.2,-1.2,108,,,,,,,,,,,,,100,94.6,103,110,111,123,130,119,120,116,95.8,72.9,2019Q4,,,,,,,,,,,,
2022,聚亨,8.1,-0.07,-0.86,25.4,,,,,,,,,,,,,17.1,17.6,22.6,21.1,23.4,28.1,29.7,30,32.1,27.5,26.3,29.2,2019Q4,,,,,,,,,,,,
2023,燁輝,15.55,0,0,171,,,,,,,,,,,,,186,159,189,178,188,194,195,161,152,149,156,140,2019Q4,,,,,,,,,,,,
2025,千興,13.35,-0.1,-0.74,6.37,,,,,,,,,,,,,9.1,6.98,9.97,10.4,9.78,8.76,5.68,4.16,2.89,3.83,2.28,2.55,2019Q4,,,,,,,,,,,,
2034,允強,20.1,-0.2,-0.99,45.6,,,,,,,,,,,,,50.7,50.8,45.7,45.3,47,53.1,49.8,41.4,40.2,40.1,45.5,37.3,2019Q4,,,,,,,,,,,,
2102,泰豐,16.95,-0.05,-0.29,12.6,,,,,,,,,,,,,12,15.7,15.8,12.4,13.9,12.6,12.8,10.8,11.6,10.8,12.1,10.9,2019Q4,,,,,,,,,,,,
2104,國際中橡,10.55,-0.1,-0.94,55.7,,,,,,,,,,,,,48.6,49.8,50.1,52.7,54.4,62,65.2,62.8,60.7,62.1,64.1,35.8,2019Q4,,,,,,,,,,,,
2208,台船,17.15,-0.55,-3.11,38.3,,,,,,,,,,,,,32.3,54.9,39.9,36.9,28.8,33.9,34.4,33,31.7,28.8,55.7,49.3,2019Q4,,,,,,,,,,,,
2241,艾姆勒,24.2,-0.1,-0.41,2.34,,,,,,,,,,,,,,,,,,2.09,,4.25,1.41,2.07,2.2,2.01,2019Q4,,,,,,,,,,,,
2254,巨鎧精密-創,67.4,-1.1,-1.61,,,,,,,,,,,,,,,,,,,,,,,,,,2019Q4,,,,,,,,,,,,
2258,鴻華先進-創,40.5,-0.9,-2.17,,,,,,,,,,,,,,,,,,,,,,,,,,2019Q4,,,,,,,,,,,,
2314,台揚,12,+0.1,+0.84,17.8,,,,,,,,,,,,,17.2,18.8,20,19.5,16.4,19,22.6,21.7,16.9,14.9,11.9,14.3,2019Q4,,,,,,,,,,,,
2321,東訊,13.65,-0.3,-2.15,5.9,,,,,,,,,,,,,7.61,7.89,9.15,6.21,5.92,5.94,6.62,5.81,4.46,4.53,2.92,3.73,2019Q4,,,,,,,,,,,,
代號,名稱,成交,漲跌 價,漲跌 幅,平均 營收 (億),,,,,,,,,,,,,17Q1 營收 (億),17Q2 營收 (億),17Q3 營收 (億),17Q4 營收 (億),18Q1 營收 (億),18Q2 營收 (億),18Q3 營收 (億),18Q4 營收 (億),19Q1 營收 (億),19Q2 營收 (億),19Q3 營收 (億),19Q4 營收 (億),2019Q4,,,,,,,,,,,,
2323,中環,7.77,-0.06,-0.77,20.6,,,,,,,,,,,,,22.2,22.4,23.2,23.8,19.7,21.9,23.3,20.8,18,18.9,17.3,16.2,2019Q4,,,,,,,,,,,,
2331,精英,15.4,+0.2,+1.32,75,,,,,,,,,,,,,65,69.7,88.7,76,62.4,80.9,92.7,81.9,62.7,76.9,71.3,71.9,2019Q4,,,,,,,,,,,,
2337,旺宏,19.15,-0.05,-0.26,88.5,,,,,,,,,,,,,66.1,65.6,105,106,90.6,88.8,100,89.8,60.3,74.8,119,95.8,2019Q4,,,,,,,,,,,,
2338,光罩,31.15,+0.3,+0.97,6.48,,,,,,,,,,,,,2.93,3.11,3.27,4.96,6.32,7.43,7.92,7.2,7.11,7.27,10.1,10.2,2019Q4,,,,,,,,,,,,
2340,台亞,20.75,+0.25,+1.22,13.6,,,,,,,,,,,,,15.7,13.9,13.9,12.4,13.1,13.9,14,12.6,11.5,14.3,15.5,12.9,2019Q4,,,,,,,,,,,,
2369,菱生,13.45,-0.05,-0.37,13.4,,,,,,,,,,,,,14.5,14.8,16,15.3,14.2,12.7,13.4,12.1,9.9,11.7,13,12.6,2019Q4,,,,,,,,,,,,
2380,虹光,3.89,+0.34,+9.58,4.82,,,,,,,,,,,,,4.52,4.03,5.8,5.95,5.6,4.85,4.95,5.86,4.05,4.65,3.83,3.8,2019Q4,,,,,,,,,,,,
2390,云辰,10.25,-0.05,-0.49,1.67,,,,,,,,,,,,,1.81,1.76,1.77,1.72,1.66,1.84,1.66,1.56,1.73,1.42,1.57,1.48,2019Q4,,,,,,,,,,,,
2406,國碩,11,0,0,25.4,,,,,,,,,,,,,29.7,27.4,33.4,35.6,27.6,26.9,21.3,18.1,22.3,22.4,19,21,2019Q4,,,,,,,,,,,,
2408,南亞科,32.1,-0.65,-1.98,159,,,,,,,,,,,,,122,126,133,168,188,246,244,170,114,124,148,131,2019Q4,,,,,,,,,,,,
2409,友達,12.3,-0.1,-0.81,765,,,,,,,,,,,,,886,844,874,807,744,751,810,771,667,701,701,620,2019Q4,,,,,,,,,,,,
2413,環科,18.25,0,0,9.22,,,,,,,,,,,,,8.94,8.57,9.6,8.82,9.23,8.95,10.4,9.78,9.57,8.54,8.85,9.41,2019Q4,,,,,,,,,,,,
2424,隴華,59.8,0,0,0.04,,,,,,,,,,,,,0.01,0.04,0.18,0.02,0.01,0.01,0,0,0,0.12,0.04,0.07,2019Q4,,,,,,,,,,,,
2429,銘旺科,44.2,-0.55,-1.23,2.45,,,,,,,,,,,,,2.53,2.81,3.08,2.18,2.15,2.71,2.11,2.08,2.01,2.06,2.31,3.35,2019Q4,,,,,,,,,,,,
2431,聯昌,11.05,-0.15,-1.34,6.42,,,,,,,,,,,,,7.12,6.35,5.52,4.04,5.24,6.21,6.66,6.18,7.11,7.01,8.48,7.07,2019Q4,,,,,,,,,,,,
2438,翔耀,29.5,+0.5,+1.72,1.16,,,,,,,,,,,,,1.37,1.15,1.27,1.38,1.2,1.29,0.98,0.98,1.05,1.06,1,1.2,2019Q4,,,,,,,,,,,,
2440,太空梭,15.8,+0.65,+4.29,7.71,,,,,,,,,,,,,6.56,7.34,8.5,8.62,8.32,8.89,8.38,8.27,5.91,6.8,7.11,7.85,2019Q4,,,,,,,,,,,,
2444,兆勁,12.1,-0.15,-1.22,3.6,,,,,,,,,,,,,3.3,4.19,4.15,3.73,2.89,3.1,2.24,3.86,2.76,3.53,4.52,4.96,2019Q4,,,,,,,,,,,,
代號,名稱,成交,漲跌 價,漲跌 幅,平均 營收 (億),,,,,,,,,,,,,17Q1 營收 (億),17Q2 營收 (億),17Q3 營收 (億),17Q4 營收 (億),18Q1 營收 (億),18Q2 營收 (億),18Q3 營收 (億),18Q4 營收 (億),19Q1 營收 (億),19Q2 營收 (億),19Q3 營收 (億),19Q4 營收 (億),2019Q4,,,,,,,,,,,,
2460,建通,16.45,-0.35,-2.08,9.38,,,,,,,,,,,,,7.94,9.63,10,11.1,9.31,10.7,9.71,9.78,7.78,9.14,8.5,9.01,2019Q4,,,,,,,,,,,,
2465,麗臺,47.6,0,0,8.26,,,,,,,,,,,,,6.52,7.15,7.85,7.91,6.74,9.28,8.01,9.25,8.21,8.65,9.39,10.2,2019Q4,,,,,,,,,,,,
2466,冠西電,108.5,+4,+3.83,5.9,,,,,,,,,,,,,3.38,5.06,8.17,5.02,4.89,5.8,9.07,6.51,7.04,7.94,5.13,2.83,2019Q4,,,,,,,,,,,,
2485,兆赫,11.5,-0.05,-0.43,20.2,,,,,,,,,,,,,21.2,22.1,22.1,21.3,16.3,21.3,19.9,20.2,17.9,21.2,22.5,16.2,2019Q4,,,,,,,,,,,,
2491,吉祥全,11.1,+0.05,+0.45,0.89,,,,,,,,,,,,,0.95,1.02,0.95,0.98,0.89,0.76,0.78,1.11,0.85,0.66,0.89,0.83,2019Q4,,,,,,,,,,,,
2498,宏達電,36.9,-0.15,-0.4,79.9,,,,,,,,,,,,,145,161,157,157,87.9,67.7,40.4,41.3,29.4,28.1,24.5,18.1,2019Q4,,,,,,,,,,,,
2547,日勝生,12.65,+0.25,+2.02,43.7,,,,,,,,,,,,,10.1,12,27.7,92.3,38.6,85.9,164,30.7,14,12.9,19.6,16.8,2019Q4,,,,,,,,,,,,
2601,益航,6.48,-0.09,-1.37,19.6,,,,,,,,,,,,,18.5,16.4,15.7,22.4,20.3,18.4,17.9,23.8,21.4,19.4,17.5,23,2019Q4,,,,,,,,,,,,
2616,山隆,16.15,-0.45,-2.71,45,,,,,,,,,,,,,41.7,41.3,43,44.3,43.4,48,50.7,47.9,42.4,46.4,45.4,45.9,2019Q4,,,,,,,,,,,,
2642,宅配通,28,-0.4,-1.41,8.44,,,,,,,,,,,,,7.11,7.18,8.12,8.19,8.6,8.17,8.37,8.47,8.96,9.06,9.59,9.52,2019Q4,,,,,,,,,,,,
2712,遠雄來,18.4,0,0,1.04,,,,,,,,,,,,,0.91,1.01,1.49,1.07,0.47,0.98,1.42,0.84,0.87,0.99,1.47,0.93,2019Q4,,,,,,,,,,,,
2722,夏都,27.5,-0.5,-1.79,1.73,,,,,,,,,,,,,1.31,1.77,2.17,1.3,1.14,1.69,2.2,1.67,1.69,1.88,2.31,1.65,2019Q4,,,,,,,,,,,,
2911,麗嬰房,5.08,-0.07,-1.36,15,,,,,,,,,,,,,18.4,14.9,14.9,20,16.5,13.9,13.5,17.6,13.9,11.2,10.9,14.5,2019Q4,,,,,,,,,,,,
2913,農林,15.45,+0.05,+0.32,2.34,,,,,,,,,,,,,19.9,1.19,0.83,0.62,0.64,0.61,0.63,0.66,0.75,0.74,0.74,0.76,2019Q4,,,,,,,,,,,,
2939,永邑-KY,28.85,+1.7,+6.26,9.15,,,,,,,,,,,,,16.4,20.1,10.6,8.83,9.43,6.27,9.41,6.15,6.23,4.34,6.87,5.01,2019Q4,,,,,,,,,,,,
3011,今皓,12.6,-0.15,-1.18,3.28,,,,,,,,,,,,,2.49,2.63,2.98,2.85,2.76,3.86,4.24,4.07,3.29,3.23,3.66,3.32,2019Q4,,,,,,,,,,,,
3018,隆銘綠能,21.85,+0.4,+1.86,3.28,,,,,,,,,,,,,3.66,4.32,3.49,4.08,2.57,4.43,3.77,2.36,3.06,2.42,2.58,2.6,2019Q4,,,,,,,,,,,,
3041,揚智,23.55,-0.15,-0.63,6.34,,,,,,,,,,,,,7.55,9,8.57,6.75,5.52,6,6.73,5.88,5.57,4.37,4.88,5.29,2019Q4,,,,,,,,,,,,
代號,名稱,成交,漲跌 價,漲跌 幅,平均 營收 (億),,,,,,,,,,,,,17Q1 營收 (億),17Q2 營收 (億),17Q3 營收 (億),17Q4 營收 (億),18Q1 營收 (億),18Q2 營收 (億),18Q3 營收 (億),18Q4 營收 (億),19Q1 營收 (億),19Q2 營收 (億),19Q3 營收 (億),19Q4 營收 (億),2019Q4,,,,,,,,,,,,
3048,益登,23.8,0,0,211,,,,,,,,,,,,,171,168,215,207,187,188,221,207,175,227,295,272,2019Q4,,,,,,,,,,,,
3049,精金,6.88,-0.08,-1.15,8.3,,,,,,,,,,,,,8.2,7.04,6.68,5.26,6.92,8.01,7.05,6.45,8.6,12.1,12,11.2,2019Q4,,,,,,,,,,,,
3054,立萬利,22.8,+0.8,+3.64,0.55,,,,,,,,,,,,,1.04,0.67,0.99,0.79,0.52,0.48,0.37,0.48,0.24,0.19,0.41,0.46,2019Q4,,,,,,,,,,,,
3055,蔚華科,48.05,-0.35,-0.72,7.26,,,,,,,,,,,,,6.31,7.74,5.11,7.35,6.84,8.25,7.95,8.5,6.79,4.55,4.77,13,2019Q4,,,,,,,,,,,,
3057,喬鼎,8.18,-0.09,-1.09,4.09,,,,,,,,,,,,,5.19,4.45,4.64,4.06,4.49,4.98,4.9,3.93,2.93,3.01,2.8,3.71,2019Q4,,,,,,,,,,,,
3058,立德,10.25,-0.15,-1.44,12.1,,,,,,,,,,,,,13.3,12.7,12.9,12,10.8,13.2,12.3,12.3,11,11.3,12.1,10.8,2019Q4,,,,,,,,,,,,
3092,鴻碩,19.25,-0.5,-2.53,7.36,,,,,,,,,,,,,6.39,6.5,6.79,6.48,6.84,7.99,8.71,7.64,7.25,7.92,7.94,7.92,2019Q4,,,,,,,,,,,,
3149,正達,29.8,-0.35,-1.16,8.89,,,,,,,,,,,,,5.2,9.12,10.5,11.5,8.08,12.2,12.9,8.52,7.17,6.65,7.51,7.33,2019Q4,,,,,,,,,,,,
3321,同泰,7.08,+0.36,+5.36,6.24,,,,,,,,,,,,,6.1,6.16,7.56,8.11,5.85,5.84,6.85,5.59,6.31,5.48,5.31,5.69,2019Q4,,,,,,,,,,,,
3419,譁裕,14.55,+0.15,+1.04,4.5,,,,,,,,,,,,,6.1,5.23,5.22,4.78,4.39,5.38,4.66,4.23,3.43,3.9,3.49,3.24,2019Q4,,,,,,,,,,,,
3432,台端,13.8,+0.65,+4.94,0.31,,,,,,,,,,,,,0.62,0.62,0.44,0.41,0.29,0.32,0.3,0.23,0.2,0.12,0.12,0.09,2019Q4,,,,,,,,,,,,
3437,榮創,15.15,-0.15,-0.98,12.2,,,,,,,,,,,,,13.6,13.4,17.3,15.4,10.3,11.7,14.6,9.87,8.06,9.4,10.8,12.1,2019Q4,,,,,,,,,,,,
3494,誠研,14.55,0,0,2.87,,,,,,,,,,,,,3.51,3.61,2.51,2.64,2.51,2.89,3.2,3.66,2.32,2.56,2.83,2.15,2019Q4,,,,,,,,,,,,
3504,揚明光,44.35,+0.35,+0.8,12.9,,,,,,,,,,,,,8.49,10.5,11.9,13.7,11.9,16.1,20.6,13.9,12.6,11.8,12.1,11.8,2019Q4,,,,,,,,,,,,
3518,柏騰,17.75,0,0,1.49,,,,,,,,,,,,,1.49,1.74,1.71,1.7,1.35,1.43,1.67,1.31,1.14,1.43,1.4,1.49,2019Q4,,,,,,,,,,,,
3530,晶相光,55.4,-0.7,-1.25,5.04,,,,,,,,,,,,,3.52,3.9,4.52,5.21,4.68,4.85,4.92,5.89,3.51,6.03,6.62,6.78,2019Q4,,,,,,,,,,,,
3543,州巧,17.4,+0.3,+1.75,13.8,,,,,,,,,,,,,,,,,,17.7,,35.5,6.94,7.51,7.78,7.44,2019Q4,,,,,,,,,,,,
3550,聯穎,12.6,-0.05,-0.4,9.51,,,,,,,,,,,,,8.26,8.61,10.4,10.7,9.66,11.1,10.4,9.8,7.84,8.5,8.93,10,2019Q4,,,,,,,,,,,,
代號,名稱,成交,漲跌 價,漲跌 幅,平均 營收 (億),,,,,,,,,,,,,17Q1 營收 (億),17Q2 營收 (億),17Q3 營收 (億),17Q4 營收 (億),18Q1 營收 (億),18Q2 營收 (億),18Q3 營收 (億),18Q4 營收 (億),19Q1 營收 (億),19Q2 營收 (億),19Q3 營收 (億),19Q4 營收 (億),2019Q4,,,,,,,,,,,,
3576,聯合再生,8.2,+0.1,+1.23,34.6,,,,,,,,,,,,,21.6,22.2,24.7,34,25.5,28.9,27.8,49.1,43,57.1,42.5,38.8,2019Q4,,,,,,,,,,,,
3593,力銘,9.85,-0.15,-1.5,1.82,,,,,,,,,,,,,1.52,1.8,2.61,2.56,1.81,1.94,2.44,2,1.52,1.74,0.91,0.99,2019Q4,,,,,,,,,,,,
3686,達能,14.1,-0.4,-2.76,1.11,,,,,,,,,,,,,2.26,1.55,2.34,3.33,0.92,0.51,0.38,0.77,0.32,0.36,0.3,0.28,2019Q4,,,,,,,,,,,,
3714,富采,35.15,+0.2,+0.57,,,,,,,,,,,,,,,,,,,,,,,,,,2019Q4,,,,,,,,,,,,
4108,懷特,13.15,0,0,0.21,,,,,,,,,,,,,0.07,0.11,0.19,0.16,0.3,0.28,0.25,0.24,0.31,0.33,0.17,0.14,2019Q4,,,,,,,,,,,,
4142,國光生,18.55,-0.15,-0.8,2.24,,,,,,,,,,,,,0.75,0.5,2.26,2.11,0.7,0.3,3.15,4.07,0.6,1.05,5.07,6.27,2019Q4,,,,,,,,,,,,
4190,佐登-KY,34.5,+0.4,+1.17,7.23,,,,,,,,,,,,,5,5.64,6.05,6.45,6.95,7.99,7.78,8.36,6.66,8.96,7.82,9.09,2019Q4,,,,,,,,,,,,
4426,利勤,11.2,-0.2,-1.75,5.2,,,,,,,,,,,,,5.13,4.95,4.72,4.18,5.6,4.64,5.42,4.8,6.35,5.74,6.33,4.58,2019Q4,,,,,,,,,,,,
4526,東台,21.5,-1,-4.44,27,,,,,,,,,,,,,20.2,22.7,26.5,28.2,22.1,32.4,29,32.8,29.5,26.2,25.7,28.7,2019Q4,,,,,,,,,,,,
4540,全球傳動,36.6,-0.05,-0.14,6.86,,,,,,,,,,,,,4.83,6.59,7.68,8,7.46,9.75,8.91,8.06,5.03,5.88,4.82,5.36,2019Q4,,,,,,,,,,,,
4555,氣立,34.75,+0.35,+1.02,3.79,,,,,,,,,,,,,2.64,4.18,4.09,3.83,3.79,4.83,4.42,4,3.39,3.54,3.31,3.42,2019Q4,,,,,,,,,,,,
4562,穎漢,40.9,+0.55,+1.36,3.27,,,,,,,,,,,,,3.19,3.93,3.71,4.21,3.22,3.96,3.74,3.42,2.51,2.77,2.19,2.38,2019Q4,,,,,,,,,,,,
4564,元翎,19.4,+0.65,+3.47,6.7,,,,,,,,,,,,,,9.24,5.47,5.67,6.17,6.3,6.27,7.69,7.42,7.59,6.54,5.36,2019Q4,,,,,,,,,,,,
4737,華廣,55,+5,+10,5,,,,,,,,,,,,,3.85,4.22,4.37,5.76,3.86,4.44,5.56,6.22,3.64,5.71,4.87,7.51,2019Q4,,,,,,,,,,,,
4764,雙鍵,39,-0.2,-0.51,10.1,,,,,,,,,,,,,9.89,10.3,10.7,10.2,10.6,12.7,11,11,9.02,9.57,8.48,7.9,2019Q4,,,,,,,,,,,,
4807,日成-KY,17.7,+1.6,+9.94,5.74,,,,,,,,,,,,,4.95,4.99,6.08,5.47,7.28,6.9,8.95,6.14,4.12,2.46,4.64,6.87,2019Q4,,,,,,,,,,,,
4927,泰鼎-KY,22.5,-0.65,-2.81,26.6,,,,,,,,,,,,,23.5,24.1,30.1,26.3,24.2,24.2,32.4,31,28.5,24.5,28.1,22.8,2019Q4,,,,,,,,,,,,
4934,太極,9.9,0,0,9.19,,,,,,,,,,,,,12.1,13,15.7,18.9,7.81,9.44,4.46,5.55,5.12,6.55,6.28,5.34,2019Q4,,,,,,,,,,,,
代號,名稱,成交,漲跌 價,漲跌 幅,平均 營收 (億),,,,,,,,,,,,,17Q1 營收 (億),17Q2 營收 (億),17Q3 營收 (億),17Q4 營收 (億),18Q1 營收 (億),18Q2 營收 (億),18Q3 營收 (億),18Q4 營收 (億),19Q1 營收 (億),19Q2 營收 (億),19Q3 營收 (億),19Q4 營收 (億),2019Q4,,,,,,,,,,,,
4943,康控-KY,12,0,0,13.5,,,,,,,,,,,,,5.73,6.97,20.1,19.9,9.32,14.7,20.2,13.4,5.91,12.2,15.2,17.9,2019Q4,,,,,,,,,,,,
4949,有成精密,38.5,-0.8,-2.04,,,,,,,,,,,,,,,,,,,,,,,,,,2019Q4,,,,,,,,,,,,
4956,光鋐,21.35,+0.75,+3.64,3,,,,,,,,,,,,,3.14,3.47,3.09,2.65,2.7,3.13,3.09,2.85,2.97,3,2.85,3.1,2019Q4,,,,,,,,,,,,
4960,誠美材,12.25,-0.15,-1.21,32,,,,,,,,,,,,,27.3,27.7,24.8,26.9,25,27.6,35.5,39.6,40.2,37.1,34.4,37.2,2019Q4,,,,,,,,,,,,
4976,佳凌,25.8,+0.3,+1.18,3.69,,,,,,,,,,,,,3.51,3.74,3.89,3.83,3.89,4.49,4.63,3.89,3.45,3.34,2.98,2.66,2019Q4,,,,,,,,,,,,
4989,榮科,14.6,-0.05,-0.34,8.31,,,,,,,,,,,,,9.97,8.81,9.32,9.65,8.87,6.81,8.52,7.89,7.15,7.04,7.85,7.8,2019Q4,,,,,,,,,,,,
5484,慧友,37.55,0,0,1.07,,,,,,,,,,,,,1.85,1.62,1.14,1.07,0.94,1.19,1.25,0.86,0.79,0.84,0.63,0.6,2019Q4,,,,,,,,,,,,
5531,鄉林,9.71,-0.11,-1.12,16.7,,,,,,,,,,,,,3.86,2.15,11.7,31.4,7.89,20.8,28.7,15.7,8.07,9.89,16.2,43.9,2019Q4,,,,,,,,,,,,
5546,永固-KY,28,+0.15,+0.54,22.2,,,,,,,,,,,,,,,,,,,,49.7,10.4,15.5,16.9,18.4,2019Q4,,,,,,,,,,,,
5608,四維航,16.3,-0.1,-0.61,9.44,,,,,,,,,,,,,8.22,8.11,8.62,10,9.44,10.1,10,10.6,9.64,9.48,9.7,9.23,2019Q4,,,,,,,,,,,,
5907,大洋-KY,8.64,-0.34,-3.79,16,,,,,,,,,,,,,15.6,13.4,12.3,19.2,16.9,14.8,13.5,19.4,17.8,15.5,13.9,19.2,2019Q4,,,,,,,,,,,,
6112,邁達特,43.5,-0.55,-1.25,28.3,,,,,,,,,,,,,25.5,27.2,25.6,26,27.1,28.2,29.7,26.8,29.7,31.8,31.8,29.8,2019Q4,,,,,,,,,,,,
6116,彩晶,6.98,0,0,47.5,,,,,,,,,,,,,62.2,47.1,66.6,61.5,44.4,51.3,41,31.9,32.6,42.6,42.8,45.3,2019Q4,,,,,,,,,,,,
6141,柏承,9.4,-0.05,-0.53,9.08,,,,,,,,,,,,,8.33,9.62,9.89,10.7,9.28,10.6,10.7,9.45,6.91,8.39,7.65,7.5,2019Q4,,,,,,,,,,,,
6142,友勁,8.62,+0.04,+0.47,8.28,,,,,,,,,,,,,8.46,9.21,8.43,7.3,7,7.24,9.55,8.24,7.55,8.68,10.3,7.37,2019Q4,,,,,,,,,,,,
6152,百一,9.01,-0.06,-0.66,15.9,,,,,,,,,,,,,19,22.3,19.4,20.9,14.8,20.2,16.5,11.9,8.82,11.7,13,11.9,2019Q4,,,,,,,,,,,,
6153,嘉聯益,11.4,+0.25,+2.24,37.9,,,,,,,,,,,,,31.3,27.2,33.4,37.3,29.6,31.6,42.3,51.7,36.2,44.1,49.5,40.5,2019Q4,,,,,,,,,,,,
6168,宏齊,15.9,0,0,6.75,,,,,,,,,,,,,6.86,7.28,8.49,7.51,7.74,7.61,7.32,6.56,6.26,4.87,5.2,5.32,2019Q4,,,,,,,,,,,,
代號,名稱,成交,漲跌 價,漲跌 幅,平均 營收 (億),,,,,,,,,,,,,17Q1 營收 (億),17Q2 營收 (億),17Q3 營收 (億),17Q4 營收 (億),18Q1 營收 (億),18Q2 營收 (億),18Q3 營收 (億),18Q4 營收 (億),19Q1 營收 (億),19Q2 營收 (億),19Q3 營收 (億),19Q4 營收 (億),2019Q4,,,,,,,,,,,,
6202,盛群,38.75,+0.2,+0.52,11.7,,,,,,,,,,,,,10.9,11.5,11.2,12.5,10.9,13.3,12.6,11.9,10.4,12,11.2,12.2,2019Q4,,,,,,,,,,,,
6209,今國光,23.5,-0.45,-1.88,8.8,,,,,,,,,,,,,8.91,9.46,9.98,8.2,7.5,8.94,10.5,8.27,7.71,8.39,9.36,8.46,2019Q4,,,,,,,,,,,,
6225,天瀚,12.35,-0.55,-4.26,0.02,,,,,,,,,,,,,0.01,0,0,0.01,0.01,0.02,0.03,0.02,0.03,0.03,0.03,0.04,2019Q4,,,,,,,,,,,,
6226,光鼎,7.28,+0.05,+0.69,2.95,,,,,,,,,,,,,2.4,2.78,2.41,3.18,4.03,3.28,3.31,3.78,2.42,2.7,3.13,1.99,2019Q4,,,,,,,,,,,,
6269,台郡,49.8,-0.6,-1.19,65.5,,,,,,,,,,,,,42.8,37,71.2,107,54.6,49.5,79.7,83.8,43.4,46.6,83,87.3,2019Q4,,,,,,,,,,,,
6282,康舒,26.05,-0.2,-0.76,47.6,,,,,,,,,,,,,42.3,44.8,46.6,44.3,37.6,47.7,51.8,50.3,51.4,52.7,52.5,49.3,2019Q4,,,,,,,,,,,,
6405,悅城,21.6,-0.55,-2.48,1.86,,,,,,,,,,,,,1.62,2.11,2.36,2.5,2.16,2.03,1.72,1.89,1.12,1.62,1.65,1.59,2019Q4,,,,,,,,,,,,
6426,統新,59.1,0,0,1.36,,,,,,,,,,,,,1.61,1.57,1.19,1.15,1.21,1.05,1.01,1.34,1.27,1.38,1.68,1.85,2019Q4,,,,,,,,,,,,
6431,光麗-KY,18.75,+0.45,+2.46,0.53,,,,,,,,,,,,,0.34,0.29,0.2,0.23,0.21,0.25,0.33,0.23,0.31,0.58,1.17,2.2,2019Q4,,,,,,,,,,,,
6443,元晶,14.15,0,0,12.3,,,,,,,,,,,,,17,15.6,16.9,16,13.4,9.55,5.39,10,12.2,10.2,12,10.1,2019Q4,,,,,,,,,,,,
6477,安集,27.9,-0.2,-0.71,3.86,,,,,,,,,,,,,1.41,2.52,4.22,4.58,4.75,3.65,5.09,4.47,5.19,4,3.09,3.38,2019Q4,,,,,,,,,,,,
6541,泰福-KY,63.5,+0.7,+1.11,0,,,,,,,,,,,,,0,0,0,0,,0,0,0,0,0,0,0,2019Q4,,,,,,,,,,,,
6550,北極星藥業-KY,40.25,+3.65,+9.97,,,,,,,,,,,,,,,,,,,,,,,,,,2019Q4,,,,,,,,,,,,
6573,虹揚-KY,11.25,-0.3,-2.6,4.93,,,,,,,,,,,,,4.75,5.39,5.43,5.35,5.71,5.89,4.84,4.2,3.96,4.65,4.31,4.65,2019Q4,,,,,,,,,,,,
6598,ABC-KY,18.85,-0.15,-0.79,0.19,,,,,,,,,,,,,,,0.04,0.27,,0.16,0.04,0.17,0.26,0.19,0.33,0.26,2019Q4,,,,,,,,,,,,
6645,金萬林-創,21.85,+0.35,+1.63,,,,,,,,,,,,,,,,,,,,,,,,,,2019Q4,,,,,,,,,,,,
6657,華安,59.5,0,0,,,,,,,,,,,,,,,,,,,,,,,,,,2019Q4,,,,,,,,,,,,
6668,中揚光,33.95,+0.25,+0.74,3.27,,,,,,,,,,,,,,4.17,3.03,2.84,2.12,3.39,3.89,2.57,2.62,2.94,4.15,4.22,2019Q4,,,,,,,,,,,,
代號,名稱,成交,漲跌 價,漲跌 幅,平均 營收 (億),,,,,,,,,,,,,17Q1 營收 (億),17Q2 營收 (億),17Q3 營收 (億),17Q4 營收 (億),18Q1 營收 (億),18Q2 營收 (億),18Q3 營收 (億),18Q4 營收 (億),19Q1 營收 (億),19Q2 營收 (億),19Q3 營收 (億),19Q4 營收 (億),2019Q4,,,,,,,,,,,,
6674,鋐寶科技,16.95,+0.1,+0.59,11.8,,,,,,,,,,,,,,16.5,15.7,15.6,16.3,15.7,13.5,7.72,7.19,8.03,7.61,5.49,2019Q4,,,,,,,,,,,,
6695,芯鼎,41.6,-0.05,-0.12,,,,,,,,,,,,,,,,,,,,,,,,,,2019Q4,,,,,,,,,,,,
6698,旭暉應材,27.2,+0.45,+1.68,2.01,,,,,,,,,,,,,,1.39,1.68,4.12,1.32,1.67,1.68,1.68,2.07,2.46,2.15,1.86,2019Q4,,,,,,,,,,,,
6706,惠特,66.5,-0.2,-0.3,11.1,,,,,,,,,,,,,,16.1,3.58,33.9,9.2,6.41,3.58,12.3,9.4,11,8.74,8.09,2019Q4,,,,,,,,,,,,
6770,力積電,14.1,0,0,359,,,,,,,,,,,,,,,,,,,,,,,,359,2019Q4,,,,,,,,,,,,
6794,向榮生技-創,64.8,+1.5,+2.37,,,,,,,,,,,,,,,,,,,,,,,,,,2019Q4,,,,,,,,,,,,
6838,台新藥,24.3,+0.15,+0.62,,,,,,,,,,,,,,,,,,,,,,,,,,2019Q4,,,,,,,,,,,,
6885,全福生技,23.3,-0.2,-0.85,,,,,,,,,,,,,,,,,,,,,,,,,,2019Q4,,,,,,,,,,,,
6901,鑽石投資,22.65,+0.6,+2.72,,,,,,,,,,,,,,,,,,,,,,,,,,2019Q4,,,,,,,,,,,,
6902,GOGOLOOK-創,98,-1.5,-1.51,,,,,,,,,,,,,,,,,,,,,,,,,,2019Q4,,,,,,,,,,,,
6919,康霈*,616,+4,+0.65,,,,,,,,,,,,,,,,,,,,,,,,,,2019Q4,,,,,,,,,,,,
6928,攸泰科技,44.3,-1.1,-2.42,,,,,,,,,,,,,,,,,,,,,,,,,,2019Q4,,,,,,,,,,,,
6949,沛爾生醫-創,125.5,+0.5,+0.4,,,,,,,,,,,,,,,,,,,,,,,,,,2019Q4,,,,,,,,,,,,
6969,成信實業*-創,26.75,-0.75,-2.73,,,,,,,,,,,,,,,,,,,,,,,,,,2019Q4,,,,,,,,,,,,
8101,華冠,16.1,0,0,22.5,,,,,,,,,,,,,35.9,50.2,46.2,31,24.9,20.5,14,22.3,6.75,4.12,4.81,8.77,2019Q4,,,,,,,,,,,,
8110,華東,11.8,-0.05,-0.42,20.6,,,,,,,,,,,,,22.2,22.5,24.7,24.9,22,21.5,22,20.1,16.3,15.9,16.6,18.5,2019Q4,,,,,,,,,,,,
8201,無敵,11.85,+0.1,+0.85,3.25,,,,,,,,,,,,,3.86,2.39,2.91,2.74,4.58,2.37,2.88,5.29,3.49,3.1,2.45,2.96,2019Q4,,,,,,,,,,,,
8411,福貞-KY,12.35,+0.55,+4.66,15.6,,,,,,,,,,,,,15.9,15.4,19.2,20.3,16.1,10.7,12.6,16,13.3,12.9,16.3,18.2,2019Q4,,,,,,,,,,,,
代號,名稱,成交,漲跌 價,漲跌 幅,平均 營收 (億),,,,,,,,,,,,,17Q1 營收 (億),17Q2 營收 (億),17Q3 營收 (億),17Q4 營收 (億),18Q1 營收 (億),18Q2 營收 (億),18Q3 營收 (億),18Q4 營收 (億),19Q1 營收 (億),19Q2 營收 (億),19Q3 營收 (億),19Q4 營收 (億),2019Q4,,,,,,,,,,,,
8429,金麗-KY,8.56,0,0,8.41,,,,,,,,,,,,,10.3,13.7,8.14,8.11,9.25,12,7.6,11.1,6.67,8.01,3.8,2.33,2019Q4,,,,,,,,,,,,
8443,阿瘦,11.6,+0.05,+0.43,4.02,,,,,,,,,,,,,4.24,3.71,3.63,4.54,4.38,4.11,3.76,4.07,4.08,3.62,3.69,4.41,2019Q4,,,,,,,,,,,,
8488,吉源-KY,11.85,+0.3,+2.6,9.71,,,,,,,,,,,,,8.38,8.3,11.6,11.1,8.24,7.19,11.8,11.2,8.75,7.97,10,12,2019Q4,,,,,,,,,,,,
9912,偉聯,11.7,+0.05,+0.43,1.74,,,,,,,,,,,,,1.61,1.84,1.92,2.08,1.83,1.78,1.83,2.02,1.42,1.49,1.43,1.63,2019Q4,,,,,,,,,,,,
9914,美利達,131.5,-1,-0.75,63.7,,,,,,,,,,,,,47.9,52.5,66,57.6,57.6,70.6,70.8,59.4,55.7,75,78.2,73.4,2019Q4,,,,,,,,,,,,
9919,康那香,15.55,-0.45,-2.81,9.43,,,,,,,,,,,,,9.58,9.64,9.44,8.58,9.23,7.88,9.49,8.74,10.2,9.08,10.7,10.6,2019Q4,,,,,,,,,,,,
9928,中視,15.6,0,0,1.86,,,,,,,,,,,,,1.73,1.85,1.85,1.94,1.69,1.91,1.92,2.12,1.51,1.83,1.92,2.07,2019Q4,,,,,,,,,,,,
9929,秋雨,13.75,+0.4,+3,2.26,,,,,,,,,,,,,1.76,1.59,1.94,2.06,1.82,1.65,1.76,2.69,3,2.75,2.91,3.21,2019Q4,,,,,,,,,,,,
9955,佳龍,29.15,+2.65,+10,5.01,,,,,,,,,,,,,6.25,4.81,5.57,5.05,4.16,5.86,6.89,4.32,4.4,3.93,5.3,3.6,2019Q4,,,,,,,,,,,,
1235,興泰,100.5,0,0,0.34,,,,,,,,,,,,,,,,,,,,,,,,,2016Q4,0.38,0.63,0.45,0.26,0.22,0.27,0.37,0.27,0.19,0.4,0.43,0.15
1236,宏亞,20.75,-0.05,-0.24,5.68,,,,,,,,,,,,,,,,,,,,,,,,,2016Q4,6.62,4.7,6.22,6.18,7.06,4.13,5.68,6.31,6.04,3.47,5.23,6.55
1301,台塑,35.5,-0.3,-0.84,490,,,,,,,,,,,,,,,,,,,,,,,,,2016Q4,520,590,553,502,477,510,470,458,428,448,421,504
1304,台聚,10.1,-0.05,-0.49,138,,,,,,,,,,,,,,,,,,,,,,,,,2016Q4,137,164,166,130,131,141,124,128,127,133,127,144
1305,華夏,11.25,0,0,35.5,,,,,,,,,,,,,,,,,,,,,,,,,2016Q4,35.3,41.8,36.3,32.2,36.6,36.8,29.6,35.3,37.7,35.3,33.6,35
1308,亞聚,13,-0.2,-1.52,13.9,,,,,,,,,,,,,,,,,,,,,,,,,2016Q4,13.4,15.7,14.7,11.8,12.3,12.6,12.3,14.7,13.6,13.2,14.4,17.7
1309,台達化,11.4,-0.1,-0.87,45.3,,,,,,,,,,,,,,,,,,,,,,,,,2016Q4,43.6,57.2,58.3,50.2,40.8,50.3,40.9,38.4,36.9,41.6,38.6,47
1310,台苯,8.92,-0.04,-0.45,37.1,,,,,,,,,,,,,,,,,,,,,,,,,2016Q4,52.6,45.9,45,29.8,22.7,42,33,33.6,35.2,32.6,34.9,38
1312,國喬,10.7,+0.1,+0.94,53.6,,,,,,,,,,,,,,,,,,,,,,,,,2016Q4,62,61.2,64.2,56,50.1,60.1,47.3,42.7,45.7,45.4,50,58
1313,聯成,8.15,-0.04,-0.49,116,,,,,,,,,,,,,,,,,,,,,,,,,2016Q4,131,141,128,132,109,118,107,102,90.7,102,99,132
1316,上曜,15.15,-0.7,-4.42,1.83,,,,,,,,,,,,,,,,,,,,,,,,,2016Q4,2.45,2,1.83,1.66,2.08,3.05,1.85,1.3,1.23,1.49,1.36,1.66
1325,恆大,23.7,-0.3,-1.25,2.75,,,,,,,,,,,,,,,,,,,,,,,,,2016Q4,2.93,2.76,2.45,3.92,2.8,2.84,2.47,2.99,2.6,2.49,2.17,2.64
1337,再生-KY,5.6,+0.06,+1.08,13.5,,,,,,,,,,,,,,,,,,,,,,,,,2016Q4,12.2,15.7,14.2,11.7,8.41,11.2,13.9,16.3,12.3,15.2,15.3,15
1338,廣華-KY,23.95,-0.05,-0.21,20.2,,,,,,,,,,,,,,,,,,,,,,,,,2016Q4,19.2,21.8,19.9,23.1,19.3,20.3,20.8,22.4,18.8,18,18.5,20.8
1340,勝悅-KY,7.31,-0.02,-0.27,8,,,,,,,,,,,,,,,,,,,,,,,,,2016Q4,5.18,8.08,8.4,9.29,5.92,8.34,8.52,9.2,6.67,9.16,8.64,8.55
1413,宏洲,11.6,+0.15,+1.31,6.87,,,,,,,,,,,,,,,,,,,,,,,,,2016Q4,9.57,8.87,8.68,7.99,5.8,7.39,5.9,6.26,4.66,5.26,5.76,6.26
1417,嘉裕,7.81,+0.05,+0.64,8.17,,,,,,,,,,,,,,,,,,,,,,,,,2016Q4,8.8,7.4,7.73,8.94,9.39,8.07,8.89,9.17,8.93,6.84,7.11,6.83
1432,大魯閣,16.25,+0.1,+0.62,1.26,,,,,,,,,,,,,,,,,,,,,,,,,2016Q4,0.27,0.38,0.37,0.3,0.61,0.55,1.37,1.34,1.36,2.49,3.01,3.11
代號,名稱,成交,漲跌 價,漲跌 幅,平均 營收 (億),,,,,,,,,,,,,,,,,,,,,,,,,2016Q4,14Q1 營收 (億),14Q2 營收 (億),14Q3 營收 (億),14Q4 營收 (億),15Q1 營收 (億),15Q2 營收 (億),15Q3 營收 (億),15Q4 營收 (億),16Q1 營收 (億),16Q2 營收 (億),16Q3 營收 (億),16Q4 營收 (億)
1435,中福,31.5,0,0,0.07,,,,,,,,,,,,,,,,,,,,,,,,,2016Q4,0.06,0.07,0.07,0.07,0.07,0.07,0.07,0.08,0.06,0.07,0.08,0.08
1438,三地開發,41.8,+2.3,+5.82,0.03,,,,,,,,,,,,,,,,,,,,,,,,,2016Q4,0.01,0,0,0.12,0.23,0,0,0,0,0,0,0
1440,南紡,11.7,-0.15,-1.27,51.5,,,,,,,,,,,,,,,,,,,,,,,,,2016Q4,45.6,52.1,55.1,54.8,52.8,59.7,54.5,48.3,42,47.9,54.7,49.9
1445,大宇,14.2,0,0,4.52,,,,,,,,,,,,,,,,,,,,,,,,,2016Q4,4.58,4.87,4.59,5.05,4.72,4.57,4.56,4.57,3.95,4.41,4.06,4.35
1460,宏遠,6.8,-0.07,-1.02,21,,,,,,,,,,,,,,,,,,,,,,,,,2016Q4,19,19.8,19.5,23.2,20.9,18.8,20.5,21.7,21.3,20.2,22.7,24
1512,瑞利,6.23,0,0,10.2,,,,,,,,,,,,,,,,,,,,,,,,,2016Q4,8.56,9.84,9.07,11.9,9.6,8.21,8.52,14.6,10.5,8.47,8.62,14.3
1516,川飛,14.15,-0.35,-2.41,0.99,,,,,,,,,,,,,,,,,,,,,,,,,2016Q4,0.44,0.5,0.53,0.62,0.53,0.51,0.88,1.09,1.65,1.6,0.96,2.63
1517,利奇,11.05,0,0,8.42,,,,,,,,,,,,,,,,,,,,,,,,,2016Q4,9.15,9.46,9.66,10.6,8.86,9.06,8.5,8.3,7.02,7.12,6.36,7.02
1526,日馳,18.6,-0.05,-0.27,2.18,,,,,,,,,,,,,,,,,,,,,,,,,2016Q4,1.73,1.93,1.86,2.04,1.99,2.57,2.33,2.14,1.95,2.64,2.38,2.57
1528,恩德,12.15,-0.05,-0.41,8.42,,,,,,,,,,,,,,,,,,,,,,,,,2016Q4,8.01,9.38,7.57,7.72,7.83,9.23,6.88,7.43,7.87,9.84,10.4,8.88
1529,樂事綠能,21.95,+0.1,+0.46,0.36,,,,,,,,,,,,,,,,,,,,,,,,,2016Q4,0.16,0.46,0.23,0.21,0.27,0.24,0.1,0.14,0.95,0.39,0.36,0.81
1533,車王電,29.6,-0.25,-0.84,6.2,,,,,,,,,,,,,,,,,,,,,,,,,2016Q4,6.52,6.61,6.91,6.53,5.74,6.36,6.44,6.05,5.82,5.88,5.94,5.62
1538,正峰,26,-0.55,-2.07,1.92,,,,,,,,,,,,,,,,,,,,,,,,,2016Q4,2.06,2.26,2.3,2.04,1.87,2.39,1.68,1.63,1.63,1.71,1.74,1.73
1587,吉茂,26.95,-0.35,-1.28,6.62,,,,,,,,,,,,,,,,,,,,,,,,,2016Q4,,,,,,,3.96,14.4,,7.57,3.96,3.22
1589,永冠-KY,27.85,-0.1,-0.36,18.9,,,,,,,,,,,,,,,,,,,,,,,,,2016Q4,16.4,19.5,17.9,18.3,18.6,21.9,21.3,19.4,19.1,20,17.1,17.5
1626,艾美特-KY,11.85,-0.05,-0.42,28.4,,,,,,,,,,,,,,,,,,,,,,,,,2016Q4,28.2,44.5,23.9,24.5,29.6,39.3,19.7,21.1,28.5,39.2,19.9,22.7
1710,東聯,12.9,-0.2,-1.53,39.7,,,,,,,,,,,,,,,,,,,,,,,,,2016Q4,36,38.6,32.9,33.7,28.4,40.7,35.7,34.4,34.4,39.3,52.6,69.1
1721,三晃,11.45,+0.05,+0.44,7.68,,,,,,,,,,,,,,,,,,,,,,,,,2016Q4,4.46,3.7,3.7,3.93,10.3,10.5,9.83,10,10.5,8.93,8.17,8.23
代號,名稱,成交,漲跌 價,漲跌 幅,平均 營收 (億),,,,,,,,,,,,,,,,,,,,,,,,,2016Q4,14Q1 營收 (億),14Q2 營收 (億),14Q3 營收 (億),14Q4 營收 (億),15Q1 營收 (億),15Q2 營收 (億),15Q3 營收 (億),15Q4 營收 (億),16Q1 營收 (億),16Q2 營收 (億),16Q3 營收 (億),16Q4 營收 (億)
1802,台玻,14,+0.1,+0.72,105,,,,,,,,,,,,,,,,,,,,,,,,,2016Q4,91,109,109,107,89.6,101,113,110,95.8,108,113,114
1903,士紙,45.5,+0.4,+0.89,1.52,,,,,,,,,,,,,,,,,,,,,,,,,2016Q4,3.64,4.71,4.16,3.01,0.83,0.67,0.36,0.2,0.17,0.18,0.17,0.19
1905,華紙,13.05,-0.2,-1.51,53.4,,,,,,,,,,,,,,,,,,,,,,,,,2016Q4,51.6,52.6,50.8,56.4,49.7,51.4,54.4,54.5,52.7,55.8,53.5,58.1
1909,榮成,9.01,-0.16,-1.74,72.4,,,,,,,,,,,,,,,,,,,,,,,,,2016Q4,64.3,69,70.2,71.3,66.3,68.6,69.3,64,73,82.2,78.6,91.3
2007,燁興,8.3,-0.06,-0.72,18.3,,,,,,,,,,,,,,,,,,,,,,,,,2016Q4,13.7,20.1,20.7,17.9,18.2,18.5,18.2,20.1,18.2,18.4,17.7,18.4
2014,中鴻,16.5,-0.2,-1.2,83.8,,,,,,,,,,,,,,,,,,,,,,,,,2016Q4,99.9,94.7,95.4,81.3,77.3,76.3,76.4,69.8,77.1,82.3,80.5,94.5
2022,聚亨,8.1,-0.07,-0.86,19.6,,,,,,,,,,,,,,,,,,,,,,,,,2016Q4,22.9,23.5,19.6,24.1,19.8,19.2,19.5,16.3,18.1,18.8,17.3,15.5
2023,燁輝,15.55,0,0,136,,,,,,,,,,,,,,,,,,,,,,,,,2016Q4,147,150,155,153,140,132,122,104,111,130,137,151
2025,千興,13.35,-0.1,-0.74,9.77,,,,,,,,,,,,,,,,,,,,,,,,,2016Q4,10.9,14.6,14.5,11.5,10.5,8.5,5.68,4.59,7.34,8.7,9.6,10.8
2034,允強,20.1,-0.2,-0.99,51.2,,,,,,,,,,,,,,,,,,,,,,,,,2016Q4,61,70.6,67.9,54.8,49.9,50.9,44,38.9,39.1,43.7,46.2,47.2
2102,泰豐,16.95,-0.05,-0.29,17.1,,,,,,,,,,,,,,,,,,,,,,,,,2016Q4,20.8,19.8,17.9,18.1,19.8,19.8,18.3,17.4,16.2,14,10.5,12.6
2104,國際中橡,10.55,-0.1,-0.94,45.6,,,,,,,,,,,,,,,,,,,,,,,,,2016Q4,54.7,58.4,55.6,51.3,46.3,42.6,42.6,37,37.3,39.7,41.4,40.5
2208,台船,17.15,-0.55,-3.11,52.3,,,,,,,,,,,,,,,,,,,,,,,,,2016Q4,71.7,53.7,58.8,70.8,58,50.3,53.3,53,45.5,45.5,36.9,29.6
2241,艾姆勒,24.2,-0.1,-0.41,,,,,,,,,,,,,,,,,,,,,,,,,,2016Q4,,,,,,,,,,,,
2254,巨鎧精密-創,67.4,-1.1,-1.61,,,,,,,,,,,,,,,,,,,,,,,,,,2016Q4,,,,,,,,,,,,
2258,鴻華先進-創,40.5,-0.9,-2.17,,,,,,,,,,,,,,,,,,,,,,,,,,2016Q4,,,,,,,,,,,,
2314,台揚,12,+0.1,+0.84,16.8,,,,,,,,,,,,,,,,,,,,,,,,,2016Q4,16,14.9,15.1,16.6,16.2,12.4,14.9,19.7,20.3,18.1,18.8,18.8
2321,東訊,13.65,-0.3,-2.15,12,,,,,,,,,,,,,,,,,,,,,,,,,2016Q4,15.1,19.6,14.7,12.2,9.7,8.06,12.9,10.1,10,10.4,8.79,11.8
代號,名稱,成交,漲跌 價,漲跌 幅,平均 營收 (億),,,,,,,,,,,,,,,,,,,,,,,,,2016Q4,14Q1 營收 (億),14Q2 營收 (億),14Q3 營收 (億),14Q4 營收 (億),15Q1 營收 (億),15Q2 營收 (億),15Q3 營收 (億),15Q4 營收 (億),16Q1 營收 (億),16Q2 營收 (億),16Q3 營收 (億),16Q4 營收 (億)
2323,中環,7.77,-0.06,-0.77,33.2,,,,,,,,,,,,,,,,,,,,,,,,,2016Q4,39.4,39.6,40.3,42.1,34.9,34.5,31.5,26.9,28,30,28.1,23.5
2331,精英,15.4,+0.2,+1.32,112,,,,,,,,,,,,,,,,,,,,,,,,,2016Q4,123,158,136,141,119,130,136,98.4,69.5,67.6,82.7,79.7
2337,旺宏,19.15,-0.05,-0.26,56.2,,,,,,,,,,,,,,,,,,,,,,,,,2016Q4,47.9,49.7,66.9,59.6,47.1,49.8,56.5,56,50.9,51.8,70.9,67.7
2338,光罩,31.15,+0.3,+0.97,3.71,,,,,,,,,,,,,,,,,,,,,,,,,2016Q4,4.31,4.4,4.3,4.66,4.22,3.57,3.75,3.32,2.98,3.19,3.03,2.77
2340,台亞,20.75,+0.25,+1.22,14.5,,,,,,,,,,,,,,,,,,,,,,,,,2016Q4,15.1,16.2,16,15.9,13.8,14.1,13.4,15,13.6,14,14.8,12.6
2369,菱生,13.45,-0.05,-0.37,14.2,,,,,,,,,,,,,,,,,,,,,,,,,2016Q4,13.9,15.5,15.3,14.6,14,13.8,13.4,13.8,13.3,13.9,14.3,14.7
2380,虹光,3.89,+0.34,+9.58,6.27,,,,,,,,,,,,,,,,,,,,,,,,,2016Q4,6.71,7.97,6.76,6.48,6.2,6.39,6.25,5.7,4.78,6.04,6.06,5.83
2390,云辰,10.25,-0.05,-0.49,2.44,,,,,,,,,,,,,,,,,,,,,,,,,2016Q4,2.45,4.39,2.99,2.62,2.15,1.8,2.27,2.47,2.31,1.99,2.18,1.63
2406,國碩,11,0,0,41.3,,,,,,,,,,,,,,,,,,,,,,,,,2016Q4,31.3,36.2,29.8,35.5,35.4,41.4,52,59,55.5,51.5,34.8,32.8
2408,南亞科,32.1,-0.65,-1.98,112,,,,,,,,,,,,,,,,,,,,,,,,,2016Q4,117,119,131,124,120,112,103,104,104,89.3,102,121
2409,友達,12.3,-0.1,-0.81,915,,,,,,,,,,,,,,,,,,,,,,,,,2016Q4,938,1020,1069,1054,953,923,893,834,711,801,860,918
2413,環科,18.25,0,0,10.7,,,,,,,,,,,,,,,,,,,,,,,,,2016Q4,10.4,11.5,10.8,10.6,10.2,11,11.6,11.3,10.8,10.3,9.99,9.45
2424,隴華,59.8,0,0,0.05,,,,,,,,,,,,,,,,,,,,,,,,,2016Q4,0.11,0.34,0.04,0.02,0.02,0,0.01,0.02,0.02,0.01,0,0.01
2429,銘旺科,44.2,-0.55,-1.23,2.17,,,,,,,,,,,,,,,,,,,,,,,,,2016Q4,1.98,2.41,1.96,1.89,1.81,1.81,1.86,2,2.3,2.81,2.43,2.76
2431,聯昌,11.05,-0.15,-1.34,9.15,,,,,,,,,,,,,,,,,,,,,,,,,2016Q4,8.47,10,12.6,12,12.1,8.42,8.07,7.76,8.25,6.7,8.01,7.41
2438,翔耀,29.5,+0.5,+1.72,1.17,,,,,,,,,,,,,,,,,,,,,,,,,2016Q4,0.07,0.83,1.3,1.32,1.36,1.36,1.62,1.76,1.15,0.96,1.14,1.22
2440,太空梭,15.8,+0.65,+4.29,6.08,,,,,,,,,,,,,,,,,,,,,,,,,2016Q4,6.32,6.31,6.1,6.63,5.77,6.4,6.17,6.06,4.77,5.65,6.07,6.66
2444,兆勁,12.1,-0.15,-1.22,4,,,,,,,,,,,,,,,,,,,,,,,,,2016Q4,3.5,4.31,3.88,4.64,3.59,4.24,4.22,4.22,3.58,4.02,4.25,3.61
代號,名稱,成交,漲跌 價,漲跌 幅,平均 營收 (億),,,,,,,,,,,,,,,,,,,,,,,,,2016Q4,14Q1 營收 (億),14Q2 營收 (億),14Q3 營收 (億),14Q4 營收 (億),15Q1 營收 (億),15Q2 營收 (億),15Q3 營收 (億),15Q4 營收 (億),16Q1 營收 (億),16Q2 營收 (億),16Q3 營收 (億),16Q4 營收 (億)
2460,建通,16.45,-0.35,-2.08,9.43,,,,,,,,,,,,,,,,,,,,,,,,,2016Q4,8.53,10.7,10.2,10,8.55,9.6,9.68,9.45,7.62,9.2,9.52,10.1
2465,麗臺,47.6,0,0,6.14,,,,,,,,,,,,,,,,,,,,,,,,,2016Q4,5.39,4.92,5.42,5.56,5.41,5.88,5.8,7.67,6.21,7.17,6.95,7.32
2466,冠西電,108.5,+4,+3.83,3.74,,,,,,,,,,,,,,,,,,,,,,,,,2016Q4,2.31,2.82,4.49,3.12,2.49,2.71,4.15,2.4,2.71,5.06,6.87,5.83
2485,兆赫,11.5,-0.05,-0.43,26.9,,,,,,,,,,,,,,,,,,,,,,,,,2016Q4,18,16.5,19.4,22.9,23,25.1,28.3,36.3,41.4,36.5,29.9,25
2491,吉祥全,11.1,+0.05,+0.45,1.15,,,,,,,,,,,,,,,,,,,,,,,,,2016Q4,1.83,1.65,1.44,1.48,0.94,1.1,1.01,0.9,0.81,0.86,0.8,0.96
2498,宏達電,36.9,-0.15,-0.4,323,,,,,,,,,,,,,,,,,,,,,,,,,2016Q4,331,651,419,479,415,330,214,257,148,189,222,222
2547,日勝生,12.65,+0.25,+2.02,8.94,,,,,,,,,,,,,,,,,,,,,,,,,2016Q4,7.36,8.2,9.64,12.7,9.29,8.95,9.49,8.14,7.15,7.78,8.26,10.4
2601,益航,6.48,-0.09,-1.37,20.7,,,,,,,,,,,,,,,,,,,,,,,,,2016Q4,22.8,20.1,19.2,25.6,24.5,20.1,18.8,21.6,21.9,18.2,15.4,20.7
2616,山隆,16.15,-0.45,-2.71,43.1,,,,,,,,,,,,,,,,,,,,,,,,,2016Q4,48.8,52.3,53.5,48.4,38.5,41.9,39.6,38.3,33.1,39.9,40,42.6
2642,宅配通,28,-0.4,-1.41,6.49,,,,,,,,,,,,,,,,,,,,,,,,,2016Q4,6.46,6.3,6.43,6.48,6.67,6.36,6.47,6.38,6.72,6.41,6.61,6.64
2712,遠雄來,18.4,0,0,1.4,,,,,,,,,,,,,,,,,,,,,,,,,2016Q4,1.14,1.38,2.2,1.31,1.23,1.28,1.88,1.16,1.14,1.21,1.73,1.08
2722,夏都,27.5,-0.5,-1.79,1.82,,,,,,,,,,,,,,,,,,,,,,,,,2016Q4,1.21,1.89,2.67,1.37,1.34,1.93,2.61,1.5,1.45,2,2.39,1.43
2911,麗嬰房,5.08,-0.07,-1.36,22.2,,,,,,,,,,,,,,,,,,,,,,,,,2016Q4,24.1,19,22.5,27.7,25.6,19.9,21.2,25.6,23.3,17.8,17.9,21.8
2913,農林,15.45,+0.05,+0.32,2.86,,,,,,,,,,,,,,,,,,,,,,,,,2016Q4,4.24,5.31,4.83,4.44,2.95,2.59,1.92,1.9,1.75,2.22,1.16,0.97
2939,永邑-KY,28.85,+1.7,+6.26,12.5,,,,,,,,,,,,,,,,,,,,,,,,,2016Q4,,,,,,,,,,17.3,8.04,12.2
3011,今皓,12.6,-0.15,-1.18,5.14,,,,,,,,,,,,,,,,,,,,,,,,,2016Q4,5.61,6.03,6.09,5.51,4.91,5.1,5.49,5.48,5.09,5.73,3.64,2.95
3018,隆銘綠能,21.85,+0.4,+1.86,3.62,,,,,,,,,,,,,,,,,,,,,,,,,2016Q4,2.64,4.04,3.52,4.31,2.8,2.74,2.83,2.83,3.68,2.89,5.88,5.27
3041,揚智,23.55,-0.15,-0.63,9.73,,,,,,,,,,,,,,,,,,,,,,,,,2016Q4,11.1,10.2,14,11.3,9.1,6.58,9.52,11.1,9.82,7.97,7.91,8.31
代號,名稱,成交,漲跌 價,漲跌 幅,平均 營收 (億),,,,,,,,,,,,,,,,,,,,,,,,,2016Q4,14Q1 營收 (億),14Q2 營收 (億),14Q3 營收 (億),14Q4 營收 (億),15Q1 營收 (億),15Q2 營收 (億),15Q3 營收 (億),15Q4 營收 (億),16Q1 營收 (億),16Q2 營收 (億),16Q3 營收 (億),16Q4 營收 (億)
3048,益登,23.8,0,0,174,,,,,,,,,,,,,,,,,,,,,,,,,2016Q4,103,135,172,201,170,172,187,187,137,150,247,224
3049,精金,6.88,-0.08,-1.15,9.47,,,,,,,,,,,,,,,,,,,,,,,,,2016Q4,8.53,12.1,11.3,12.8,13.3,8.05,10.2,10,5.6,4.22,8.33,9.18
3054,立萬利,22.8,+0.8,+3.64,2.83,,,,,,,,,,,,,,,,,,,,,,,,,2016Q4,7.42,7.05,4.07,3.82,3.52,2.16,1.57,1.09,0.4,0.26,0.92,1.66
3055,蔚華科,48.05,-0.35,-0.72,8.25,,,,,,,,,,,,,,,,,,,,,,,,,2016Q4,7.22,10.8,10.1,6.24,6.52,9.25,5.56,8.03,8.83,10.3,7.55,8.42
3057,喬鼎,8.18,-0.09,-1.09,7.9,,,,,,,,,,,,,,,,,,,,,,,,,2016Q4,8.85,9.68,9.58,10.1,8.8,6.92,6.07,8.11,6.3,6.26,6.83,7.34
3058,立德,10.25,-0.15,-1.44,13.2,,,,,,,,,,,,,,,,,,,,,,,,,2016Q4,12.7,13.1,14.1,13.8,12.2,13.8,13.6,12.7,12.7,12.9,12.8,13.8
3092,鴻碩,19.25,-0.5,-2.53,5.97,,,,,,,,,,,,,,,,,,,,,,,,,2016Q4,4.46,5.74,5.36,5.58,5.45,5.31,5.86,6.19,5.89,7.36,7.59,6.84
3149,正達,29.8,-0.35,-1.16,13.4,,,,,,,,,,,,,,,,,,,,,,,,,2016Q4,17.3,18.3,23.3,20,12.9,9.64,17.7,16.1,6.18,4.98,6.82,7.64
3321,同泰,7.08,+0.36,+5.36,7.43,,,,,,,,,,,,,,,,,,,,,,,,,2016Q4,6.84,7.88,8.87,8.37,9.15,9.04,7.45,6.43,5.95,5.86,6.36,6.94
3419,譁裕,14.55,+0.15,+1.04,5.81,,,,,,,,,,,,,,,,,,,,,,,,,2016Q4,4.78,5.05,5.34,5.57,4.9,4.61,6.11,6.6,5.44,5.37,7.3,8.62
3432,台端,13.8,+0.65,+4.94,2.05,,,,,,,,,,,,,,,,,,,,,,,,,2016Q4,2.7,3.4,3.48,3.73,2.25,1.77,1.78,1.44,1.2,1.11,1.08,0.69
3437,榮創,15.15,-0.15,-0.98,16.2,,,,,,,,,,,,,,,,,,,,,,,,,2016Q4,16.8,16.9,17.9,19.6,17.4,14,15,15.4,12.9,13.1,17.3,18.4
3494,誠研,14.55,0,0,4.72,,,,,,,,,,,,,,,,,,,,,,,,,2016Q4,5.65,6.21,5.27,5.25,4.59,4.51,4.01,3.89,4.63,4.2,4.42,3.99
3504,揚明光,44.35,+0.35,+0.8,11.3,,,,,,,,,,,,,,,,,,,,,,,,,2016Q4,12,12.6,11.8,13.7,10.5,11.1,11.4,11.6,9.57,9.96,9.92,11.7
3518,柏騰,17.75,0,0,2.74,,,,,,,,,,,,,,,,,,,,,,,,,2016Q4,2.96,3.37,2.83,3.5,3.17,2.96,2.73,2.96,2.04,2.09,2.17,2.12
3530,晶相光,55.4,-0.7,-1.25,8.44,,,,,,,,,,,,,,,,,,,,,,,,,2016Q4,,,,,,,,,,6.75,4.52,14.1
3543,州巧,17.4,+0.3,+1.75,,,,,,,,,,,,,,,,,,,,,,,,,,2016Q4,,,,,,,,,,,,
3550,聯穎,12.6,-0.05,-0.4,9.29,,,,,,,,,,,,,,,,,,,,,,,,,2016Q4,9.56,11.3,10.4,9.83,8.48,9.12,8.86,9.55,7.61,8.52,8.68,9.63
代號,名稱,成交,漲跌 價,漲跌 幅,平均 營收 (億),,,,,,,,,,,,,,,,,,,,,,,,,2016Q4,14Q1 營收 (億),14Q2 營收 (億),14Q3 營收 (億),14Q4 營收 (億),15Q1 營收 (億),15Q2 營收 (億),15Q3 營收 (億),15Q4 營收 (億),16Q1 營收 (億),16Q2 營收 (億),16Q3 營收 (億),16Q4 營收 (億)
3576,聯合再生,8.2,+0.1,+1.23,55.3,,,,,,,,,,,,,,,,,,,,,,,,,2016Q4,72.8,73.9,58.9,70.3,46.3,49.9,55.9,70.1,59,45,29.8,31.5
3593,力銘,9.85,-0.15,-1.5,1.21,,,,,,,,,,,,,,,,,,,,,,,,,2016Q4,0.14,0.15,0.27,0.37,1.41,1.63,1.81,1.81,1.69,1.68,2.05,1.47
3686,達能,14.1,-0.4,-2.76,4,,,,,,,,,,,,,,,,,,,,,,,,,2016Q4,4.34,5.04,4.46,4.71,3.92,3.72,3.88,4.23,4.52,4.67,2.79,1.73
3714,富采,35.15,+0.2,+0.57,,,,,,,,,,,,,,,,,,,,,,,,,,2016Q4,,,,,,,,,,,,
4108,懷特,13.15,0,0,0.11,,,,,,,,,,,,,,,,,,,,,,,,,2016Q4,0.28,0.28,0.28,0.07,0.05,0.05,0.05,0.06,0.03,0.06,0.07,0.09
4142,國光生,18.55,-0.15,-0.8,1.15,,,,,,,,,,,,,,,,,,,,,,,,,2016Q4,0.05,2.61,0.67,1.48,0.28,0.28,1.09,1.27,0.45,1.11,1.54,2.96
4190,佐登-KY,34.5,+0.4,+1.17,4.67,,,,,,,,,,,,,,,,,,,,,,,,,2016Q4,,7.38,4.13,4.13,3.68,4.43,4.21,5.04,3.84,4.34,4.49,5.68
4426,利勤,11.2,-0.2,-1.75,5.04,,,,,,,,,,,,,,,,,,,,,,,,,2016Q4,3.22,2.82,3.71,4.05,4.94,5.18,5.4,6.34,7.18,5.41,6.72,5.47
4526,東台,21.5,-1,-4.44,23.4,,,,,,,,,,,,,,,,,,,,,,,,,2016Q4,18.3,24.9,24.7,22.8,18.2,23.3,25.1,25.2,16.7,26.9,23.1,31
4540,全球傳動,36.6,-0.05,-0.14,11,,,,,,,,,,,,,,,,,,,,,,,,,2016Q4,,,,,,,,,,7.88,7.68,17.5
4555,氣立,34.75,+0.35,+1.02,3.27,,,,,,,,,,,,,,,,,,,,,,,,,2016Q4,2.18,3.68,4.54,2.95,2.71,3.93,4.19,2.84,2.68,3.94,3.07,2.57
4562,穎漢,40.9,+0.55,+1.36,5.01,,,,,,,,,,,,,,,,,,,,,,,,,2016Q4,,,,,,5.53,3.69,11.9,2.5,3.33,3.69,4.4
4564,元翎,19.4,+0.65,+3.47,12.6,,,,,,,,,,,,,,,,,,,,,,,,,2016Q4,,,,,,,,,,,5.47,19.6
4737,華廣,55,+5,+10,4.06,,,,,,,,,,,,,,,,,,,,,,,,,2016Q4,3.28,3.46,3.85,4.65,3.74,3.67,4.28,4.41,3.35,4.33,4.46,5.27
4764,雙鍵,39,-0.2,-0.51,15.5,,,,,,,,,,,,,,,,,,,,,,,,,2016Q4,,,,,,,9.82,35.9,,9.97,9.82,11.8
4807,日成-KY,17.7,+1.6,+9.94,8.13,,,,,,,,,,,,,,,,,,,,,,,,,2016Q4,,,,,,8.45,3.93,22.6,6.84,5.98,3.93,5.22
4927,泰鼎-KY,22.5,-0.65,-2.81,20.5,,,,,,,,,,,,,,,,,,,,,,,,,2016Q4,16.4,18.3,20.3,18.6,17.3,20.9,26.9,21.2,18.4,21.6,25.3,20.6
4934,太極,9.9,0,0,18.1,,,,,,,,,,,,,,,,,,,,,,,,,2016Q4,15.2,18.3,12.9,19.1,15.2,15.8,21.3,26.1,21.3,25.6,12.3,14.3
代號,名稱,成交,漲跌 價,漲跌 幅,平均 營收 (億),,,,,,,,,,,,,,,,,,,,,,,,,2016Q4,14Q1 營收 (億),14Q2 營收 (億),14Q3 營收 (億),14Q4 營收 (億),15Q1 營收 (億),15Q2 營收 (億),15Q3 營收 (億),15Q4 營收 (億),16Q1 營收 (億),16Q2 營收 (億),16Q3 營收 (億),16Q4 營收 (億)
4943,康控-KY,12,0,0,7.86,,,,,,,,,,,,,,,,,,,,,,,,,2016Q4,,9.09,6.71,21.5,5.97,5.33,6.71,6.22,3.9,4.15,7.98,8.89
4949,有成精密,38.5,-0.8,-2.04,,,,,,,,,,,,,,,,,,,,,,,,,,2016Q4,,,,,,,,,,,,
4956,光鋐,21.35,+0.75,+3.64,3.51,,,,,,,,,,,,,,,,,,,,,,,,,2016Q4,3.56,4.47,4.09,3.49,3.77,4.31,3.15,2.7,2.75,3.53,3.2,3.05
4960,誠美材,12.25,-0.15,-1.21,32.4,,,,,,,,,,,,,,,,,,,,,,,,,2016Q4,38.8,41.2,39.7,38.5,33.6,32,30.1,31.7,23.5,26.3,27,27
4976,佳凌,25.8,+0.3,+1.18,3.6,,,,,,,,,,,,,,,,,,,,,,,,,2016Q4,3.69,4.48,3.89,2.93,2.72,3.56,4.15,3.64,3.27,3.42,3.91,3.58
4989,榮科,14.6,-0.05,-0.34,14.4,,,,,,,,,,,,,,,,,,,,,,,,,2016Q4,,,,,,,,27.6,,13.7,7.68,8.61
5484,慧友,37.55,0,0,3.29,,,,,,,,,,,,,,,,,,,,,,,,,2016Q4,4.06,4.02,4.58,3.73,2.59,2.84,3.38,2.86,2.7,3.31,3.12,2.29
5531,鄉林,9.71,-0.11,-1.12,14.4,,,,,,,,,,,,,,,,,,,,,,,,,2016Q4,5.93,19,13.4,12.2,3.43,4.23,7.25,33.3,20.4,8.11,11.6,34.3
5546,永固-KY,28,+0.15,+0.54,,,,,,,,,,,,,,,,,,,,,,,,,,2016Q4,,,,,,,,,,,,
5608,四維航,16.3,-0.1,-0.61,10.4,,,,,,,,,,,,,,,,,,,,,,,,,2016Q4,10.7,10.6,11.2,12.2,11.8,11.1,10.9,10.8,9.21,8.78,8.57,8.68
5907,大洋-KY,8.64,-0.34,-3.79,17.7,,,,,,,,,,,,,,,,,,,,,,,,,2016Q4,20.3,17.5,16.2,22.1,21.4,16.9,15.6,18.4,18.8,14.9,12.4,17.9
6112,邁達特,43.5,-0.55,-1.25,21.7,,,,,,,,,,,,,,,,,,,,,,,,,2016Q4,19.9,23.2,20.8,20.2,21.1,21.8,21.5,20.7,21.5,23.6,22.7,23.3
6116,彩晶,6.98,0,0,54,,,,,,,,,,,,,,,,,,,,,,,,,2016Q4,56.2,61.4,56.5,62.7,52.9,41.3,39.9,37.7,36,40.2,69.6,93.4
6141,柏承,9.4,-0.05,-0.53,7.33,,,,,,,,,,,,,,,,,,,,,,,,,2016Q4,7.03,7.54,8.4,8.07,6.08,5.75,6.65,6.82,6.96,8,7.85,8.79
6142,友勁,8.62,+0.04,+0.47,10.9,,,,,,,,,,,,,,,,,,,,,,,,,2016Q4,14.8,13.1,11.9,11.5,10.5,11.9,10.8,9.36,8.75,8.69,9.76,9.26
6152,百一,9.01,-0.06,-0.66,20.4,,,,,,,,,,,,,,,,,,,,,,,,,2016Q4,19.1,17.9,15.3,22,15.6,22.5,20.9,23.2,19.8,21,23.2,24.6
6153,嘉聯益,11.4,+0.25,+2.24,38.1,,,,,,,,,,,,,,,,,,,,,,,,,2016Q4,29,32.9,43,56.2,35.8,37.1,41.2,43.1,31.3,31.4,35.5,41.2
6168,宏齊,15.9,0,0,10.5,,,,,,,,,,,,,,,,,,,,,,,,,2016Q4,11.9,17.5,14,11.1,10.4,10.9,11.9,9.37,6.94,6.93,7.22,7.28
代號,名稱,成交,漲跌 價,漲跌 幅,平均 營收 (億),,,,,,,,,,,,,,,,,,,,,,,,,2016Q4,14Q1 營收 (億),14Q2 營收 (億),14Q3 營收 (億),14Q4 營收 (億),15Q1 營收 (億),15Q2 營收 (億),15Q3 營收 (億),15Q4 營收 (億),16Q1 營收 (億),16Q2 營收 (億),16Q3 營收 (億),16Q4 營收 (億)
6202,盛群,38.75,+0.2,+0.52,10,,,,,,,,,,,,,,,,,,,,,,,,,2016Q4,8.84,10.3,9.8,10.4,8.78,10.4,10.1,10.4,9.08,10.9,10.7,10.8
6209,今國光,23.5,-0.45,-1.88,10.4,,,,,,,,,,,,,,,,,,,,,,,,,2016Q4,10.5,11.1,11.3,9.88,9.42,10.3,11.6,10.5,9.21,9.74,11.2,9.88
6225,天瀚,12.35,-0.55,-4.26,0.2,,,,,,,,,,,,,,,,,,,,,,,,,2016Q4,0.23,0.41,0.41,0.37,0.35,0.21,0.2,0.07,0.1,0.06,0.03,0.01
6226,光鼎,7.28,+0.05,+0.69,2.59,,,,,,,,,,,,,,,,,,,,,,,,,2016Q4,2.06,3.08,2.63,2.54,2.79,3.12,2.68,2.37,2.45,2.64,2.16,2.52
6269,台郡,49.8,-0.6,-1.19,41.9,,,,,,,,,,,,,,,,,,,,,,,,,2016Q4,25.1,21,31.5,53.1,40.3,41.9,45.7,53.1,37.5,34.6,57.2,61.6
6282,康舒,26.05,-0.2,-0.76,53.9,,,,,,,,,,,,,,,,,,,,,,,,,2016Q4,53.3,65.4,62.9,59.3,52.2,49.6,53.7,52.9,47.5,49.4,51.7,48.9
6405,悅城,21.6,-0.55,-2.48,3.34,,,,,,,,,,,,,,,,,,,,,,,,,2016Q4,4.59,5.32,4.88,4.25,3.03,3.25,3.36,2.83,1.81,2.34,2.13,2.25
6426,統新,59.1,0,0,1.28,,,,,,,,,,,,,,,,,,,,,,,,,2016Q4,1.37,1.26,1.21,1.11,1.38,1.29,1.24,1.33,1.13,1.23,1.27,1.6
6431,光麗-KY,18.75,+0.45,+2.46,1.36,,,,,,,,,,,,,,,,,,,,,,,,,2016Q4,2.57,3.9,2.46,1.07,1.02,1.21,0.99,0.95,0.62,0.54,0.41,0.54
6443,元晶,14.15,0,0,17.6,,,,,,,,,,,,,,,,,,,,,,,,,2016Q4,15.2,16.1,15.4,16,17,15.2,19.9,19.3,21.9,20.3,17.4,18
6477,安集,27.9,-0.2,-0.71,3.96,,,,,,,,,,,,,,,,,,,,,,,,,2016Q4,,5.36,3.56,12.6,1.89,3.13,3.56,4.47,1.75,3.31,1.23,2.68
6541,泰福-KY,63.5,+0.7,+1.11,0,,,,,,,,,,,,,,,,,,,,,,,,,2016Q4,,,,,,,,0,0,0,0,0
6550,北極星藥業-KY,40.25,+3.65,+9.97,,,,,,,,,,,,,,,,,,,,,,,,,,2016Q4,,,,,,,,,,,,
6573,虹揚-KY,11.25,-0.3,-2.6,6.48,,,,,,,,,,,,,,,,,,,,,,,,,2016Q4,,,,,,,,,,9.91,4.54,5
6598,ABC-KY,18.85,-0.15,-0.79,,,,,,,,,,,,,,,,,,,,,,,,,,2016Q4,,,,,,,,,,,,
6645,金萬林-創,21.85,+0.35,+1.63,,,,,,,,,,,,,,,,,,,,,,,,,,2016Q4,,,,,,,,,,,,
6657,華安,59.5,0,0,,,,,,,,,,,,,,,,,,,,,,,,,,2016Q4,,,,,,,,,,,,
6668,中揚光,33.95,+0.25,+0.74,4.04,,,,,,,,,,,,,,,,,,,,,,,,,2016Q4,,,,,,,,,,,3.03,5.06
代號,名稱,成交,漲跌 價,漲跌 幅,平均 營收 (億),,,,,,,,,,,,,,,,,,,,,,,,,2016Q4,14Q1 營收 (億),14Q2 營收 (億),14Q3 營收 (億),14Q4 營收 (億),15Q1 營收 (億),15Q2 營收 (億),15Q3 營收 (億),15Q4 營收 (億),16Q1 營收 (億),16Q2 營收 (億),16Q3 營收 (億),16Q4 營收 (億)
6674,鋐寶科技,16.95,+0.1,+0.59,34,,,,,,,,,,,,,,,,,,,,,,,,,2016Q4,,,,,,,,,,,15.7,52.2
6695,芯鼎,41.6,-0.05,-0.12,,,,,,,,,,,,,,,,,,,,,,,,,,2016Q4,,,,,,,,,,,,
6698,旭暉應材,27.2,+0.45,+1.68,,,,,,,,,,,,,,,,,,,,,,,,,,2016Q4,,,,,,,,,,,,
6706,惠特,66.5,-0.2,-0.3,,,,,,,,,,,,,,,,,,,,,,,,,,2016Q4,,,,,,,,,,,,
6770,力積電,14.1,0,0,,,,,,,,,,,,,,,,,,,,,,,,,,2016Q4,,,,,,,,,,,,
6794,向榮生技-創,64.8,+1.5,+2.37,,,,,,,,,,,,,,,,,,,,,,,,,,2016Q4,,,,,,,,,,,,
6838,台新藥,24.3,+0.15,+0.62,,,,,,,,,,,,,,,,,,,,,,,,,,2016Q4,,,,,,,,,,,,
6885,全福生技,23.3,-0.2,-0.85,,,,,,,,,,,,,,,,,,,,,,,,,,2016Q4,,,,,,,,,,,,
6901,鑽石投資,22.65,+0.6,+2.72,,,,,,,,,,,,,,,,,,,,,,,,,,2016Q4,,,,,,,,,,,,
6902,GOGOLOOK-創,98,-1.5,-1.51,,,,,,,,,,,,,,,,,,,,,,,,,,2016Q4,,,,,,,,,,,,
6919,康霈*,616,+4,+0.65,,,,,,,,,,,,,,,,,,,,,,,,,,2016Q4,,,,,,,,,,,,
6928,攸泰科技,44.3,-1.1,-2.42,,,,,,,,,,,,,,,,,,,,,,,,,,2016Q4,,,,,,,,,,,,
6949,沛爾生醫-創,125.5,+0.5,+0.4,,,,,,,,,,,,,,,,,,,,,,,,,,2016Q4,,,,,,,,,,,,
6969,成信實業*-創,26.75,-0.75,-2.73,,,,,,,,,,,,,,,,,,,,,,,,,,2016Q4,,,,,,,,,,,,
8101,華冠,16.1,0,0,57.2,,,,,,,,,,,,,,,,,,,,,,,,,2016Q4,67.6,57.9,68.5,76.5,48.5,43.1,65.1,48.8,38,57.5,57.5,58.1
8110,華東,11.8,-0.05,-0.42,22.2,,,,,,,,,,,,,,,,,,,,,,,,,2016Q4,22.3,26.3,27.3,24.3,19.2,19.1,19.6,21.3,18.7,20.3,22.4,26.1
8201,無敵,11.85,+0.1,+0.85,2.65,,,,,,,,,,,,,,,,,,,,,,,,,2016Q4,8.88,1.95,3.11,1.8,3.83,2.13,1.71,1.93,1.01,1.79,2.33,1.33
8411,福貞-KY,12.35,+0.55,+4.66,15.3,,,,,,,,,,,,,,,,,,,,,,,,,2016Q4,18.8,12.3,14.1,11.8,16.6,14.2,17.2,16.1,15.7,11.7,16,18.6
代號,名稱,成交,漲跌 價,漲跌 幅,平均 營收 (億),,,,,,,,,,,,,,,,,,,,,,,,,2016Q4,14Q1 營收 (億),14Q2 營收 (億),14Q3 營收 (億),14Q4 營收 (億),15Q1 營收 (億),15Q2 營收 (億),15Q3 營收 (億),15Q4 營收 (億),16Q1 營收 (億),16Q2 營收 (億),16Q3 營收 (億),16Q4 營收 (億)
8429,金麗-KY,8.56,0,0,13.8,,,,,,,,,,,,,,,,,,,,,,,,,2016Q4,13.4,15.7,13.1,15.1,12.8,15.3,14,15.9,12.7,15.6,9.92,11.8
8443,阿瘦,11.6,+0.05,+0.43,5.66,,,,,,,,,,,,,,,,,,,,,,,,,2016Q4,8.48,6.14,6.36,5.46,5.82,5.37,5.16,5.94,5.08,4.91,4.64,4.57
8488,吉源-KY,11.85,+0.3,+2.6,14.5,,,,,,,,,,,,,,,,,,,,,,,,,2016Q4,,,,47.6,,,8.81,7.2,7.77,6.36,11,12.6
9912,偉聯,11.7,+0.05,+0.43,1.77,,,,,,,,,,,,,,,,,,,,,,,,,2016Q4,1.73,1.78,1.51,1.82,1.64,1.56,1.75,1.86,1.87,1.98,1.85,1.87
9914,美利達,131.5,-1,-0.75,65.2,,,,,,,,,,,,,,,,,,,,,,,,,2016Q4,56.7,67.6,77.3,70.6,62,70.4,85,63.6,54.6,56.2,63.2,55
9919,康那香,15.55,-0.45,-2.81,10.8,,,,,,,,,,,,,,,,,,,,,,,,,2016Q4,11.7,11,10.9,10,10.5,11.6,10.7,12,10.7,9.94,10.5,9.9
9928,中視,15.6,0,0,2.28,,,,,,,,,,,,,,,,,,,,,,,,,2016Q4,2.3,2.36,2.24,3.15,1.56,2.29,2.47,3.2,1.9,1.95,1.8,2.19
9929,秋雨,13.75,+0.4,+3,2.27,,,,,,,,,,,,,,,,,,,,,,,,,2016Q4,3.32,3.22,3.02,2.93,1.92,1.79,2,2.08,1.74,1.51,1.67,1.99
9955,佳龍,29.15,+2.65,+10,6.35,,,,,,,,,,,,,,,,,,,,,,,,,2016Q4,6.62,6.4,6.58,9.23,7.59,6.1,4.47,5.01,5.91,7.27,6.69,4.33
