代號,名稱,成交,漲跌 價,漲跌 幅,平均 毛利 (億),22Q1 毛利 (億),22Q2 毛利 (億),22Q3 毛利 (億),22Q4 毛利 (億),23Q1 毛利 (億),23Q2 毛利 (億),23Q3 毛利 (億),23Q4 毛利 (億),24Q1 毛利 (億),24Q2 毛利 (億),24Q3 毛利 (億),24Q4 毛利 (億),17Q1 毛利 (億),17Q2 毛利 (億),17Q3 毛利 (億),17Q4 毛利 (億),18Q1 毛利 (億),18Q2 毛利 (億),18Q3 毛利 (億),18Q4 毛利 (億),19Q1 毛利 (億),19Q2 毛利 (億),19Q3 毛利 (億),19Q4 毛利 (億),季度,14Q1 毛利 (億),14Q2 毛利 (億),14Q3 毛利 (億),14Q4 毛利 (億),15Q1 毛利 (億),15Q2 毛利 (億),15Q3 毛利 (億),15Q4 毛利 (億),16Q1 毛利 (億),16Q2 毛利 (億),16Q3 毛利 (億),16Q4 毛利 (億)
1235,興泰,100.5,0,0,0.07,-0.01,-0.01,0.28,-0.01,-0.01,0.04,0.03,0.15,0.06,0.09,0.09,0.13,,,,,,,,,,,,,,,,,,,,,,,,,
1236,宏亞,20.75,-0.05,-0.24,1.35,1.49,0.82,1.44,1.94,1.52,0.96,1.51,1.38,1.54,0.72,1.27,1.56,,,,,,,,,,,,,,,,,,,,,,,,,
1301,台塑,35.5,-0.3,-0.84,52.1,175,194,43,13,34.7,9.29,36.6,17.7,18.3,37.4,24.9,20.9,,,,,,,,,,,,,,,,,,,,,,,,,
1304,台聚,10.1,-0.05,-0.49,15.7,31.3,30.3,19.6,28.2,17.5,15.1,14,9.5,5.22,11.1,3.08,3.59,,,,,,,,,,,,,,,,,,,,,,,,,
1305,華夏,11.25,0,0,2.14,7.51,2.49,-5.84,2.62,7,2.74,4.72,2.31,1.73,3.22,-2.6,-0.24,,,,,,,,,,,,,,,,,,,,,,,,,
1308,亞聚,13,-0.2,-1.52,3.76,5.57,8.17,10.4,8.19,3.13,3.94,2.68,1.71,0.08,1,0.07,0.2,,,,,,,,,,,,,,,,,,,,,,,,,
1309,台達化,11.4,-0.1,-0.87,2.56,6.1,5.52,3.59,2.39,1,1.23,0.83,1.29,0.32,2.07,3.42,2.98,,,,,,,,,,,,,,,,,,,,,,,,,
1310,台苯,8.92,-0.04,-0.45,-0.91,1,-0.96,-1.97,-1.34,0.08,-3.39,0.81,-1.61,-0.21,-0.26,-1.54,-1.48,,,,,,,,,,,,,,,,,,,,,,,,,
1312,國喬,10.7,+0.1,+0.94,1.52,5.88,3.77,-1.66,0.72,1.85,-0.46,3.32,-0.24,1.79,1.56,0.7,1.05,,,,,,,,,,,,,,,,,,,,,,,,,
1313,聯成,8.15,-0.04,-0.49,1.98,13.6,-7.54,-4.33,1.66,4.52,2.05,10.9,4.62,-5.31,1.46,-2.64,4.73,,,,,,,,,,,,,,,,,,,,,,,,,
1316,上曜,15.15,-0.7,-4.42,1.01,0.79,1.94,2.24,0.91,0.33,0.35,0.41,0.36,0.68,1.38,0.9,1.84,,,,,,,,,,,,,,,,,,,,,,,,,
1325,恆大,23.7,-0.3,-1.25,0.01,0.11,0.08,0.07,0.18,0.06,-0.02,0,-0.05,0,-0.12,-0.14,-0.12,,,,,,,,,,,,,,,,,,,,,,,,,
1337,再生-KY,5.6,+0.06,+1.08,-0.4,-0.5,-0.65,-0.6,-0.52,-0.46,-0.46,-0.36,-0.25,-0.17,-0.31,-0.36,-0.15,,,,,,,,,,,,,,,,,,,,,,,,,
1338,廣華-KY,23.95,-0.05,-0.21,3.25,4.59,3.1,4.15,3.12,3.11,2.69,3.52,3.42,2.55,2.72,3.16,2.88,,,,,,,,,,,,,,,,,,,,,,,,,
1340,勝悅-KY,7.31,-0.02,-0.27,-0.5,-0.75,-0.7,-0.56,-0.51,-0.43,-0.58,-0.62,-0.48,-0.51,-0.41,-0.22,-0.2,,,,,,,,,,,,,,,,,,,,,,,,,
1413,宏洲,11.6,+0.15,+1.31,0.13,0.75,0.97,0.25,0.11,-0.2,-0.21,-0.27,-0.1,-0.03,-0.03,0.16,0.14,,,,,,,,,,,,,,,,,,,,,,,,,
1417,嘉裕,7.81,+0.05,+0.64,0.89,1.6,0.98,1.35,0.31,1.54,1.25,0.74,1.49,0.92,0.69,0.22,-0.46,,,,,,,,,,,,,,,,,,,,,,,,,
1432,大魯閣,16.25,+0.1,+0.62,1.25,1.07,0.66,1.61,0.86,1.32,1.38,1.74,1.31,1.37,1.25,1.28,1.14,,,,,,,,,,,,,,,,,,,,,,,,,
代號,名稱,成交,漲跌 價,漲跌 幅,平均 毛利 (億),22Q1 毛利 (億),22Q2 毛利 (億),22Q3 毛利 (億),22Q4 毛利 (億),23Q1 毛利 (億),23Q2 毛利 (億),23Q3 毛利 (億),23Q4 毛利 (億),24Q1 毛利 (億),24Q2 毛利 (億),24Q3 毛利 (億),24Q4 毛利 (億),,,,,,,,,,,,,,,,,,,,,,,,,
1435,中福,31.5,0,0,0.02,0.03,0.03,0.03,0.03,0.02,0.02,0.02,0.02,0.02,0.03,0.02,0.01,,,,,,,,,,,,,,,,,,,,,,,,,
1438,三地開發,41.8,+2.3,+5.82,0.42,0,4.31,0,0.17,0.5,0,0.06,0.05,0,0,0,0,,,,,,,,,,,,,,,,,,,,,,,,,
1440,南紡,11.7,-0.15,-1.27,3.24,11.9,9.52,4.16,-1.47,-0.69,1.63,1.97,3.09,2.69,3.35,1.66,1.07,,,,,,,,,,,,,,,,,,,,,,,,,
1445,大宇,14.2,0,0,0.24,0.29,-0.19,0.43,0.66,0.65,0.57,0.46,0.18,0.19,0.4,0.15,-0.88,,,,,,,,,,,,,,,,,,,,,,,,,
1460,宏遠,6.8,-0.07,-1.02,2.46,4.94,3.92,4.28,3.78,4.02,1.89,-1.05,-1.81,2.75,1.31,2.16,3.3,,,,,,,,,,,,,,,,,,,,,,,,,
1512,瑞利,6.23,0,0,0.45,-0.02,-0.03,0.07,0.45,0.83,0.5,0.47,0.56,0.72,0.64,0.59,0.57,,,,,,,,,,,,,,,,,,,,,,,,,
1516,川飛,14.15,-0.35,-2.41,0.12,0.26,0.1,0.22,0.17,0.19,0.02,0.1,0.1,0.15,0.14,0.03,0.01,,,,,,,,,,,,,,,,,,,,,,,,,
1517,利奇,11.05,0,0,0.95,2.48,2.7,3.28,1.59,0.72,0.02,-0.1,-0.13,-0.11,0.16,0.26,0.49,,,,,,,,,,,,,,,,,,,,,,,,,
1526,日馳,18.6,-0.05,-0.27,1,1.51,2.46,2.12,1.48,1.14,0.71,0.68,0.34,0.48,0.58,0.13,0.33,,,,,,,,,,,,,,,,,,,,,,,,,
1528,恩德,12.15,-0.05,-0.41,2.52,2.28,3.16,2.46,3.31,2.69,2.41,2.48,2.13,1.53,2.61,2.29,2.85,,,,,,,,,,,,,,,,,,,,,,,,,
1529,樂事綠能,21.95,+0.1,+0.46,0.34,0.16,0.43,0.34,0.27,0.37,0.21,0.6,0.4,0.23,0.51,0.39,0.17,,,,,,,,,,,,,,,,,,,,,,,,,
1533,車王電,29.6,-0.25,-0.84,2.07,2.12,2.22,2.37,2.05,1.61,1.77,2.06,2.24,1.16,1.58,1.82,3.84,,,,,,,,,,,,,,,,,,,,,,,,,
1538,正峰,26,-0.55,-2.07,0.06,0.12,0.08,0.14,0.08,0.08,0.1,0.02,-0.02,0.01,0.02,0,0.06,,,,,,,,,,,,,,,,,,,,,,,,,
1587,吉茂,26.95,-0.35,-1.28,1.24,1.42,1.62,1.52,1.33,1.1,1.14,1.16,1.04,0.95,1.22,1.25,1.11,,,,,,,,,,,,,,,,,,,,,,,,,
1589,永冠-KY,27.85,-0.1,-0.36,2.07,1.96,3.07,3.49,4.93,4.24,4.54,2.66,0.55,-1.47,-0.51,0.28,1.17,,,,,,,,,,,,,,,,,,,,,,,,,
1626,艾美特-KY,11.85,-0.05,-0.42,4.08,2.53,7.02,2.52,2.38,3.24,8.56,2.63,3.85,2.85,7.3,2.63,3.46,,,,,,,,,,,,,,,,,,,,,,,,,
1710,東聯,12.9,-0.2,-1.53,1.15,1.78,-0.54,-1.52,-0.27,1.37,1.14,-0.02,0.88,2.26,3.33,4.06,1.3,,,,,,,,,,,,,,,,,,,,,,,,,
1721,三晃,11.45,+0.05,+0.44,0.17,0.75,1.04,0.44,0.33,-0.03,-0.56,-0.41,0.38,-0.28,0.06,0.37,-0.09,,,,,,,,,,,,,,,,,,,,,,,,,
代號,名稱,成交,漲跌 價,漲跌 幅,平均 毛利 (億),22Q1 毛利 (億),22Q2 毛利 (億),22Q3 毛利 (億),22Q4 毛利 (億),23Q1 毛利 (億),23Q2 毛利 (億),23Q3 毛利 (億),23Q4 毛利 (億),24Q1 毛利 (億),24Q2 毛利 (億),24Q3 毛利 (億),24Q4 毛利 (億),,,,,,,,,,,,,,,,,,,,,,,,,
1802,台玻,14,+0.1,+0.72,10.6,23.6,17.8,3.28,0.4,-0.69,12.6,16.1,17.7,10.5,10.3,3.45,12.5,,,,,,,,,,,,,,,,,,,,,,,,,
1903,士紙,45.5,+0.4,+0.89,0.21,0.23,0.17,0.26,0.11,0.19,0.22,0.22,0.22,0.25,0.22,0.22,0.23,,,,,,,,,,,,,,,,,,,,,,,,,
1905,華紙,13.05,-0.2,-1.51,4.32,4.54,8.22,7.34,5.42,3.26,0.83,1.32,5.48,5.38,2.65,5.05,2.37,,,,,,,,,,,,,,,,,,,,,,,,,
1909,榮成,9.01,-0.16,-1.74,11.3,11.9,15,8.59,8.38,6.97,10.3,12.5,15.8,11.5,14.1,10.6,10.5,,,,,,,,,,,,,,,,,,,,,,,,,
2007,燁興,8.3,-0.06,-0.72,-0.88,1.15,0.79,-1.17,-1.44,-0.25,-1.7,-1.02,-1.7,-1.14,-1.52,-1.01,-1.6,,,,,,,,,,,,,,,,,,,,,,,,,
2014,中鴻,16.5,-0.2,-1.2,-1.13,6.25,10.8,-19.3,-8.95,6.23,-1.15,-1.81,1.85,1.83,-2.12,-7.18,0.01,,,,,,,,,,,,,,,,,,,,,,,,,
2022,聚亨,8.1,-0.07,-0.86,2.06,2.22,1.75,1.12,1.1,2.88,2.35,2.59,4.06,2.43,1.81,0.05,2.34,,,,,,,,,,,,,,,,,,,,,,,,,
2023,燁輝,15.55,0,0,18.1,29.9,26.9,18.4,16.1,15.7,16.7,18.4,16.2,20.5,16.6,9.84,12.1,,,,,,,,,,,,,,,,,,,,,,,,,
2025,千興,13.35,-0.1,-0.74,-0.39,0.19,0.06,-0.55,-0.8,-0.09,-0.29,-0.51,-0.67,-0.46,-0.14,-0.82,-0.62,,,,,,,,,,,,,,,,,,,,,,,,,
2034,允強,20.1,-0.2,-0.99,4.17,7.71,8.66,5.05,0.35,2.9,3.88,4.1,0.12,4.45,4.55,4.71,3.6,,,,,,,,,,,,,,,,,,,,,,,,,
2102,泰豐,16.95,-0.05,-0.29,-0.26,-0.17,0.07,0.4,-0.61,-0.59,-0.9,-0.68,-0.8,0.01,0.06,0.07,0.03,,,,,,,,,,,,,,,,,,,,,,,,,
2104,國際中橡,10.55,-0.1,-0.94,4.7,7.49,6.54,11.8,6.88,6.18,0.66,3.9,3.92,2.96,1.58,5.08,-0.62,,,,,,,,,,,,,,,,,,,,,,,,,
2208,台船,17.15,-0.55,-3.11,-7.14,-1.17,-8.12,-13.4,-8.27,-14.4,-3.52,-1.06,-5.11,-3.78,-4.42,-9.01,-13.4,,,,,,,,,,,,,,,,,,,,,,,,,
2241,艾姆勒,24.2,-0.1,-0.41,-0.01,0.19,0.1,-0.38,0,-0.13,-0.07,0.06,0.08,0.11,0.04,0.06,-0.18,,,,,,,,,,,,,,,,,,,,,,,,,
2254,巨鎧精密-創,67.4,-1.1,-1.61,0.55,0.94,1.52,0.38,0.5,0.49,0.24,0.56,0.28,0.14,0.61,0.53,0.38,,,,,,,,,,,,,,,,,,,,,,,,,
2258,鴻華先進-創,40.5,-0.9,-2.17,1.67,,0.03,0.22,0.45,0.12,0.74,0.1,0.61,1.2,6.74,4.51,3.65,,,,,,,,,,,,,,,,,,,,,,,,,
2314,台揚,12,+0.1,+0.84,0.77,1.1,1.45,1.7,2.05,2.07,1.41,0.63,0.23,0.32,0.05,-0.85,-0.91,,,,,,,,,,,,,,,,,,,,,,,,,
2321,東訊,13.65,-0.3,-2.15,0.55,0.64,0.59,0.65,0.72,0.51,0.46,0.52,0.6,0.43,0.49,0.44,0.54,,,,,,,,,,,,,,,,,,,,,,,,,
代號,名稱,成交,漲跌 價,漲跌 幅,平均 毛利 (億),22Q1 毛利 (億),22Q2 毛利 (億),22Q3 毛利 (億),22Q4 毛利 (億),23Q1 毛利 (億),23Q2 毛利 (億),23Q3 毛利 (億),23Q4 毛利 (億),24Q1 毛利 (億),24Q2 毛利 (億),24Q3 毛利 (億),24Q4 毛利 (億),,,,,,,,,,,,,,,,,,,,,,,,,
2323,中環,7.77,-0.06,-0.77,3.97,3.67,3.57,4.38,3.03,3.5,4.07,4.43,4.6,4.11,3.94,4.04,4.27,,,,,,,,,,,,,,,,,,,,,,,,,
2331,精英,15.4,+0.2,+1.32,6.94,5.92,10.2,9.07,7.19,5.17,12,7.73,6.81,5.23,5.85,5.36,2.77,,,,,,,,,,,,,,,,,,,,,,,,,
2337,旺宏,19.15,-0.05,-0.26,26.7,56,54.6,50.7,31,17.9,21,17.6,11.1,11.4,19.4,22.4,7.77,,,,,,,,,,,,,,,,,,,,,,,,,
2338,光罩,31.15,+0.3,+0.97,4.46,4.03,6.18,5.42,5.36,4.27,4.72,5,4.38,3.3,3.8,3.58,3.54,,,,,,,,,,,,,,,,,,,,,,,,,
2340,台亞,20.75,+0.25,+1.22,2.21,3.74,3.93,2.89,1.58,1.57,2.4,3.01,2.33,1.61,1.97,1.14,0.34,,,,,,,,,,,,,,,,,,,,,,,,,
2369,菱生,13.45,-0.05,-0.37,0.66,2.85,2.18,0.32,-0.15,0.06,0.86,0.85,0.82,0.31,0.15,-0.12,-0.26,,,,,,,,,,,,,,,,,,,,,,,,,
2380,虹光,3.89,+0.34,+9.58,1.21,1.61,1.47,2.41,1.9,0.73,1.04,1.01,1.11,1.91,1.24,-0.38,0.45,,,,,,,,,,,,,,,,,,,,,,,,,
2390,云辰,10.25,-0.05,-0.49,0.38,0.29,0.28,0.27,0.4,0.39,0.42,0.38,0.44,0.36,0.43,0.39,0.52,,,,,,,,,,,,,,,,,,,,,,,,,
2406,國碩,11,0,0,0.85,1.76,2.53,1.79,0.55,-0.23,-0.26,0.37,-0.04,1.17,1.67,1.05,-0.17,,,,,,,,,,,,,,,,,,,,,,,,,
2408,南亞科,32.1,-0.65,-1.98,13.7,87.5,79.6,36,10.4,-5.54,-7.88,-19.5,-11.9,-2.77,2.87,2.64,-6.95,,,,,,,,,,,,,,,,,,,,,,,,,
2409,友達,12.3,-0.1,-0.81,25.3,117,17.2,-72.6,-45.9,-48.6,19.9,53.4,21.3,19.6,83.5,84.5,54.5,,,,,,,,,,,,,,,,,,,,,,,,,
2413,環科,18.25,0,0,1.6,1.13,2.19,2.32,2.75,1.56,1.69,2.06,1.54,1.11,0.61,0.74,1.47,,,,,,,,,,,,,,,,,,,,,,,,,
2424,隴華,59.8,0,0,-0.14,-0.18,-0.26,-0.22,-0.09,-0.14,-0.14,-0.22,-0.12,-0.21,-0.25,-0.18,0.29,,,,,,,,,,,,,,,,,,,,,,,,,
2429,銘旺科,44.2,-0.55,-1.23,0.07,0.23,0.13,0.14,0.08,0.07,0.16,0.09,-0.08,-0.01,0,0.04,0.04,,,,,,,,,,,,,,,,,,,,,,,,,
2431,聯昌,11.05,-0.15,-1.34,0.02,0.16,0.18,0.15,0.06,-0.01,-0.05,0.03,-0.21,-0.04,-0.01,-0.04,-0.03,,,,,,,,,,,,,,,,,,,,,,,,,
2438,翔耀,29.5,+0.5,+1.72,0.06,0.17,0.11,-0.03,-0.04,0,0.02,-0.07,-0.1,-0.04,0.08,0.11,0.51,,,,,,,,,,,,,,,,,,,,,,,,,
2440,太空梭,15.8,+0.65,+4.29,0.34,0.48,0.38,0.49,0.52,0.16,0.13,0.13,0.27,0.27,0.38,0.36,0.45,,,,,,,,,,,,,,,,,,,,,,,,,
2444,兆勁,12.1,-0.15,-1.22,0.57,0.73,0.49,0.8,1.17,0.5,0.2,0.54,0.69,0.4,0.25,0.5,0.55,,,,,,,,,,,,,,,,,,,,,,,,,
代號,名稱,成交,漲跌 價,漲跌 幅,平均 毛利 (億),22Q1 毛利 (億),22Q2 毛利 (億),22Q3 毛利 (億),22Q4 毛利 (億),23Q1 毛利 (億),23Q2 毛利 (億),23Q3 毛利 (億),23Q4 毛利 (億),24Q1 毛利 (億),24Q2 毛利 (億),24Q3 毛利 (億),24Q4 毛利 (億),,,,,,,,,,,,,,,,,,,,,,,,,
2460,建通,16.45,-0.35,-2.08,0.3,0.92,0.41,-0.42,0.11,0.22,0.04,0.14,0.36,0.16,1.12,0.58,0.01,,,,,,,,,,,,,,,,,,,,,,,,,
2465,麗臺,47.6,0,0,1.34,1.86,0.82,2.53,0.86,0.71,0.91,1.44,3.21,0.95,0.64,0.71,1.38,,,,,,,,,,,,,,,,,,,,,,,,,
2466,冠西電,108.5,+4,+3.83,0.53,0.73,1.22,0.98,0.45,0.48,0.61,0.72,-0.24,0.01,0.52,0.71,0.14,,,,,,,,,,,,,,,,,,,,,,,,,
2485,兆赫,11.5,-0.05,-0.43,0.65,-0.02,1.14,1.47,2.37,0.71,1.32,2.2,1.57,0.1,0.01,-1.6,-1.48,,,,,,,,,,,,,,,,,,,,,,,,,
2491,吉祥全,11.1,+0.05,+0.45,-0.21,-1.12,-2.53,-1.13,0.94,0.03,0.11,0.16,0.21,0.11,0.13,0.12,0.4,,,,,,,,,,,,,,,,,,,,,,,,,
2498,宏達電,36.9,-0.15,-0.4,4.01,4.17,3.95,4.25,4.92,3.98,4.73,4.55,4.98,2.46,3.15,3.16,3.77,,,,,,,,,,,,,,,,,,,,,,,,,
2547,日勝生,12.65,+0.25,+2.02,7.46,6.67,7.11,6.83,8.49,6.41,6.9,7.47,9.46,6.38,6.51,6.91,10.4,,,,,,,,,,,,,,,,,,,,,,,,,
2601,益航,6.48,-0.09,-1.37,9.18,12.4,10.3,10.4,10.1,10.3,8.6,8.03,9.11,8.41,7.69,7.08,7.74,,,,,,,,,,,,,,,,,,,,,,,,,
2616,山隆,16.15,-0.45,-2.71,2.84,4.06,3.97,3.25,2.93,3.28,2.87,3.21,2.83,2.83,2.59,1.22,1.03,,,,,,,,,,,,,,,,,,,,,,,,,
2642,宅配通,28,-0.4,-1.41,1.34,1.62,1.88,1.61,1.62,1.17,1.4,1.53,1.45,1.31,0.99,0.89,0.65,,,,,,,,,,,,,,,,,,,,,,,,,
2712,遠雄來,18.4,0,0,0.27,0.28,-0.12,0.92,0.48,0.5,0.38,0.79,0.31,0.23,-0.47,-0.06,0.05,,,,,,,,,,,,,,,,,,,,,,,,,
2722,夏都,27.5,-0.5,-1.79,0.84,0.74,0.7,2.04,0.87,0.79,0.95,1.27,0.46,0.48,0.68,0.86,0.25,,,,,,,,,,,,,,,,,,,,,,,,,
2911,麗嬰房,5.08,-0.07,-1.36,3.13,4.08,2.61,3.3,3.76,3.36,2.7,2.86,3.47,3.17,2.71,2.15,3.44,,,,,,,,,,,,,,,,,,,,,,,,,
2913,農林,15.45,+0.05,+0.32,0.39,0.42,0.38,0.47,0.38,0.28,0.35,0.39,0.36,0.34,0.35,0.42,0.51,,,,,,,,,,,,,,,,,,,,,,,,,
2939,永邑-KY,28.85,+1.7,+6.26,0.27,0.48,0.4,0.17,0.86,0.24,0.23,0.23,0.24,0.15,0.13,-0.05,0.14,,,,,,,,,,,,,,,,,,,,,,,,,
3011,今皓,12.6,-0.15,-1.18,0.35,0.49,0.43,0.5,0.49,0.3,0.49,0.52,0.13,0.44,0.14,0.18,0.05,,,,,,,,,,,,,,,,,,,,,,,,,
3018,隆銘綠能,21.85,+0.4,+1.86,-0.02,0.5,0.35,-2.04,0.04,0.37,-0.37,0,0.24,-0.02,0.22,0.8,-0.29,,,,,,,,,,,,,,,,,,,,,,,,,
3041,揚智,23.55,-0.15,-0.63,1.5,2.77,3,2.61,1.98,1.03,0.72,0.34,0.96,0.97,1.53,1,1.08,,,,,,,,,,,,,,,,,,,,,,,,,
代號,名稱,成交,漲跌 價,漲跌 幅,平均 毛利 (億),22Q1 毛利 (億),22Q2 毛利 (億),22Q3 毛利 (億),22Q4 毛利 (億),23Q1 毛利 (億),23Q2 毛利 (億),23Q3 毛利 (億),23Q4 毛利 (億),24Q1 毛利 (億),24Q2 毛利 (億),24Q3 毛利 (億),24Q4 毛利 (億),,,,,,,,,,,,,,,,,,,,,,,,,
3048,益登,23.8,0,0,9.07,9.54,10.1,10.3,9.71,8.22,7.25,8.69,9.07,8.07,8.31,9.49,10.1,,,,,,,,,,,,,,,,,,,,,,,,,
3049,精金,6.88,-0.08,-1.15,-1.13,1.3,0.74,-0.47,-0.24,-1.49,-1.22,-2.54,-2.94,-2.3,-2.02,-1.71,-0.62,,,,,,,,,,,,,,,,,,,,,,,,,
3054,立萬利,22.8,+0.8,+3.64,0.04,0.03,0.03,0.03,0.02,0.03,0.06,0.03,0.03,0.08,0.03,0.04,0.05,,,,,,,,,,,,,,,,,,,,,,,,,
3055,蔚華科,48.05,-0.35,-0.72,0.46,0.64,0.62,0.47,-0.01,0.25,0.73,0.69,0.71,0.47,0.46,0.3,0.14,,,,,,,,,,,,,,,,,,,,,,,,,
3057,喬鼎,8.18,-0.09,-1.09,0.6,0.9,0.98,0.75,0.59,0.61,0.49,0.54,0.39,0.56,0.44,0.45,0.53,,,,,,,,,,,,,,,,,,,,,,,,,
3058,立德,10.25,-0.15,-1.44,1.25,0.72,1.09,1.58,1.62,1.22,1.34,1.46,1.46,1.13,1.49,0.96,0.9,,,,,,,,,,,,,,,,,,,,,,,,,
3092,鴻碩,19.25,-0.5,-2.53,0.94,1.41,1.83,1.67,0.88,0.5,0.93,1,0.71,0.5,0.44,0.72,0.66,,,,,,,,,,,,,,,,,,,,,,,,,
3149,正達,29.8,-0.35,-1.16,-0.03,-0.16,-0.52,-0.49,-0.05,0.05,0.21,0.13,0.23,0.2,0.4,0.23,-0.59,,,,,,,,,,,,,,,,,,,,,,,,,
3321,同泰,7.08,+0.36,+5.36,0.03,0.45,0.64,-0.48,-0.58,-0.31,0.15,0.14,-0.1,0.14,0.26,-0.1,0.14,,,,,,,,,,,,,,,,,,,,,,,,,
3419,譁裕,14.55,+0.15,+1.04,0.71,0.45,0.82,1.22,1.31,0.63,0.56,0.48,0.54,0.52,0.79,0.66,0.58,,,,,,,,,,,,,,,,,,,,,,,,,
3432,台端,13.8,+0.65,+4.94,0.01,0.01,0.01,0.02,0,0.02,0.02,0.01,0.01,0.02,0.01,0.02,0.02,,,,,,,,,,,,,,,,,,,,,,,,,
3437,榮創,15.15,-0.15,-0.98,0.88,1.71,0.68,-0.02,0.69,0.53,1.09,1.36,0.85,0.85,1.06,1.09,0.63,,,,,,,,,,,,,,,,,,,,,,,,,
3494,誠研,14.55,0,0,0.14,-0.13,-0.03,0.5,-0.46,0.35,0.11,0.16,-0.22,0.13,0.49,0.45,0.35,,,,,,,,,,,,,,,,,,,,,,,,,
3504,揚明光,44.35,+0.35,+0.8,1.19,2.2,2.53,2.34,1.03,0.67,0.89,0.7,0.9,0.31,0.56,1.06,1.08,,,,,,,,,,,,,,,,,,,,,,,,,
3518,柏騰,17.75,0,0,0.23,0.58,0.36,0.12,0.08,0.28,0.29,0.27,0.24,0.19,0.18,0.12,0.07,,,,,,,,,,,,,,,,,,,,,,,,,
3530,晶相光,55.4,-0.7,-1.25,0.48,2.1,1.82,0.72,0.31,-1.28,0.22,0.62,0.01,0.21,0.43,2,-1.39,,,,,,,,,,,,,,,,,,,,,,,,,
3543,州巧,17.4,+0.3,+1.75,1.16,0.64,0.73,1.09,1.24,1.17,1.5,1.75,1.31,1.12,1.14,0.96,1.22,,,,,,,,,,,,,,,,,,,,,,,,,
3550,聯穎,12.6,-0.05,-0.4,1.17,1.63,1.82,1.23,1.5,1.28,1.31,0.85,0.2,1.02,1.42,0.72,1.06,,,,,,,,,,,,,,,,,,,,,,,,,
代號,名稱,成交,漲跌 價,漲跌 幅,平均 毛利 (億),22Q1 毛利 (億),22Q2 毛利 (億),22Q3 毛利 (億),22Q4 毛利 (億),23Q1 毛利 (億),23Q2 毛利 (億),23Q3 毛利 (億),23Q4 毛利 (億),24Q1 毛利 (億),24Q2 毛利 (億),24Q3 毛利 (億),24Q4 毛利 (億),,,,,,,,,,,,,,,,,,,,,,,,,
3576,聯合再生,8.2,+0.1,+1.23,0.84,7.52,4.06,4.73,5.11,3.54,0.19,-8.7,-12.7,-0.68,0.72,0.19,6.15,,,,,,,,,,,,,,,,,,,,,,,,,
3593,力銘,9.85,-0.15,-1.5,0.06,-0.07,-0.06,0.26,0.32,0.11,0.07,0.28,0.28,-0.01,-0.03,-0.3,-0.18,,,,,,,,,,,,,,,,,,,,,,,,,
3686,達能,14.1,-0.4,-2.76,0,-0.02,0,-0.01,0.02,0,0,0,0,0,0,0,0,,,,,,,,,,,,,,,,,,,,,,,,,
3714,富采,35.15,+0.2,+0.57,7.89,18.6,17.7,8.78,4.68,-0.99,2.79,5.36,4.52,6.84,10.1,11,5.16,,,,,,,,,,,,,,,,,,,,,,,,,
4108,懷特,13.15,0,0,0.16,0.17,0.13,0.13,0.14,0.13,0.16,0.19,0.19,0.09,0.21,0.16,0.18,,,,,,,,,,,,,,,,,,,,,,,,,
4142,國光生,18.55,-0.15,-0.8,1.46,-1.14,2.11,5.56,2.39,-0.6,-0.95,4.85,0.81,-0.7,-0.35,4.4,1.13,,,,,,,,,,,,,,,,,,,,,,,,,
4190,佐登-KY,34.5,+0.4,+1.17,4.42,4.52,4.44,4.44,5.51,5.35,5.73,4.47,4.58,3.5,3.55,3.48,3.49,,,,,,,,,,,,,,,,,,,,,,,,,
4426,利勤,11.2,-0.2,-1.75,0.27,-0.53,0.11,0.47,1.2,0.91,0.27,0.68,0.46,0.23,-0.15,-0.24,-0.19,,,,,,,,,,,,,,,,,,,,,,,,,
4526,東台,21.5,-1,-4.44,3.23,3.24,4.95,5.05,4.99,3.92,4.29,4.2,3.13,2.01,1.97,1.48,-0.46,,,,,,,,,,,,,,,,,,,,,,,,,
4540,全球傳動,36.6,-0.05,-0.14,1.03,2.48,2.52,2.43,1.95,1.73,1.5,1.24,-0.29,-1.25,0.05,-0.1,0.04,,,,,,,,,,,,,,,,,,,,,,,,,
4555,氣立,34.75,+0.35,+1.02,1.15,1.63,1.7,1.61,1.25,1.07,1.09,0.77,0.79,0.87,1.04,0.89,1.09,,,,,,,,,,,,,,,,,,,,,,,,,
4562,穎漢,40.9,+0.55,+1.36,0.64,0.49,0.42,0.67,0.78,0.72,0.5,0.73,0.58,0.48,0.69,0.76,0.84,,,,,,,,,,,,,,,,,,,,,,,,,
4564,元翎,19.4,+0.65,+3.47,-0.04,1.33,0.49,0.26,0.35,-0.2,-0.23,-0.22,-0.36,-0.68,-0.65,-0.45,-0.15,,,,,,,,,,,,,,,,,,,,,,,,,
4737,華廣,55,+5,+10,2.07,2.08,2.53,2.39,3.04,1.73,1.71,1.6,2.11,2.02,2.05,1.78,1.83,,,,,,,,,,,,,,,,,,,,,,,,,
4764,雙鍵,39,-0.2,-0.51,0.87,1.26,1.03,0.81,1.04,0.6,0.53,0.79,0.64,0.57,0.99,0.74,1.38,,,,,,,,,,,,,,,,,,,,,,,,,
4807,日成-KY,17.7,+1.6,+9.94,0.5,0.55,0.41,1.5,0.76,-0.25,-0.2,0.36,0.52,0.35,0.42,0.72,0.83,,,,,,,,,,,,,,,,,,,,,,,,,
4927,泰鼎-KY,22.5,-0.65,-2.81,3.47,8.55,8.96,5.38,5.4,3.9,2.7,2.69,0.99,1.89,1.16,0.13,-0.14,,,,,,,,,,,,,,,,,,,,,,,,,
4934,太極,9.9,0,0,0.23,-0.25,0.4,0.75,0.7,0.91,1.02,1.47,-0.88,-0.52,-0.02,-0.34,-0.51,,,,,,,,,,,,,,,,,,,,,,,,,
代號,名稱,成交,漲跌 價,漲跌 幅,平均 毛利 (億),22Q1 毛利 (億),22Q2 毛利 (億),22Q3 毛利 (億),22Q4 毛利 (億),23Q1 毛利 (億),23Q2 毛利 (億),23Q3 毛利 (億),23Q4 毛利 (億),24Q1 毛利 (億),24Q2 毛利 (億),24Q3 毛利 (億),24Q4 毛利 (億),,,,,,,,,,,,,,,,,,,,,,,,,
4943,康控-KY,12,0,0,-0.59,-1.19,-1.59,-1.06,-2.38,-0.2,-0.43,0.24,0.11,-0.11,-0.21,-0.25,0.02,,,,,,,,,,,,,,,,,,,,,,,,,
4949,有成精密,38.5,-0.8,-2.04,2.92,,7.13,4.4,4.24,3.18,3.2,1.98,1.87,0.93,1.14,1.8,2.21,,,,,,,,,,,,,,,,,,,,,,,,,
4956,光鋐,21.35,+0.75,+3.64,0.23,0.73,0.45,0.17,-0.27,0.14,0.1,0.03,-0.09,0.1,0.54,0.51,0.31,,,,,,,,,,,,,,,,,,,,,,,,,
4960,誠美材,12.25,-0.15,-1.21,1.32,2.74,3.44,0.89,0.7,-0.13,1.35,1.52,0.91,1.12,1.26,1.63,0.43,,,,,,,,,,,,,,,,,,,,,,,,,
4976,佳凌,25.8,+0.3,+1.18,-0.16,-0.12,-0.06,0.05,-0.67,-0.11,-0.37,-0.3,-0.51,0.03,0.22,0.3,-0.37,,,,,,,,,,,,,,,,,,,,,,,,,
4989,榮科,14.6,-0.05,-0.34,-0.01,1.76,1.04,-0.26,0.31,0.42,-0.25,-0.33,-0.25,-0.27,0.07,-1.09,-1.24,,,,,,,,,,,,,,,,,,,,,,,,,
5484,慧友,37.55,0,0,0.26,0.16,0.18,0.27,0.35,0.28,0.1,0.21,0.2,0.28,0.41,0.31,0.33,,,,,,,,,,,,,,,,,,,,,,,,,
5531,鄉林,9.71,-0.11,-1.12,2.14,0.08,0.86,1.45,1.16,6.08,1.21,1.92,0.75,0.17,0.47,4.7,6.88,,,,,,,,,,,,,,,,,,,,,,,,,
5546,永固-KY,28,+0.15,+0.54,1,1.46,1.29,0.9,0.85,0.49,0.89,1,1.12,0.88,1.17,0.78,1.12,,,,,,,,,,,,,,,,,,,,,,,,,
5608,四維航,16.3,-0.1,-0.61,3.02,7.86,10.6,9.63,3.63,-0.38,0.63,0.43,0.69,-0.1,0.67,1.35,1.2,,,,,,,,,,,,,,,,,,,,,,,,,
5907,大洋-KY,8.64,-0.34,-3.79,7.77,10,8.17,8.08,7.64,8.57,7.49,7.21,8.52,7.59,6.65,6.18,7.08,,,,,,,,,,,,,,,,,,,,,,,,,
6112,邁達特,43.5,-0.55,-1.25,6.16,3.83,4.23,4.73,9.46,6.63,6.72,7.96,6.49,6.2,5.13,6.59,5.92,,,,,,,,,,,,,,,,,,,,,,,,,
6116,彩晶,6.98,0,0,-4.78,7.48,4.84,-1.18,-7.11,-4.54,-5.01,-6.18,-9.71,-6.34,-12.3,-8.54,-8.78,,,,,,,,,,,,,,,,,,,,,,,,,
6141,柏承,9.4,-0.05,-0.53,-0.02,1.35,1.83,1.19,-0.11,-0.46,0.11,0.02,-1.03,-1.8,-0.83,-0.32,-0.2,,,,,,,,,,,,,,,,,,,,,,,,,
6142,友勁,8.62,+0.04,+0.47,0.4,0.15,0.3,0.99,1.47,1.16,0.69,0.09,-0.21,-0.18,-0.14,0.18,0.34,,,,,,,,,,,,,,,,,,,,,,,,,
6152,百一,9.01,-0.06,-0.66,1.15,0.78,1.23,1.91,2,0.89,1.17,0.92,1.11,0.33,1.7,1.11,0.61,,,,,,,,,,,,,,,,,,,,,,,,,
6153,嘉聯益,11.4,+0.25,+2.24,-0.07,1.86,0.52,10.8,4.11,-5.2,-2.76,-0.8,-0.68,-3.31,-1.26,-1.59,-2.56,,,,,,,,,,,,,,,,,,,,,,,,,
6168,宏齊,15.9,0,0,1.49,2,2.18,1.64,1.69,1.31,1.26,1.32,1.47,1.26,1.09,1.48,1.14,,,,,,,,,,,,,,,,,,,,,,,,,
代號,名稱,成交,漲跌 價,漲跌 幅,平均 毛利 (億),22Q1 毛利 (億),22Q2 毛利 (億),22Q3 毛利 (億),22Q4 毛利 (億),23Q1 毛利 (億),23Q2 毛利 (億),23Q3 毛利 (億),23Q4 毛利 (億),24Q1 毛利 (億),24Q2 毛利 (億),24Q3 毛利 (億),24Q4 毛利 (億),,,,,,,,,,,,,,,,,,,,,,,,,
6202,盛群,38.75,+0.2,+0.52,4.47,9.87,8.8,6.61,5.16,3.97,3.89,3.27,1.96,1.98,2.81,2.58,2.7,,,,,,,,,,,,,,,,,,,,,,,,,
6209,今國光,23.5,-0.45,-1.88,0.59,0.84,0.7,0.66,0.95,0.63,0.95,0.41,-0.04,0.43,0.53,0.51,0.48,,,,,,,,,,,,,,,,,,,,,,,,,
6225,天瀚,12.35,-0.55,-4.26,0.02,0.02,0.01,0.02,0.02,0.02,0.02,0.02,0.04,0.03,0.02,0.03,0.02,,,,,,,,,,,,,,,,,,,,,,,,,
6226,光鼎,7.28,+0.05,+0.69,0.49,0.66,0.71,0.52,0.57,0.43,0.42,0.56,0.41,0.32,0.39,0.41,0.43,,,,,,,,,,,,,,,,,,,,,,,,,
6269,台郡,49.8,-0.6,-1.19,11,15.1,8.12,27.1,17.9,7.78,12.8,14.4,13.6,6.01,6.18,3.34,-0.33,,,,,,,,,,,,,,,,,,,,,,,,,
6282,康舒,26.05,-0.2,-0.76,14.7,9.13,11.4,10.5,11.2,9.11,9.04,21.7,20.3,16.9,19.3,19.2,18.4,,,,,,,,,,,,,,,,,,,,,,,,,
6405,悅城,21.6,-0.55,-2.48,0.03,0.35,0.14,-0.08,0.05,0.04,0.01,-0.08,-0.02,-0.02,-0.01,-0.04,0.01,,,,,,,,,,,,,,,,,,,,,,,,,
6426,統新,59.1,0,0,0.25,0.67,0.75,0.65,0.49,0.06,-0.09,0.13,0.27,-0.01,-0.05,-0.02,0.1,,,,,,,,,,,,,,,,,,,,,,,,,
6431,光麗-KY,18.75,+0.45,+2.46,0.17,0.07,0.11,0.22,0.28,0.12,0.32,0.07,0.16,0.07,0.17,0.2,0.24,,,,,,,,,,,,,,,,,,,,,,,,,
6443,元晶,14.15,0,0,1.9,1.42,1.25,1.23,2.9,2.09,2.48,4.16,4.07,1.34,1.2,1.07,-0.39,,,,,,,,,,,,,,,,,,,,,,,,,
6477,安集,27.9,-0.2,-0.71,0.93,0.63,0.75,1.58,1.78,1.17,1.5,1.03,0.63,0,0.74,0.84,0.46,,,,,,,,,,,,,,,,,,,,,,,,,
6541,泰福-KY,63.5,+0.7,+1.11,0.04,-0.18,0.01,0.01,-0.03,0.41,0.11,0.04,0.04,0.01,0,0.07,0.01,,,,,,,,,,,,,,,,,,,,,,,,,
6550,北極星藥業-KY,40.25,+3.65,+9.97,-0.07,0.01,0,0,0,0,0,0,-0.03,-0.06,-0.04,-0.34,-0.34,,,,,,,,,,,,,,,,,,,,,,,,,
6573,虹揚-KY,11.25,-0.3,-2.6,0.08,0.14,-0.01,0.34,-0.24,0.18,0.13,0.11,0.01,0.07,0.12,0.07,0.09,,,,,,,,,,,,,,,,,,,,,,,,,
6598,ABC-KY,18.85,-0.15,-0.79,0.59,0.23,0.72,0.66,0.73,0.53,0.41,0.71,1.03,0.52,0.61,0.45,0.46,,,,,,,,,,,,,,,,,,,,,,,,,
6645,金萬林-創,21.85,+0.35,+1.63,0.35,,2.13,0.43,-0.02,0.32,0.1,0.2,0.16,0.08,0.11,0.2,0.18,,,,,,,,,,,,,,,,,,,,,,,,,
6657,華安,59.5,0,0,0.01,0.01,0.01,0.01,0.02,0.01,0.01,0.01,0.02,0.01,0.01,0.01,0.02,,,,,,,,,,,,,,,,,,,,,,,,,
6668,中揚光,33.95,+0.25,+0.74,0.19,-0.27,0.45,0.37,0.12,-0.02,-0.18,0.23,0.31,0.31,0.11,0.58,0.24,,,,,,,,,,,,,,,,,,,,,,,,,
代號,名稱,成交,漲跌 價,漲跌 幅,平均 毛利 (億),22Q1 毛利 (億),22Q2 毛利 (億),22Q3 毛利 (億),22Q4 毛利 (億),23Q1 毛利 (億),23Q2 毛利 (億),23Q3 毛利 (億),23Q4 毛利 (億),24Q1 毛利 (億),24Q2 毛利 (億),24Q3 毛利 (億),24Q4 毛利 (億),,,,,,,,,,,,,,,,,,,,,,,,,
6674,鋐寶科技,16.95,+0.1,+0.59,0.52,1.32,1.04,0.84,0.5,0.36,-0.01,0.39,0.09,0.42,0.34,0.38,0.53,,,,,,,,,,,,,,,,,,,,,,,,,
6695,芯鼎,41.6,-0.05,-0.12,1.14,1.18,1.53,1.14,1.03,1.03,1.15,1.26,1.11,0.89,0.87,1.18,1.36,,,,,,,,,,,,,,,,,,,,,,,,,
6698,旭暉應材,27.2,+0.45,+1.68,0.64,0.75,0.92,0.53,1,0.39,0.65,0.36,0.68,0.46,0.44,0.52,1.01,,,,,,,,,,,,,,,,,,,,,,,,,
6706,惠特,66.5,-0.2,-0.3,1.44,6.57,5.11,2.53,1.21,0.7,0.13,0.04,0.14,0.28,-0.09,0.31,0.29,,,,,,,,,,,,,,,,,,,,,,,,,
6770,力積電,14.1,0,0,34.5,105,112,88.9,50,21.4,18.5,9.56,3.41,16.7,5.86,-4.89,-12.4,,,,,,,,,,,,,,,,,,,,,,,,,
6794,向榮生技-創,64.8,+1.5,+2.37,0.05,,0.05,,0.08,0.03,0.07,0.03,0.06,0.01,0.03,0.09,0.08,,,,,,,,,,,,,,,,,,,,,,,,,
6838,台新藥,24.3,+0.15,+0.62,0.13,,0,0,0,0,0.27,0.01,0,1.12,0.04,0.01,0.03,,,,,,,,,,,,,,,,,,,,,,,,,
6885,全福生技,23.3,-0.2,-0.85,0,,,,0.01,,,0,0,,,0,0,,,,,,,,,,,,,,,,,,,,,,,,,
6901,鑽石投資,22.65,+0.6,+2.72,-3.04,29.7,-22.4,13.2,-10.3,0.07,-14.1,-12.6,2.14,-7.74,-0.91,-7.57,-6.08,,,,,,,,,,,,,,,,,,,,,,,,,
6902,GOGOLOOK-創,98,-1.5,-1.51,1.54,0.77,0.83,0.86,1.12,1.67,1.74,1.68,1.97,1.9,1.78,1.9,2.23,,,,,,,,,,,,,,,,,,,,,,,,,
6919,康霈*,616,+4,+0.65,0.07,,0,,0.1,0.02,0.08,0.07,0.11,0.03,0.05,0.16,0.07,,,,,,,,,,,,,,,,,,,,,,,,,
6928,攸泰科技,44.3,-1.1,-2.42,1.7,,3.14,1.26,1.72,1.23,1.67,3.03,2.02,1.4,1.23,0.81,1.21,,,,,,,,,,,,,,,,,,,,,,,,,
6949,沛爾生醫-創,125.5,+0.5,+0.4,-0.06,,,,-0.11,-0.02,-0.1,-0.11,-0.04,-0.03,-0.03,-0.03,-0.04,,,,,,,,,,,,,,,,,,,,,,,,,
6969,成信實業*-創,26.75,-0.75,-2.73,0.22,,,,0.7,,,0.1,0.02,,,0.05,0.22,,,,,,,,,,,,,,,,,,,,,,,,,
8101,華冠,16.1,0,0,0.05,0.05,0.12,-0.05,-0.02,-0.07,-0.11,0.03,0.16,0.06,-0.1,-0.09,0.56,,,,,,,,,,,,,,,,,,,,,,,,,
8110,華東,11.8,-0.05,-0.42,1.23,1.73,2.15,2.74,1.79,0.3,-0.15,-0.44,1.61,1.77,0.96,0.8,1.45,,,,,,,,,,,,,,,,,,,,,,,,,
8201,無敵,11.85,+0.1,+0.85,0.21,0.21,0.25,0.25,0.17,0.19,0.2,0.2,0.19,0.18,0.24,0.22,0.24,,,,,,,,,,,,,,,,,,,,,,,,,
8411,福貞-KY,12.35,+0.55,+4.66,1.97,2.1,1.42,1.58,2.12,1.05,1.98,2.73,2.66,1.89,1.38,2.35,2.43,,,,,,,,,,,,,,,,,,,,,,,,,
代號,名稱,成交,漲跌 價,漲跌 幅,平均 毛利 (億),22Q1 毛利 (億),22Q2 毛利 (億),22Q3 毛利 (億),22Q4 毛利 (億),23Q1 毛利 (億),23Q2 毛利 (億),23Q3 毛利 (億),23Q4 毛利 (億),24Q1 毛利 (億),24Q2 毛利 (億),24Q3 毛利 (億),24Q4 毛利 (億),,,,,,,,,,,,,,,,,,,,,,,,,
8429,金麗-KY,8.56,0,0,-0.02,-0.13,-0.24,-0.11,-0.03,-0.01,0,0.12,-0.02,0.02,0.07,0.06,0.07,,,,,,,,,,,,,,,,,,,,,,,,,
8443,阿瘦,11.6,+0.05,+0.43,1.57,1.72,1.06,1.43,1.57,1.64,1.76,1.76,1.74,1.85,1.33,1.38,1.66,,,,,,,,,,,,,,,,,,,,,,,,,
8488,吉源-KY,11.85,+0.3,+2.6,0.46,0.44,0.02,0.34,0.76,0.38,0.52,0.77,0.68,0.38,0.23,0.48,0.55,,,,,,,,,,,,,,,,,,,,,,,,,
9912,偉聯,11.7,+0.05,+0.43,0.49,0.49,0.5,0.51,0.39,0.5,0.52,0.54,0.45,0.51,0.5,0.51,0.45,,,,,,,,,,,,,,,,,,,,,,,,,
9914,美利達,131.5,-1,-0.75,13.9,11.6,13.5,14.7,17.1,15.9,15.4,13.2,11.8,11.1,18.1,16.5,7.73,,,,,,,,,,,,,,,,,,,,,,,,,
9919,康那香,15.55,-0.45,-2.81,0.63,1.25,0.46,0.98,0.41,0.51,0.41,0.64,-0.29,0.9,0.79,0.76,0.81,,,,,,,,,,,,,,,,,,,,,,,,,
9928,中視,15.6,0,0,0.29,0.19,0.22,0.2,0.57,0.16,0.18,0.2,0.66,0.42,0.31,0.16,0.22,,,,,,,,,,,,,,,,,,,,,,,,,
9929,秋雨,13.75,+0.4,+3,0.19,0.18,0.18,0.21,0.38,0.09,0.12,0.26,0.23,0.12,0.17,0.18,0.21,,,,,,,,,,,,,,,,,,,,,,,,,
9955,佳龍,29.15,+2.65,+10,0.04,0.07,0,-0.06,0.01,0,0.26,0.07,0.07,-0.02,0.04,0.21,-0.21,,,,,,,,,,,,,,,,,,,,,,,,,
1235,興泰,100.5,0,0,0.05,,,,,,,,,,,,,-0.06,-0.01,0.24,-0.13,-0.01,0.01,0.27,0,0,0.01,0.25,0.03,2019Q4,,,,,,,,,,,,
1236,宏亞,20.75,-0.05,-0.24,1.28,,,,,,,,,,,,,0.97,0.64,1.41,2,1.61,0.58,1.19,1.88,1.24,0.62,1.39,1.78,2019Q4,,,,,,,,,,,,
1301,台塑,35.5,-0.3,-0.84,85.7,,,,,,,,,,,,,80.6,83.3,86.3,84.6,93.5,115,84.4,80,81.5,106,77.5,55.9,2019Q4,,,,,,,,,,,,
1304,台聚,10.1,-0.05,-0.49,16.4,,,,,,,,,,,,,20,15.6,17.5,18.2,18.5,18.7,12.1,8.66,15.6,15.8,16.5,19.4,2019Q4,,,,,,,,,,,,
1305,華夏,11.25,0,0,6.21,,,,,,,,,,,,,8.53,6.02,5.71,7.51,9.7,8,5.35,3.97,4.49,3.56,5.24,6.42,2019Q4,,,,,,,,,,,,
1308,亞聚,13,-0.2,-1.52,1.68,,,,,,,,,,,,,2.31,1.67,1.45,1.54,0.78,0.64,0.41,1.02,1.77,2.47,2.45,3.67,2019Q4,,,,,,,,,,,,
1309,台達化,11.4,-0.1,-0.87,3.1,,,,,,,,,,,,,3.34,0.99,5.16,4.85,3.75,4.68,2.05,-0.04,3.93,3.37,1.98,3.17,2019Q4,,,,,,,,,,,,
1310,台苯,8.92,-0.04,-0.45,4.22,,,,,,,,,,,,,5.93,2.05,5.38,3.54,5.46,6.22,6.71,1.38,4.48,4.77,4.21,0.45,2019Q4,,,,,,,,,,,,
1312,國喬,10.7,+0.1,+0.94,8.74,,,,,,,,,,,,,9.58,5.75,11.6,11,11.2,10.5,12.7,6.07,6.91,9.19,6.27,4.01,2019Q4,,,,,,,,,,,,
1313,聯成,8.15,-0.04,-0.49,7.87,,,,,,,,,,,,,8.67,6.17,12.8,11,10.2,10.2,7.28,6.35,3.65,2.74,8.85,6.6,2019Q4,,,,,,,,,,,,
1316,上曜,15.15,-0.7,-4.42,1,,,,,,,,,,,,,0.23,0.23,0.88,4.99,2.49,1.48,0.39,0.1,0.11,0.14,0.14,0.85,2019Q4,,,,,,,,,,,,
1325,恆大,23.7,-0.3,-1.25,0.25,,,,,,,,,,,,,0.36,0.24,0.25,0.32,0.26,0.25,0.24,0.26,0.22,0.23,0.14,0.25,2019Q4,,,,,,,,,,,,
1337,再生-KY,5.6,+0.06,+1.08,-0.29,,,,,,,,,,,,,1.62,2.15,1.99,1.15,-0.43,-0.42,-0.47,-6.45,-0.95,-0.92,-0.61,-0.2,2019Q4,,,,,,,,,,,,
1338,廣華-KY,23.95,-0.05,-0.21,4.99,,,,,,,,,,,,,5,4.92,5.32,5.81,5.02,4.86,4.59,5.28,4.36,4.72,4.72,5.27,2019Q4,,,,,,,,,,,,
1340,勝悅-KY,7.31,-0.02,-0.27,1.09,,,,,,,,,,,,,1.41,3.41,3.77,3.12,1.4,1.43,0.74,-0.07,-0.18,-0.43,-0.72,-0.81,2019Q4,,,,,,,,,,,,
1413,宏洲,11.6,+0.15,+1.31,0.52,,,,,,,,,,,,,0.13,0.48,0.57,0.72,0.76,0.77,0.66,0.65,0.54,0.59,0.27,0.06,2019Q4,,,,,,,,,,,,
1417,嘉裕,7.81,+0.05,+0.64,0.72,,,,,,,,,,,,,0.9,0.84,0.46,0.65,0.62,0.56,0.46,0.83,0.83,0.9,0.89,0.67,2019Q4,,,,,,,,,,,,
1432,大魯閣,16.25,+0.1,+0.62,2.32,,,,,,,,,,,,,2.74,2.68,2.86,2.25,1.57,1.71,2.3,1.76,2.56,2.48,2.65,2.31,2019Q4,,,,,,,,,,,,
代號,名稱,成交,漲跌 價,漲跌 幅,平均 毛利 (億),,,,,,,,,,,,,17Q1 毛利 (億),17Q2 毛利 (億),17Q3 毛利 (億),17Q4 毛利 (億),18Q1 毛利 (億),18Q2 毛利 (億),18Q3 毛利 (億),18Q4 毛利 (億),19Q1 毛利 (億),19Q2 毛利 (億),19Q3 毛利 (億),19Q4 毛利 (億),2019Q4,,,,,,,,,,,,
1435,中福,31.5,0,0,0.07,,,,,,,,,,,,,0.08,0.08,0.09,0.08,0.08,0.07,0.06,0.06,0.05,0.05,0.05,0.05,2019Q4,,,,,,,,,,,,
1438,三地開發,41.8,+2.3,+5.82,0,,,,,,,,,,,,,0,0,0,0,0,0,0,0,0,0,0,0,2019Q4,,,,,,,,,,,,
1440,南紡,11.7,-0.15,-1.27,5.26,,,,,,,,,,,,,6.6,6.18,5.31,5,7.1,8.9,8.04,3.31,3.5,4.08,1.44,3.73,2019Q4,,,,,,,,,,,,
1445,大宇,14.2,0,0,0.21,,,,,,,,,,,,,0.34,0.29,0.19,0.17,0.12,0.26,0.22,0.22,0.26,0.2,0.05,0.2,2019Q4,,,,,,,,,,,,
1460,宏遠,6.8,-0.07,-1.02,4.01,,,,,,,,,,,,,4.62,3.68,4.02,5.03,4.34,3.74,3.96,4.85,4.06,4.17,2.82,2.81,2019Q4,,,,,,,,,,,,
1512,瑞利,6.23,0,0,0.24,,,,,,,,,,,,,0.32,0.09,-0.31,0.15,0.53,0.82,0.31,0.22,0.13,0.68,0.07,-0.1,2019Q4,,,,,,,,,,,,
1516,川飛,14.15,-0.35,-2.41,0.06,,,,,,,,,,,,,0.08,0.02,0.04,0.07,0.06,0.1,0.09,0.05,0.02,0.08,0.06,0.08,2019Q4,,,,,,,,,,,,
1517,利奇,11.05,0,0,0.83,,,,,,,,,,,,,1.06,1.04,1.14,0.68,0.47,0.7,0.89,0.67,0.95,0.71,0.74,0.89,2019Q4,,,,,,,,,,,,
1526,日馳,18.6,-0.05,-0.27,0.8,,,,,,,,,,,,,0.64,0.9,1.15,0.97,0.76,0.82,0.84,0.85,0.55,0.81,0.63,0.74,2019Q4,,,,,,,,,,,,
1528,恩德,12.15,-0.05,-0.41,3.04,,,,,,,,,,,,,2.62,3.09,4.16,3.5,3.21,3.82,3.52,2.37,2.55,2.55,2.64,2.46,2019Q4,,,,,,,,,,,,
1529,樂事綠能,21.95,+0.1,+0.46,0.19,,,,,,,,,,,,,0.06,0.15,0.09,0.43,0.13,0.21,0.11,0.32,0.08,0.11,0.17,0.43,2019Q4,,,,,,,,,,,,
1533,車王電,29.6,-0.25,-0.84,2.35,,,,,,,,,,,,,2.01,2.4,2.43,2.58,2.47,1.93,2.13,2.9,2.26,2.61,2.24,2.28,2019Q4,,,,,,,,,,,,
1538,正峰,26,-0.55,-2.07,0.18,,,,,,,,,,,,,0.33,0.32,0.2,0.24,0.16,0.13,0.14,0.15,0.07,0.15,0.11,0.13,2019Q4,,,,,,,,,,,,
1587,吉茂,26.95,-0.35,-1.28,0.8,,,,,,,,,,,,,0.74,0.77,0.76,0.61,0.46,0.74,0.94,1.13,0.78,0.9,0.86,0.88,2019Q4,,,,,,,,,,,,
1589,永冠-KY,27.85,-0.1,-0.36,3.03,,,,,,,,,,,,,3.86,4.33,3.84,2.29,1.47,2.01,2.16,2.66,2.18,3.04,3.9,4.59,2019Q4,,,,,,,,,,,,
1626,艾美特-KY,11.85,-0.05,-0.42,4.6,,,,,,,,,,,,,5,6.65,3.06,2.65,4.2,6.25,3.08,4.57,4.09,8.13,3.61,3.89,2019Q4,,,,,,,,,,,,
1710,東聯,12.9,-0.2,-1.53,7.27,,,,,,,,,,,,,13.9,4.66,15.9,9.94,13.6,11.3,12.6,5.46,2.71,-0.51,2.28,-4.7,2019Q4,,,,,,,,,,,,
1721,三晃,11.45,+0.05,+0.44,0.76,,,,,,,,,,,,,1.16,0.45,1.14,1.06,0.49,0.56,0.94,0.52,0.97,0.51,0.6,0.74,2019Q4,,,,,,,,,,,,
代號,名稱,成交,漲跌 價,漲跌 幅,平均 毛利 (億),,,,,,,,,,,,,17Q1 毛利 (億),17Q2 毛利 (億),17Q3 毛利 (億),17Q4 毛利 (億),18Q1 毛利 (億),18Q2 毛利 (億),18Q3 毛利 (億),18Q4 毛利 (億),19Q1 毛利 (億),19Q2 毛利 (億),19Q3 毛利 (億),19Q4 毛利 (億),2019Q4,,,,,,,,,,,,
1802,台玻,14,+0.1,+0.72,15.4,,,,,,,,,,,,,15.6,16.6,20.7,23.4,20.3,21.7,17.4,14,7.4,6.08,8.75,12.3,2019Q4,,,,,,,,,,,,
1903,士紙,45.5,+0.4,+0.89,0.13,,,,,,,,,,,,,0.03,0.05,0.34,0.1,0.22,0.02,-0.01,0.24,0.2,0.07,0.1,0.15,2019Q4,,,,,,,,,,,,
1905,華紙,13.05,-0.2,-1.51,4.94,,,,,,,,,,,,,5.75,5.31,5.23,7.54,4.65,6.33,5.94,6.45,4.39,4.65,1.95,1.14,2019Q4,,,,,,,,,,,,
1909,榮成,9.01,-0.16,-1.74,19.5,,,,,,,,,,,,,25.6,18.5,26.1,25.9,14.8,23.4,17.7,16.6,15.2,14.6,15.6,20.2,2019Q4,,,,,,,,,,,,
2007,燁興,8.3,-0.06,-0.72,0.35,,,,,,,,,,,,,0.92,0.2,0.64,0.91,1.21,1.05,1.3,0.36,-0.25,-0.55,-0.45,-1.1,2019Q4,,,,,,,,,,,,
2014,中鴻,16.5,-0.2,-1.2,7.93,,,,,,,,,,,,,10.1,6.55,6.98,15.3,10.6,12.1,11.4,9.76,5.08,7.48,2.38,-2.48,2019Q4,,,,,,,,,,,,
2022,聚亨,8.1,-0.07,-0.86,1.28,,,,,,,,,,,,,1.84,0.86,1.91,2.14,1.55,1.77,1.91,0.91,1.93,1.3,-0.77,0.05,2019Q4,,,,,,,,,,,,
2023,燁輝,15.55,0,0,12.3,,,,,,,,,,,,,21.4,12.9,16.3,12.4,13.8,12.5,14.3,18.5,6.38,7.86,6.75,4.5,2019Q4,,,,,,,,,,,,
2025,千興,13.35,-0.1,-0.74,0,,,,,,,,,,,,,0.68,-1.1,0.63,1.76,0.27,0.42,-0.41,-0.68,-0.49,-0.34,-0.33,-0.43,2019Q4,,,,,,,,,,,,
2034,允強,20.1,-0.2,-0.99,4.66,,,,,,,,,,,,,5.72,4.55,4.83,4.85,4.64,6.36,5.59,3.62,4.84,4.23,4.73,2.01,2019Q4,,,,,,,,,,,,
2102,泰豐,16.95,-0.05,-0.29,1.44,,,,,,,,,,,,,2.14,1.9,1.89,0.97,1.01,1.19,0.91,0.36,2.07,1.54,1.71,1.53,2019Q4,,,,,,,,,,,,
2104,國際中橡,10.55,-0.1,-0.94,13.7,,,,,,,,,,,,,13,15,13.9,13.8,15.1,17.7,17.7,15.3,15.8,13.2,19.2,-4.9,2019Q4,,,,,,,,,,,,
2208,台船,17.15,-0.55,-3.11,-7.92,,,,,,,,,,,,,-16.9,-10.7,-20.3,-9.32,-10.5,-1.79,-10,-3.67,-1.62,-3.82,1.52,-7.99,2019Q4,,,,,,,,,,,,
2241,艾姆勒,24.2,-0.1,-0.41,0.59,,,,,,,,,,,,,,,,,,0.53,,1.01,0.31,0.61,0.64,0.43,2019Q4,,,,,,,,,,,,
2254,巨鎧精密-創,67.4,-1.1,-1.61,,,,,,,,,,,,,,,,,,,,,,,,,,2019Q4,,,,,,,,,,,,
2258,鴻華先進-創,40.5,-0.9,-2.17,,,,,,,,,,,,,,,,,,,,,,,,,,2019Q4,,,,,,,,,,,,
2314,台揚,12,+0.1,+0.84,2.65,,,,,,,,,,,,,3.23,3.12,2.65,2.58,2.17,2.45,2.66,3.38,2.43,3.01,2.05,2.03,2019Q4,,,,,,,,,,,,
2321,東訊,13.65,-0.3,-2.15,0.68,,,,,,,,,,,,,0.86,0.92,0.78,0.75,0.53,0.64,0.56,1.22,0.48,0.54,0.47,0.47,2019Q4,,,,,,,,,,,,
代號,名稱,成交,漲跌 價,漲跌 幅,平均 毛利 (億),,,,,,,,,,,,,17Q1 毛利 (億),17Q2 毛利 (億),17Q3 毛利 (億),17Q4 毛利 (億),18Q1 毛利 (億),18Q2 毛利 (億),18Q3 毛利 (億),18Q4 毛利 (億),19Q1 毛利 (億),19Q2 毛利 (億),19Q3 毛利 (億),19Q4 毛利 (億),2019Q4,,,,,,,,,,,,
2323,中環,7.77,-0.06,-0.77,1.46,,,,,,,,,,,,,-0.78,0.52,0.61,0.17,-0.34,0.56,2.2,3.34,3.19,4.88,2.18,0.94,2019Q4,,,,,,,,,,,,
2331,精英,15.4,+0.2,+1.32,7.2,,,,,,,,,,,,,9.07,8.05,8.6,4.62,3.79,6.07,8.14,7.17,4.36,9.17,9.05,8.38,2019Q4,,,,,,,,,,,,
2337,旺宏,19.15,-0.05,-0.26,30.1,,,,,,,,,,,,,18.1,22.2,40.2,45.8,38.1,40.3,35.5,25.4,15.3,20,35.8,25.1,2019Q4,,,,,,,,,,,,
2338,光罩,31.15,+0.3,+0.97,1.24,,,,,,,,,,,,,0.42,0.8,0.72,0.5,1.25,1.5,1.87,1.67,1.55,1.98,1.76,0.83,2019Q4,,,,,,,,,,,,
2340,台亞,20.75,+0.25,+1.22,4.1,,,,,,,,,,,,,4.89,4.19,4.45,3.01,4.02,4.18,4.36,3.66,3.12,4.49,5.12,3.65,2019Q4,,,,,,,,,,,,
2369,菱生,13.45,-0.05,-0.37,0.7,,,,,,,,,,,,,1.62,1.73,1.81,1.49,0.28,1.23,0.65,0.23,-0.99,-0.04,0.34,0.06,2019Q4,,,,,,,,,,,,
2380,虹光,3.89,+0.34,+9.58,1.1,,,,,,,,,,,,,1.18,1.06,1.14,0.99,1.08,1.08,1.45,1.55,1.19,1.04,0.85,0.61,2019Q4,,,,,,,,,,,,
2390,云辰,10.25,-0.05,-0.49,0.27,,,,,,,,,,,,,0.18,0.29,0.21,0.23,0.27,0.34,0.29,0.29,0.36,0.28,0.33,0.21,2019Q4,,,,,,,,,,,,
2406,國碩,11,0,0,0.99,,,,,,,,,,,,,0.94,-0.29,1.73,1.06,0.72,-0.65,-1.53,0.04,2.38,2.76,2.38,2.33,2019Q4,,,,,,,,,,,,
2408,南亞科,32.1,-0.65,-1.98,73.1,,,,,,,,,,,,,49,55.4,58.8,83.2,97.4,135,144,89.7,46.3,43.5,41.4,33.8,2019Q4,,,,,,,,,,,,
2409,友達,12.3,-0.1,-0.81,74.7,,,,,,,,,,,,,174,171,153,112,81.4,72.7,86.4,40.8,2.44,19.8,-2.72,-15,2019Q4,,,,,,,,,,,,
2413,環科,18.25,0,0,1.38,,,,,,,,,,,,,1.44,1.31,1.53,1.23,1.31,1.39,1.77,1.64,1.24,1.15,1.41,1.18,2019Q4,,,,,,,,,,,,
2424,隴華,59.8,0,0,-0.01,,,,,,,,,,,,,0.01,0.01,0.06,0.01,0.01,0,0,0,0,0.02,-0.01,-0.2,2019Q4,,,,,,,,,,,,
2429,銘旺科,44.2,-0.55,-1.23,0.25,,,,,,,,,,,,,0.36,0.32,0.36,0.26,0.27,0.36,0.2,0.24,0.2,0.21,0.19,0.06,2019Q4,,,,,,,,,,,,
2431,聯昌,11.05,-0.15,-1.34,0.57,,,,,,,,,,,,,1.11,0.8,0.48,0.01,0.18,0.37,0.55,0.19,0.65,0.7,1.02,0.73,2019Q4,,,,,,,,,,,,
2438,翔耀,29.5,+0.5,+1.72,0.36,,,,,,,,,,,,,0.48,0.44,0.48,0.5,0.41,0.44,0.22,0.26,0.25,0.26,0.26,0.31,2019Q4,,,,,,,,,,,,
2440,太空梭,15.8,+0.65,+4.29,0.53,,,,,,,,,,,,,0.64,0.48,0.81,0.88,0.52,0.49,0.42,0.46,0.32,0.32,0.43,0.63,2019Q4,,,,,,,,,,,,
2444,兆勁,12.1,-0.15,-1.22,0.42,,,,,,,,,,,,,0.47,0.62,0.63,0.58,0.34,0.37,0.29,0.11,0.13,0.26,0.64,0.63,2019Q4,,,,,,,,,,,,
代號,名稱,成交,漲跌 價,漲跌 幅,平均 毛利 (億),,,,,,,,,,,,,17Q1 毛利 (億),17Q2 毛利 (億),17Q3 毛利 (億),17Q4 毛利 (億),18Q1 毛利 (億),18Q2 毛利 (億),18Q3 毛利 (億),18Q4 毛利 (億),19Q1 毛利 (億),19Q2 毛利 (億),19Q3 毛利 (億),19Q4 毛利 (億),2019Q4,,,,,,,,,,,,
2460,建通,16.45,-0.35,-2.08,0.84,,,,,,,,,,,,,0.84,0.88,1.08,1.46,0.82,0.7,0.32,0.94,0.86,0.89,0.55,0.75,2019Q4,,,,,,,,,,,,
2465,麗臺,47.6,0,0,1.14,,,,,,,,,,,,,0.9,1.04,1.1,1,0.97,1.1,0.96,1.74,1.21,1.02,1.34,1.31,2019Q4,,,,,,,,,,,,
2466,冠西電,108.5,+4,+3.83,0.5,,,,,,,,,,,,,0.19,0.74,0.84,0.29,0.13,0.87,0.66,0.44,0.42,1.18,0.68,-0.47,2019Q4,,,,,,,,,,,,
2485,兆赫,11.5,-0.05,-0.43,1.76,,,,,,,,,,,,,2.78,2.32,2.36,2.04,0.87,1.99,2.03,1.64,0.75,1.77,1.7,0.87,2019Q4,,,,,,,,,,,,
2491,吉祥全,11.1,+0.05,+0.45,0.11,,,,,,,,,,,,,0.22,0.24,0.24,0.23,0.22,0.15,0.2,0.27,0.22,0.13,0.3,-1.09,2019Q4,,,,,,,,,,,,
2498,宏達電,36.9,-0.15,-0.4,3.24,,,,,,,,,,,,,23.6,22.1,16.1,-48.5,-1.85,1.8,1.91,3.29,4.31,5.7,5.61,4.66,2019Q4,,,,,,,,,,,,
2547,日勝生,12.65,+0.25,+2.02,11.7,,,,,,,,,,,,,6.16,5.63,7.61,21.3,10.5,19.6,36,6.14,6.09,4.99,11.9,4.92,2019Q4,,,,,,,,,,,,
2601,益航,6.48,-0.09,-1.37,13.7,,,,,,,,,,,,,13,11.8,11.1,16.8,14.7,13.2,12.1,17.3,14.3,13.2,11.7,15.5,2019Q4,,,,,,,,,,,,
2616,山隆,16.15,-0.45,-2.71,3.69,,,,,,,,,,,,,3.68,3.83,3.72,3.66,3.55,3.89,3.83,3.37,3.76,3.83,3.33,3.89,2019Q4,,,,,,,,,,,,
2642,宅配通,28,-0.4,-1.41,1.35,,,,,,,,,,,,,1.22,1.38,1.36,1.06,1.3,1.18,1.19,1.41,1.51,1.52,1.59,1.55,2019Q4,,,,,,,,,,,,
2712,遠雄來,18.4,0,0,0.27,,,,,,,,,,,,,0.22,0.27,0.58,0.32,-0.13,0.27,0.53,0.13,0.17,0.23,0.49,0.21,2019Q4,,,,,,,,,,,,
2722,夏都,27.5,-0.5,-1.79,0.72,,,,,,,,,,,,,0.53,0.98,1.29,0.57,0.28,0.61,0.9,0.52,0.5,0.75,1.16,0.6,2019Q4,,,,,,,,,,,,
2911,麗嬰房,5.08,-0.07,-1.36,6.62,,,,,,,,,,,,,8.43,6.72,6.27,8.69,7.64,6.34,5.98,7.81,5.94,4.8,4.72,6.11,2019Q4,,,,,,,,,,,,
2913,農林,15.45,+0.05,+0.32,0.81,,,,,,,,,,,,,6.53,0.31,0.3,0.26,0.29,0.31,0.25,0.31,0.31,0.31,0.29,0.29,2019Q4,,,,,,,,,,,,
2939,永邑-KY,28.85,+1.7,+6.26,2.47,,,,,,,,,,,,,4.51,5.37,2.88,2.42,2.51,1.62,2.55,1.59,1.84,1.13,1.81,1.45,2019Q4,,,,,,,,,,,,
3011,今皓,12.6,-0.15,-1.18,0.38,,,,,,,,,,,,,0.29,0.48,0.4,0.46,0.22,0.34,0.53,0.59,0.29,0.41,0.42,0.15,2019Q4,,,,,,,,,,,,
3018,隆銘綠能,21.85,+0.4,+1.86,0.14,,,,,,,,,,,,,0.27,0.39,0.32,0.47,0.35,0.52,0.46,-0.42,0.42,0.15,-0.13,-1.13,2019Q4,,,,,,,,,,,,
3041,揚智,23.55,-0.15,-0.63,1.74,,,,,,,,,,,,,2.06,2.55,2.54,1.97,1.67,1.29,0.87,0.42,1.92,1.15,2.24,2.18,2019Q4,,,,,,,,,,,,
代號,名稱,成交,漲跌 價,漲跌 幅,平均 毛利 (億),,,,,,,,,,,,,17Q1 毛利 (億),17Q2 毛利 (億),17Q3 毛利 (億),17Q4 毛利 (億),18Q1 毛利 (億),18Q2 毛利 (億),18Q3 毛利 (億),18Q4 毛利 (億),19Q1 毛利 (億),19Q2 毛利 (億),19Q3 毛利 (億),19Q4 毛利 (億),2019Q4,,,,,,,,,,,,
3048,益登,23.8,0,0,6.55,,,,,,,,,,,,,5.73,5.63,6.86,6.56,5.52,6.12,6.97,6.82,5.85,6.97,7.87,7.65,2019Q4,,,,,,,,,,,,
3049,精金,6.88,-0.08,-1.15,2.08,,,,,,,,,,,,,2.15,1.43,0.04,-0.03,0.65,2.22,1.38,0.53,2.95,4.54,4.54,4.59,2019Q4,,,,,,,,,,,,
3054,立萬利,22.8,+0.8,+3.64,-0.03,,,,,,,,,,,,,0.13,-0.11,-0.14,-0.4,0,0.06,0.02,0.03,0.03,0.01,0.01,-0.02,2019Q4,,,,,,,,,,,,
3055,蔚華科,48.05,-0.35,-0.72,1.53,,,,,,,,,,,,,1.38,1.42,1.3,1.7,1.57,1.97,1.56,1.95,1.25,1.31,0.88,2.03,2019Q4,,,,,,,,,,,,
3057,喬鼎,8.18,-0.09,-1.09,1.37,,,,,,,,,,,,,2.05,1.8,1.63,1.24,1.51,1.65,1.48,1.25,0.81,1.12,0.89,0.96,2019Q4,,,,,,,,,,,,
3058,立德,10.25,-0.15,-1.44,1.54,,,,,,,,,,,,,1.64,1.65,1.56,1.54,1.15,1.64,1.74,1.44,1.26,1.49,1.65,1.7,2019Q4,,,,,,,,,,,,
3092,鴻碩,19.25,-0.5,-2.53,1.95,,,,,,,,,,,,,1.97,2.08,1.84,1.53,1.6,1.91,2.53,2.19,1.96,1.86,1.8,2.1,2019Q4,,,,,,,,,,,,
3149,正達,29.8,-0.35,-1.16,-0.07,,,,,,,,,,,,,-1.69,-0.1,0.01,0.25,0.23,0.39,0.31,-0.09,-0.17,-0.26,0.12,0.14,2019Q4,,,,,,,,,,,,
3321,同泰,7.08,+0.36,+5.36,0.17,,,,,,,,,,,,,0.25,0.26,0.75,0.62,-0.24,-0.14,0.67,-0.05,-0.24,-0.63,0.33,0.48,2019Q4,,,,,,,,,,,,
3419,譁裕,14.55,+0.15,+1.04,0.83,,,,,,,,,,,,,1.23,1.12,1.03,0.91,0.87,1.13,1.06,0.98,0.47,0.67,0.87,-0.33,2019Q4,,,,,,,,,,,,
3432,台端,13.8,+0.65,+4.94,0.12,,,,,,,,,,,,,0.21,0.22,0.16,0.19,0.15,0.13,0.07,0.1,0.08,0.04,0.04,0.03,2019Q4,,,,,,,,,,,,
3437,榮創,15.15,-0.15,-0.98,1.17,,,,,,,,,,,,,1.4,1.45,2.51,2.34,-0.26,0.28,1.88,0.89,0.1,0.79,1.54,1.13,2019Q4,,,,,,,,,,,,
3494,誠研,14.55,0,0,0.37,,,,,,,,,,,,,0.59,0.85,0.33,0.31,0.29,0.25,0.39,0.92,0.06,0.17,0.45,-0.22,2019Q4,,,,,,,,,,,,
3504,揚明光,44.35,+0.35,+0.8,2.58,,,,,,,,,,,,,1.67,1.8,2.1,2.56,2.46,3.07,4.27,2.75,2.32,2.69,2.86,2.42,2019Q4,,,,,,,,,,,,
3518,柏騰,17.75,0,0,0.11,,,,,,,,,,,,,0.12,0.17,-0.02,0.05,-0.11,-0.06,0.12,0.2,0.08,0.24,0.19,0.34,2019Q4,,,,,,,,,,,,
3530,晶相光,55.4,-0.7,-1.25,1.19,,,,,,,,,,,,,1.16,1.03,1.27,1.54,1.03,1.01,0.95,1.71,0.67,1.2,1.37,1.34,2019Q4,,,,,,,,,,,,
3543,州巧,17.4,+0.3,+1.75,1.89,,,,,,,,,,,,,,,,,,1.89,,4.37,1.05,1.34,1.45,1.21,2019Q4,,,,,,,,,,,,
3550,聯穎,12.6,-0.05,-0.4,1.81,,,,,,,,,,,,,1.64,1.72,1.98,2.12,1.75,2.11,1.9,1.89,1.32,1.55,1.68,2.03,2019Q4,,,,,,,,,,,,
代號,名稱,成交,漲跌 價,漲跌 幅,平均 毛利 (億),,,,,,,,,,,,,17Q1 毛利 (億),17Q2 毛利 (億),17Q3 毛利 (億),17Q4 毛利 (億),18Q1 毛利 (億),18Q2 毛利 (億),18Q3 毛利 (億),18Q4 毛利 (億),19Q1 毛利 (億),19Q2 毛利 (億),19Q3 毛利 (億),19Q4 毛利 (億),2019Q4,,,,,,,,,,,,
3576,聯合再生,8.2,+0.1,+1.23,-3.21,,,,,,,,,,,,,-6.79,-2.14,-8.96,-1.94,-2.21,-3.3,-0.74,-2.58,-1,0.23,-4.22,-4.86,2019Q4,,,,,,,,,,,,
3593,力銘,9.85,-0.15,-1.5,0.14,,,,,,,,,,,,,0.09,0.29,0.5,0.41,0.02,0.09,0.35,0.3,-0.07,-0.21,-0.18,0.14,2019Q4,,,,,,,,,,,,
3686,達能,14.1,-0.4,-2.76,-0.77,,,,,,,,,,,,,-1.68,-1.81,-1.41,-1.31,-0.11,-0.15,-0.21,-1.54,-0.07,-0.08,-0.06,-0.8,2019Q4,,,,,,,,,,,,
3714,富采,35.15,+0.2,+0.57,,,,,,,,,,,,,,,,,,,,,,,,,,2019Q4,,,,,,,,,,,,
4108,懷特,13.15,0,0,0.12,,,,,,,,,,,,,0.04,0.05,0.04,0.11,0.15,0.14,0.11,0.15,0.2,0.24,0.12,0.08,2019Q4,,,,,,,,,,,,
4142,國光生,18.55,-0.15,-0.8,-0.32,,,,,,,,,,,,,-0.88,-0.8,-0.19,-0.75,-0.88,-0.59,0.94,-2.42,-1.05,-0.45,2.07,1.1,2019Q4,,,,,,,,,,,,
4190,佐登-KY,34.5,+0.4,+1.17,5.44,,,,,,,,,,,,,3.66,3.97,4.25,4.56,5.35,6.15,5.92,6.44,4.99,6.84,5.9,7.19,2019Q4,,,,,,,,,,,,
4426,利勤,11.2,-0.2,-1.75,1.61,,,,,,,,,,,,,1.68,1.76,1.42,1.14,1.89,1.22,1.58,1.17,2.18,1.7,2.31,1.23,2019Q4,,,,,,,,,,,,
4526,東台,21.5,-1,-4.44,6.07,,,,,,,,,,,,,4.5,4.7,6.55,5.22,5.56,7.41,6.6,7.58,7.02,6.11,6.11,5.52,2019Q4,,,,,,,,,,,,
4540,全球傳動,36.6,-0.05,-0.14,1.88,,,,,,,,,,,,,0.91,1.28,1.93,2.62,2.5,3.81,3.6,2.06,1.16,0.76,0.99,0.93,2019Q4,,,,,,,,,,,,
4555,氣立,34.75,+0.35,+1.02,1.38,,,,,,,,,,,,,0.98,1.65,1.64,1.47,1.45,1.9,1.61,1.41,1.09,1.28,1.11,0.98,2019Q4,,,,,,,,,,,,
4562,穎漢,40.9,+0.55,+1.36,1.18,,,,,,,,,,,,,1.26,1.38,1.23,1.63,1.1,1.48,1.51,1.38,0.87,1.1,0.58,0.63,2019Q4,,,,,,,,,,,,
4564,元翎,19.4,+0.65,+3.47,2.05,,,,,,,,,,,,,,2.19,1.57,1.48,1.86,1.87,2.03,2.74,2.66,2.72,2.02,1.42,2019Q4,,,,,,,,,,,,
4737,華廣,55,+5,+10,2.22,,,,,,,,,,,,,1.59,1.74,1.92,2.71,1.57,2.05,2.44,3.12,1.3,2.56,2.25,3.37,2019Q4,,,,,,,,,,,,
4764,雙鍵,39,-0.2,-0.51,2.41,,,,,,,,,,,,,2.42,2.22,2.53,2.45,2.76,3.54,3.11,3.11,2.35,1.74,1.46,1.22,2019Q4,,,,,,,,,,,,
4807,日成-KY,17.7,+1.6,+9.94,1.47,,,,,,,,,,,,,1.59,1.62,1.81,1.58,2.3,2.13,2.77,1.56,0.54,0.15,0.42,1.14,2019Q4,,,,,,,,,,,,
4927,泰鼎-KY,22.5,-0.65,-2.81,4.06,,,,,,,,,,,,,2.77,2.47,3.01,2.59,3.01,3.51,6.16,5.52,5.51,5.36,5.44,3.39,2019Q4,,,,,,,,,,,,
4934,太極,9.9,0,0,-0.91,,,,,,,,,,,,,-1.65,-0.33,0.21,0,-2.09,-2.27,-2.3,-1.36,-0.24,0.21,0.29,-1.46,2019Q4,,,,,,,,,,,,
代號,名稱,成交,漲跌 價,漲跌 幅,平均 毛利 (億),,,,,,,,,,,,,17Q1 毛利 (億),17Q2 毛利 (億),17Q3 毛利 (億),17Q4 毛利 (億),18Q1 毛利 (億),18Q2 毛利 (億),18Q3 毛利 (億),18Q4 毛利 (億),19Q1 毛利 (億),19Q2 毛利 (億),19Q3 毛利 (億),19Q4 毛利 (億),2019Q4,,,,,,,,,,,,
4943,康控-KY,12,0,0,5.25,,,,,,,,,,,,,1.93,2.1,9.46,9.27,1.99,5.68,9.66,6.36,0.87,4.21,5.65,5.79,2019Q4,,,,,,,,,,,,
4949,有成精密,38.5,-0.8,-2.04,,,,,,,,,,,,,,,,,,,,,,,,,,2019Q4,,,,,,,,,,,,
4956,光鋐,21.35,+0.75,+3.64,0.5,,,,,,,,,,,,,0.82,0.99,0.83,0.63,0.51,0.66,0.58,-0.24,0.12,0.33,0.3,0.44,2019Q4,,,,,,,,,,,,
4960,誠美材,12.25,-0.15,-1.21,0.32,,,,,,,,,,,,,-1.77,-2.1,-2.79,-0.83,-1.14,-0.5,4.26,3,0.84,2.49,1.1,1.27,2019Q4,,,,,,,,,,,,
4976,佳凌,25.8,+0.3,+1.18,0.34,,,,,,,,,,,,,0.37,0.47,0.46,0.5,0.49,0.5,0.66,0.27,0.22,0.31,0.07,-0.18,2019Q4,,,,,,,,,,,,
4989,榮科,14.6,-0.05,-0.34,1.26,,,,,,,,,,,,,3.17,2.04,1.64,1.96,1.69,0.62,1.24,1.03,0.62,0.45,0.33,0.39,2019Q4,,,,,,,,,,,,
5484,慧友,37.55,0,0,0.17,,,,,,,,,,,,,0.54,0.53,0.3,0.19,0.22,0.01,-0.26,-0.01,0.14,0.19,0.11,0.04,2019Q4,,,,,,,,,,,,
5531,鄉林,9.71,-0.11,-1.12,5.87,,,,,,,,,,,,,1.4,1.06,4.33,11.3,2.94,7.07,7.91,4.99,2.23,5.6,3.21,18.4,2019Q4,,,,,,,,,,,,
5546,永固-KY,28,+0.15,+0.54,3.47,,,,,,,,,,,,,,,,,,,,8.31,1.18,1.82,2.75,3.3,2019Q4,,,,,,,,,,,,
5608,四維航,16.3,-0.1,-0.61,0.54,,,,,,,,,,,,,-1.59,-1.39,-0.72,0.68,0.85,1.4,1.86,1.72,1.35,0.93,1.17,0.24,2019Q4,,,,,,,,,,,,
5907,大洋-KY,8.64,-0.34,-3.79,12.2,,,,,,,,,,,,,12,10.6,9.41,15.5,13,11.4,10.3,15.5,12.7,11.8,10.2,14.2,2019Q4,,,,,,,,,,,,
6112,邁達特,43.5,-0.55,-1.25,2.74,,,,,,,,,,,,,2.2,2.32,2.36,2.55,2.57,2.5,2.81,3.07,2.78,3.31,3.33,3.09,2019Q4,,,,,,,,,,,,
6116,彩晶,6.98,0,0,11.1,,,,,,,,,,,,,26.4,13.3,27.8,18.9,13.2,14.6,7.89,-7.53,3.51,5.72,5.75,3.71,2019Q4,,,,,,,,,,,,
6141,柏承,9.4,-0.05,-0.53,1.34,,,,,,,,,,,,,1.62,1.48,1.19,1.44,1.03,1.01,1.7,1.32,1.3,1.51,1.11,1.34,2019Q4,,,,,,,,,,,,
6142,友勁,8.62,+0.04,+0.47,0.74,,,,,,,,,,,,,1.11,1.28,0.83,0.7,0.44,0.52,1.12,0.59,0.24,0.38,1.07,0.56,2019Q4,,,,,,,,,,,,
6152,百一,9.01,-0.06,-0.66,1.7,,,,,,,,,,,,,2.69,2.71,2.14,1.28,0.95,1.48,1.7,0.86,0.99,1.32,1.9,2.39,2019Q4,,,,,,,,,,,,
6153,嘉聯益,11.4,+0.25,+2.24,5.76,,,,,,,,,,,,,3.36,3.19,4.85,4.95,4.81,5.05,6.88,10.1,4.94,5.66,8.76,6.48,2019Q4,,,,,,,,,,,,
6168,宏齊,15.9,0,0,1.36,,,,,,,,,,,,,1.33,1.48,2.07,1.74,1.64,1.75,1.34,0.93,1.28,0.86,0.99,0.92,2019Q4,,,,,,,,,,,,
代號,名稱,成交,漲跌 價,漲跌 幅,平均 毛利 (億),,,,,,,,,,,,,17Q1 毛利 (億),17Q2 毛利 (億),17Q3 毛利 (億),17Q4 毛利 (億),18Q1 毛利 (億),18Q2 毛利 (億),18Q3 毛利 (億),18Q4 毛利 (億),19Q1 毛利 (億),19Q2 毛利 (億),19Q3 毛利 (億),19Q4 毛利 (億),2019Q4,,,,,,,,,,,,
6202,盛群,38.75,+0.2,+0.52,5.67,,,,,,,,,,,,,4.98,5.25,5.41,5.99,5.31,6.61,6.22,5.8,5.04,5.94,5.68,5.87,2019Q4,,,,,,,,,,,,
6209,今國光,23.5,-0.45,-1.88,0.49,,,,,,,,,,,,,0.65,0.51,0.61,0.36,0.19,0.07,1.08,0.42,0.35,0.2,0.63,0.8,2019Q4,,,,,,,,,,,,
6225,天瀚,12.35,-0.55,-4.26,-0.01,,,,,,,,,,,,,-0.03,-0.03,-0.01,-0.01,-0.01,-0.05,0,0,0,0,0,0.02,2019Q4,,,,,,,,,,,,
6226,光鼎,7.28,+0.05,+0.69,0.83,,,,,,,,,,,,,0.78,0.96,0.63,0.81,1.01,0.87,0.96,0.76,0.65,0.91,0.95,0.62,2019Q4,,,,,,,,,,,,
6269,台郡,49.8,-0.6,-1.19,13.9,,,,,,,,,,,,,9.85,9,16.4,21.4,8.02,6.31,17,19.9,4.95,7.59,19.8,27.1,2019Q4,,,,,,,,,,,,
6282,康舒,26.05,-0.2,-0.76,6.91,,,,,,,,,,,,,6.98,7.04,7.98,6.68,4.4,6.17,7.33,6.66,6.85,7.89,7.91,7,2019Q4,,,,,,,,,,,,
6405,悅城,21.6,-0.55,-2.48,0.35,,,,,,,,,,,,,0.13,0.47,0.56,0.63,0.32,0.37,0.26,0.32,0.05,0.29,0.4,0.38,2019Q4,,,,,,,,,,,,
6426,統新,59.1,0,0,0.61,,,,,,,,,,,,,0.94,0.83,0.43,0.36,0.45,0.28,0.26,0.49,0.61,0.7,0.98,0.94,2019Q4,,,,,,,,,,,,
6431,光麗-KY,18.75,+0.45,+2.46,-0.09,,,,,,,,,,,,,-0.23,-0.14,-0.19,-0.53,-0.07,-0.06,0.07,-0.01,0.03,-0.04,0.12,0.01,2019Q4,,,,,,,,,,,,
6443,元晶,14.15,0,0,-0.55,,,,,,,,,,,,,-1.5,-0.33,0.54,-0.96,-1.73,-1.52,-3.7,0.37,1.33,0.42,0.44,0.01,2019Q4,,,,,,,,,,,,
6477,安集,27.9,-0.2,-0.71,0.82,,,,,,,,,,,,,0.19,0.56,0.8,0.71,0.7,0.99,1.22,1.09,1.03,0.97,0.83,0.79,2019Q4,,,,,,,,,,,,
6541,泰福-KY,63.5,+0.7,+1.11,0,,,,,,,,,,,,,0,0,0,0,,0,0,0,0,0,0,0,2019Q4,,,,,,,,,,,,
6550,北極星藥業-KY,40.25,+3.65,+9.97,,,,,,,,,,,,,,,,,,,,,,,,,,2019Q4,,,,,,,,,,,,
6573,虹揚-KY,11.25,-0.3,-2.6,0.72,,,,,,,,,,,,,1.07,1.39,1,1.27,0.69,0.97,0.53,0.47,0,0.39,0.51,0.29,2019Q4,,,,,,,,,,,,
6598,ABC-KY,18.85,-0.15,-0.79,0.09,,,,,,,,,,,,,,,0.02,0.09,,0.08,0.02,0.06,0.18,0.07,0.16,0.11,2019Q4,,,,,,,,,,,,
6645,金萬林-創,21.85,+0.35,+1.63,,,,,,,,,,,,,,,,,,,,,,,,,,2019Q4,,,,,,,,,,,,
6657,華安,59.5,0,0,,,,,,,,,,,,,,,,,,,,,,,,,,2019Q4,,,,,,,,,,,,
6668,中揚光,33.95,+0.25,+0.74,1.41,,,,,,,,,,,,,,2.26,1.4,1.69,0.94,1.36,1.81,0.72,0.97,1.3,1.76,1.35,2019Q4,,,,,,,,,,,,
代號,名稱,成交,漲跌 價,漲跌 幅,平均 毛利 (億),,,,,,,,,,,,,17Q1 毛利 (億),17Q2 毛利 (億),17Q3 毛利 (億),17Q4 毛利 (億),18Q1 毛利 (億),18Q2 毛利 (億),18Q3 毛利 (億),18Q4 毛利 (億),19Q1 毛利 (億),19Q2 毛利 (億),19Q3 毛利 (億),19Q4 毛利 (億),2019Q4,,,,,,,,,,,,
6674,鋐寶科技,16.95,+0.1,+0.59,1.51,,,,,,,,,,,,,,1.74,1.86,1.92,1.97,2.16,1.93,1.19,1.01,1.03,0.95,0.81,2019Q4,,,,,,,,,,,,
6695,芯鼎,41.6,-0.05,-0.12,,,,,,,,,,,,,,,,,,,,,,,,,,2019Q4,,,,,,,,,,,,
6698,旭暉應材,27.2,+0.45,+1.68,0.79,,,,,,,,,,,,,,0.39,0.71,1.32,0.47,0.68,0.71,0.57,0.85,1.15,1.05,0.77,2019Q4,,,,,,,,,,,,
6706,惠特,66.5,-0.2,-0.3,3.76,,,,,,,,,,,,,,6.45,0.87,12.9,3.02,2.12,0.87,3.97,2.32,3.54,2.73,2.57,2019Q4,,,,,,,,,,,,
6770,力積電,14.1,0,0,30,,,,,,,,,,,,,,,,,,,,,,,,30,2019Q4,,,,,,,,,,,,
6794,向榮生技-創,64.8,+1.5,+2.37,,,,,,,,,,,,,,,,,,,,,,,,,,2019Q4,,,,,,,,,,,,
6838,台新藥,24.3,+0.15,+0.62,,,,,,,,,,,,,,,,,,,,,,,,,,2019Q4,,,,,,,,,,,,
6885,全福生技,23.3,-0.2,-0.85,,,,,,,,,,,,,,,,,,,,,,,,,,2019Q4,,,,,,,,,,,,
6901,鑽石投資,22.65,+0.6,+2.72,,,,,,,,,,,,,,,,,,,,,,,,,,2019Q4,,,,,,,,,,,,
6902,GOGOLOOK-創,98,-1.5,-1.51,,,,,,,,,,,,,,,,,,,,,,,,,,2019Q4,,,,,,,,,,,,
6919,康霈*,616,+4,+0.65,,,,,,,,,,,,,,,,,,,,,,,,,,2019Q4,,,,,,,,,,,,
6928,攸泰科技,44.3,-1.1,-2.42,,,,,,,,,,,,,,,,,,,,,,,,,,2019Q4,,,,,,,,,,,,
6949,沛爾生醫-創,125.5,+0.5,+0.4,,,,,,,,,,,,,,,,,,,,,,,,,,2019Q4,,,,,,,,,,,,
6969,成信實業*-創,26.75,-0.75,-2.73,,,,,,,,,,,,,,,,,,,,,,,,,,2019Q4,,,,,,,,,,,,
8101,華冠,16.1,0,0,0.8,,,,,,,,,,,,,0.58,2.14,0.86,1.97,0.85,1.16,1.08,-0.8,0.78,-0.17,1.12,0.05,2019Q4,,,,,,,,,,,,
8110,華東,11.8,-0.05,-0.42,1.87,,,,,,,,,,,,,2.95,2.55,3.96,4,2.46,2.59,2.42,1.44,-0.32,-0.95,-0.22,1.51,2019Q4,,,,,,,,,,,,
8201,無敵,11.85,+0.1,+0.85,0.47,,,,,,,,,,,,,0.37,0.46,0.57,0.46,0.55,0.36,0.42,0.65,0.54,0.48,0.3,0.46,2019Q4,,,,,,,,,,,,
8411,福貞-KY,12.35,+0.55,+4.66,1.7,,,,,,,,,,,,,2.4,2.25,2.75,2.4,1.85,0.47,1.15,1.49,0.88,1.06,1.52,2.2,2019Q4,,,,,,,,,,,,
代號,名稱,成交,漲跌 價,漲跌 幅,平均 毛利 (億),,,,,,,,,,,,,17Q1 毛利 (億),17Q2 毛利 (億),17Q3 毛利 (億),17Q4 毛利 (億),18Q1 毛利 (億),18Q2 毛利 (億),18Q3 毛利 (億),18Q4 毛利 (億),19Q1 毛利 (億),19Q2 毛利 (億),19Q3 毛利 (億),19Q4 毛利 (億),2019Q4,,,,,,,,,,,,
8429,金麗-KY,8.56,0,0,1.97,,,,,,,,,,,,,3.49,3.08,1.64,1.63,2.16,2.99,2,2.82,1.61,2.17,0.89,-0.87,2019Q4,,,,,,,,,,,,
8443,阿瘦,11.6,+0.05,+0.43,2.37,,,,,,,,,,,,,2.37,2.11,2.07,2.84,2.68,2.55,2.14,2.67,2.4,2.21,2.07,2.38,2019Q4,,,,,,,,,,,,
8488,吉源-KY,11.85,+0.3,+2.6,0.99,,,,,,,,,,,,,1.33,1.25,1.59,0.96,0.52,0.39,1.03,1.17,0.77,0.63,0.87,1.37,2019Q4,,,,,,,,,,,,
9912,偉聯,11.7,+0.05,+0.43,0.55,,,,,,,,,,,,,0.48,0.51,0.54,0.62,0.58,0.54,0.65,0.64,0.47,0.51,0.51,0.5,2019Q4,,,,,,,,,,,,
9914,美利達,131.5,-1,-0.75,8.1,,,,,,,,,,,,,7.37,6.54,7.5,6.23,7.12,8.31,8.65,8.11,7.48,9.95,10.7,9.23,2019Q4,,,,,,,,,,,,
9919,康那香,15.55,-0.45,-2.81,1.5,,,,,,,,,,,,,1.58,1.61,1.73,1.48,1.54,1.11,1.4,1.49,1.65,1.37,1.25,1.82,2019Q4,,,,,,,,,,,,
9928,中視,15.6,0,0,-0.29,,,,,,,,,,,,,-0.72,-0.68,-0.68,-0.38,-0.36,-0.26,-0.25,0.15,-0.27,-0.09,0.08,0.05,2019Q4,,,,,,,,,,,,
9929,秋雨,13.75,+0.4,+3,0.12,,,,,,,,,,,,,0.22,0.16,0.2,0.21,0.19,0.1,0.17,0.44,-0.23,-0.1,-0.06,0.17,2019Q4,,,,,,,,,,,,
9955,佳龍,29.15,+2.65,+10,0.04,,,,,,,,,,,,,0.03,-0.08,0.4,0,-0.15,-0.03,-0.38,0.11,0.31,0.02,0.29,0.02,2019Q4,,,,,,,,,,,,
1235,興泰,100.5,0,0,0.06,,,,,,,,,,,,,,,,,,,,,,,,,2016Q4,0.02,0.05,0.02,0.01,0.01,0.04,0.1,0.04,0.07,0.23,0.2,-0.08
1236,宏亞,20.75,-0.05,-0.24,1.57,,,,,,,,,,,,,,,,,,,,,,,,,2016Q4,1.68,1.01,1.62,2.04,2.13,0.82,1.55,2.24,1.55,0.67,1.42,2.14
1301,台塑,35.5,-0.3,-0.84,52.2,,,,,,,,,,,,,,,,,,,,,,,,,2016Q4,37.8,41.6,41.5,44.6,55.7,60.6,54.3,47.6,54.5,56.1,45.7,86.7
1304,台聚,10.1,-0.05,-0.49,13.5,,,,,,,,,,,,,,,,,,,,,,,,,2016Q4,10.7,12.3,9.59,6.42,13.5,17.7,8.82,14.3,15.5,19.2,14.8,19.3
1305,華夏,11.25,0,0,5.02,,,,,,,,,,,,,,,,,,,,,,,,,2016Q4,4.35,2.98,2.95,1.09,5.02,5.97,3.06,5.43,5.66,7.78,6.42,9.54
1308,亞聚,13,-0.2,-1.52,1.65,,,,,,,,,,,,,,,,,,,,,,,,,2016Q4,1.55,1.67,1.39,1.27,1.26,1.78,1.28,1.76,1.68,2.05,1.45,2.62
1309,台達化,11.4,-0.1,-0.87,1.58,,,,,,,,,,,,,,,,,,,,,,,,,2016Q4,-0.06,1.25,0.48,-0.89,2.76,4.09,-0.12,1.99,2.58,2.06,1.35,3.47
1310,台苯,8.92,-0.04,-0.45,2.81,,,,,,,,,,,,,,,,,,,,,,,,,2016Q4,0.94,0.18,-0.98,-1.57,1.25,7.25,1.9,2.6,6.35,4.2,4.99,6.61
1312,國喬,10.7,+0.1,+0.94,6.71,,,,,,,,,,,,,,,,,,,,,,,,,2016Q4,4.71,5.26,3.67,2.29,6.06,12.7,6.55,5.14,7.98,6.56,8.22,11.5
1313,聯成,8.15,-0.04,-0.49,4.8,,,,,,,,,,,,,,,,,,,,,,,,,2016Q4,3.1,5.49,3.94,0.82,5.26,6.81,1.72,0.57,5.15,5.4,5.13,14.3
1316,上曜,15.15,-0.7,-4.42,0.29,,,,,,,,,,,,,,,,,,,,,,,,,2016Q4,0.41,0.31,0.1,0.15,0.38,0.38,0.31,0.28,0.28,0.32,0.33,0.22
1325,恆大,23.7,-0.3,-1.25,0.4,,,,,,,,,,,,,,,,,,,,,,,,,2016Q4,0.33,0.25,0.14,0.37,0.42,0.43,0.36,0.53,0.69,0.54,0.36,0.44
1337,再生-KY,5.6,+0.06,+1.08,3.44,,,,,,,,,,,,,,,,,,,,,,,,,2016Q4,4.62,5.57,4.93,3.51,1.8,1.81,2.78,4.04,2.92,3.46,3.21,2.69
1338,廣華-KY,23.95,-0.05,-0.21,4.98,,,,,,,,,,,,,,,,,,,,,,,,,2016Q4,4.29,4.78,4.68,5.4,4.69,4.69,4.86,5.52,5.35,4.73,5.1,5.67
1340,勝悅-KY,7.31,-0.02,-0.27,2.79,,,,,,,,,,,,,,,,,,,,,,,,,2016Q4,1.81,3.03,3.2,3.55,2.05,2.84,2.79,2.98,2.21,3.25,3.11,2.71
1413,宏洲,11.6,+0.15,+1.31,-0.18,,,,,,,,,,,,,,,,,,,,,,,,,2016Q4,-0.16,0.2,-0.77,-0.51,-0.15,-0.12,-0.4,-0.3,0.09,0,-0.05,0
1417,嘉裕,7.81,+0.05,+0.64,1.89,,,,,,,,,,,,,,,,,,,,,,,,,2016Q4,2.33,2.32,1.66,2.97,2.2,2.2,1.42,1.76,1.39,1.66,1.04,1.7
1432,大魯閣,16.25,+0.1,+0.62,0.97,,,,,,,,,,,,,,,,,,,,,,,,,2016Q4,0.13,0.19,0.06,0.25,0.09,0.11,0.8,1.26,0.89,2.05,2.82,2.99
代號,名稱,成交,漲跌 價,漲跌 幅,平均 毛利 (億),,,,,,,,,,,,,,,,,,,,,,,,,2016Q4,14Q1 毛利 (億),14Q2 毛利 (億),14Q3 毛利 (億),14Q4 毛利 (億),15Q1 毛利 (億),15Q2 毛利 (億),15Q3 毛利 (億),15Q4 毛利 (億),16Q1 毛利 (億),16Q2 毛利 (億),16Q3 毛利 (億),16Q4 毛利 (億)
1435,中福,31.5,0,0,0.06,,,,,,,,,,,,,,,,,,,,,,,,,2016Q4,0.06,0.06,0.06,0.06,0.06,0.07,0.07,0.07,0.05,0.07,0.08,0.08
1438,三地開發,41.8,+2.3,+5.82,0.02,,,,,,,,,,,,,,,,,,,,,,,,,2016Q4,0.01,0,0,0.09,0.18,0,0,0,0,0,0,0
1440,南紡,11.7,-0.15,-1.27,5.73,,,,,,,,,,,,,,,,,,,,,,,,,2016Q4,4.26,4.83,3.84,4.55,6.43,8.41,7.01,6.81,4.71,5.25,6.48,6.18
1445,大宇,14.2,0,0,0.47,,,,,,,,,,,,,,,,,,,,,,,,,2016Q4,0.35,0.4,0.24,0.36,0.5,0.68,0.54,0.55,0.52,0.65,0.46,0.42
1460,宏遠,6.8,-0.07,-1.02,4.19,,,,,,,,,,,,,,,,,,,,,,,,,2016Q4,3.04,3.52,3.45,4.48,3.87,3.66,3.77,5.1,4.79,4.27,4.69,5.6
1512,瑞利,6.23,0,0,1.23,,,,,,,,,,,,,,,,,,,,,,,,,2016Q4,1.08,1.2,0.86,1,1.26,0.63,0.88,2.29,1.44,1.19,0.85,2.06
1516,川飛,14.15,-0.35,-2.41,0.05,,,,,,,,,,,,,,,,,,,,,,,,,2016Q4,0.03,0.06,0.06,0.02,0.07,0.05,0.01,0.03,0.06,0.08,0.04,0.06
1517,利奇,11.05,0,0,1.26,,,,,,,,,,,,,,,,,,,,,,,,,2016Q4,1.42,1.46,1.72,1.28,1.28,1.32,1.16,1.15,0.9,1.24,1.07,1.09
1526,日馳,18.6,-0.05,-0.27,0.53,,,,,,,,,,,,,,,,,,,,,,,,,2016Q4,0.38,0.45,0.42,0.49,0.46,0.6,0.51,0.48,0.54,0.78,0.63,0.64
1528,恩德,12.15,-0.05,-0.41,2.43,,,,,,,,,,,,,,,,,,,,,,,,,2016Q4,2.14,2.53,1.43,1.59,2.4,2.63,2.1,1.95,2.66,3.02,3.52,3.14
1529,樂事綠能,21.95,+0.1,+0.46,0.02,,,,,,,,,,,,,,,,,,,,,,,,,2016Q4,0.01,-0.11,0,0.03,0.04,0.03,-0.01,0.02,0.22,-0.06,0.01,0.05
1533,車王電,29.6,-0.25,-0.84,2.27,,,,,,,,,,,,,,,,,,,,,,,,,2016Q4,2.43,2.37,2.47,2.32,2.11,2.14,2.24,2.45,2.05,2.26,2.18,2.21
1538,正峰,26,-0.55,-2.07,0.29,,,,,,,,,,,,,,,,,,,,,,,,,2016Q4,0.28,0.33,0.33,0.26,0.26,0.39,0.26,0.23,0.35,0.24,0.29,0.32
1587,吉茂,26.95,-0.35,-1.28,1.58,,,,,,,,,,,,,,,,,,,,,,,,,2016Q4,,,,,,,0.74,3.59,,1.91,0.74,0.91
1589,永冠-KY,27.85,-0.1,-0.36,6.12,,,,,,,,,,,,,,,,,,,,,,,,,2016Q4,4.91,6.41,5.62,5.64,5.82,7.04,6.59,7.23,6.54,7.02,5.17,5.45
1626,艾美特-KY,11.85,-0.05,-0.42,5.47,,,,,,,,,,,,,,,,,,,,,,,,,2016Q4,4.83,8.29,3.85,5.03,5.46,8.38,2.62,4.29,5.73,8.63,3.81,4.75
1710,東聯,12.9,-0.2,-1.53,2.9,,,,,,,,,,,,,,,,,,,,,,,,,2016Q4,3.95,3.53,2.25,1.93,2.3,7.48,3.07,0.76,2.24,-0.29,-0.34,7.94
1721,三晃,11.45,+0.05,+0.44,1.17,,,,,,,,,,,,,,,,,,,,,,,,,2016Q4,0.41,0.27,0.27,0.35,1.65,1.22,1.42,1.63,2.11,1.75,1.12,1.78
代號,名稱,成交,漲跌 價,漲跌 幅,平均 毛利 (億),,,,,,,,,,,,,,,,,,,,,,,,,2016Q4,14Q1 毛利 (億),14Q2 毛利 (億),14Q3 毛利 (億),14Q4 毛利 (億),15Q1 毛利 (億),15Q2 毛利 (億),15Q3 毛利 (億),15Q4 毛利 (億),16Q1 毛利 (億),16Q2 毛利 (億),16Q3 毛利 (億),16Q4 毛利 (億)
1802,台玻,14,+0.1,+0.72,9.27,,,,,,,,,,,,,,,,,,,,,,,,,2016Q4,6.59,11.8,7.15,3.4,1.5,4.42,7,9.58,11.2,13.8,15.2,19.5
1903,士紙,45.5,+0.4,+0.89,0.05,,,,,,,,,,,,,,,,,,,,,,,,,2016Q4,0.15,0.37,0.35,-0.05,-0.02,-0.09,-0.11,0.06,0,-0.03,-0.02,-0.01
1905,華紙,13.05,-0.2,-1.51,4.62,,,,,,,,,,,,,,,,,,,,,,,,,2016Q4,2.71,2.67,2.94,5.61,5.47,5.37,5.93,5.95,4.72,4.43,4.1,5.51
1909,榮成,9.01,-0.16,-1.74,13.9,,,,,,,,,,,,,,,,,,,,,,,,,2016Q4,12.2,14.2,13.5,13.1,11.2,12.9,14.1,11.6,13.8,16.1,14.2,19.7
2007,燁興,8.3,-0.06,-0.72,-0.04,,,,,,,,,,,,,,,,,,,,,,,,,2016Q4,-0.63,-0.38,-0.51,-0.45,-0.06,-0.22,-0.22,0.05,0.75,0.6,0.16,0.47
2014,中鴻,16.5,-0.2,-1.2,2.48,,,,,,,,,,,,,,,,,,,,,,,,,2016Q4,4.74,2.78,2.8,2.68,-10.9,-5,2.2,-2.36,3.58,10.9,10.4,7.9
2022,聚亨,8.1,-0.07,-0.86,1.22,,,,,,,,,,,,,,,,,,,,,,,,,2016Q4,1.32,1.5,1.38,1.58,0.72,0.76,0.28,0.02,1.66,2.16,1.72,1.54
2023,燁輝,15.55,0,0,12.8,,,,,,,,,,,,,,,,,,,,,,,,,2016Q4,10.8,11.5,10.4,11.6,13.2,7.96,7.6,8.27,13.1,21.7,17.3,20
2025,千興,13.35,-0.1,-0.74,-0.09,,,,,,,,,,,,,,,,,,,,,,,,,2016Q4,-0.02,1,0.15,-0.7,-0.49,-0.71,-0.63,-0.81,-0.33,0.28,0.3,0.84
2034,允強,20.1,-0.2,-0.99,4.44,,,,,,,,,,,,,,,,,,,,,,,,,2016Q4,5.71,6.06,6.08,3.95,3.98,3.32,3.18,2.98,3.66,4.41,4.64,5.31
2102,泰豐,16.95,-0.05,-0.29,3.82,,,,,,,,,,,,,,,,,,,,,,,,,2016Q4,4.7,4.55,3.61,3.47,4.46,4.91,4.93,4.39,4.39,2.89,1.22,2.32
2104,國際中橡,10.55,-0.1,-0.94,9.95,,,,,,,,,,,,,,,,,,,,,,,,,2016Q4,9.27,10.3,7.85,9.72,10.2,8.36,9.57,8.47,10.5,9.87,12.1,13.3
2208,台船,17.15,-0.55,-3.11,0.79,,,,,,,,,,,,,,,,,,,,,,,,,2016Q4,1.79,1.65,2.44,4.29,2.27,1.94,1.9,3.84,1.4,0.76,-8.97,-3.8
2241,艾姆勒,24.2,-0.1,-0.41,,,,,,,,,,,,,,,,,,,,,,,,,,2016Q4,,,,,,,,,,,,
2254,巨鎧精密-創,67.4,-1.1,-1.61,,,,,,,,,,,,,,,,,,,,,,,,,,2016Q4,,,,,,,,,,,,
2258,鴻華先進-創,40.5,-0.9,-2.17,,,,,,,,,,,,,,,,,,,,,,,,,,2016Q4,,,,,,,,,,,,
2314,台揚,12,+0.1,+0.84,2.35,,,,,,,,,,,,,,,,,,,,,,,,,2016Q4,1.7,1.78,1.99,1.3,2.56,1.28,1.88,3.01,3.62,2.86,3.07,3.11
2321,東訊,13.65,-0.3,-2.15,1.22,,,,,,,,,,,,,,,,,,,,,,,,,2016Q4,1.13,1.88,1.25,1.26,1.06,0.62,1.14,1.15,1.14,1.29,1.26,1.39
代號,名稱,成交,漲跌 價,漲跌 幅,平均 毛利 (億),,,,,,,,,,,,,,,,,,,,,,,,,2016Q4,14Q1 毛利 (億),14Q2 毛利 (億),14Q3 毛利 (億),14Q4 毛利 (億),15Q1 毛利 (億),15Q2 毛利 (億),15Q3 毛利 (億),15Q4 毛利 (億),16Q1 毛利 (億),16Q2 毛利 (億),16Q3 毛利 (億),16Q4 毛利 (億)
2323,中環,7.77,-0.06,-0.77,0.71,,,,,,,,,,,,,,,,,,,,,,,,,2016Q4,0.08,1.14,0.91,1.99,0.85,1.67,0.07,-0.78,1.22,2.16,1.37,-2.21
2331,精英,15.4,+0.2,+1.32,12.7,,,,,,,,,,,,,,,,,,,,,,,,,2016Q4,12.3,16.9,12.6,13.9,14.2,13.2,16.4,10.9,8.81,9.17,12.8,11.6
2337,旺宏,19.15,-0.05,-0.26,9.32,,,,,,,,,,,,,,,,,,,,,,,,,2016Q4,8.61,3.09,11.7,5.26,6.2,6.08,7.86,4.67,7.91,7.07,21.8,21.6
2338,光罩,31.15,+0.3,+0.97,0.48,,,,,,,,,,,,,,,,,,,,,,,,,2016Q4,0.84,0.85,0.79,0.85,0.72,-0.09,0.75,0.53,0.19,0.28,0.04,-0.02
2340,台亞,20.75,+0.25,+1.22,3.99,,,,,,,,,,,,,,,,,,,,,,,,,2016Q4,3.93,4.27,4.37,4.15,3.84,3.67,3.99,3.69,4,4.12,4.39,3.44
2369,菱生,13.45,-0.05,-0.37,1.55,,,,,,,,,,,,,,,,,,,,,,,,,2016Q4,1.78,2.19,1.96,1.47,1.18,0.91,0.98,1.52,1.47,1.59,1.63,1.94
2380,虹光,3.89,+0.34,+9.58,1.83,,,,,,,,,,,,,,,,,,,,,,,,,2016Q4,1.84,1.99,2.05,1.72,2.02,1.83,1.91,1.7,1.5,1.96,1.96,1.47
2390,云辰,10.25,-0.05,-0.49,0.51,,,,,,,,,,,,,,,,,,,,,,,,,2016Q4,0.73,1.45,0.82,0.61,0.51,0.27,0.32,0.23,0.43,0.33,0.3,0.05
2406,國碩,11,0,0,5.51,,,,,,,,,,,,,,,,,,,,,,,,,2016Q4,4.38,3.75,2.19,4.38,4.64,4.93,8.24,10.8,9.98,8.53,2,2.32
2408,南亞科,32.1,-0.65,-1.98,43.6,,,,,,,,,,,,,,,,,,,,,,,,,2016Q4,46.6,52.2,62.6,60.3,56.7,46.9,38.6,30.9,34,25.4,31.7,37.4
2409,友達,12.3,-0.1,-0.81,102,,,,,,,,,,,,,,,,,,,,,,,,,2016Q4,68.9,106,154,156,143,119,91.5,44.9,3.9,55.6,113,172
2413,環科,18.25,0,0,1.88,,,,,,,,,,,,,,,,,,,,,,,,,2016Q4,1.56,2.09,2.15,2.04,2.04,1.95,2.13,2.08,1.91,1.72,1.55,1.37
2424,隴華,59.8,0,0,0.01,,,,,,,,,,,,,,,,,,,,,,,,,2016Q4,0.05,0.11,0.04,0,0,0,0,-0.04,0,-0.02,0,-0.01
2429,銘旺科,44.2,-0.55,-1.23,0.07,,,,,,,,,,,,,,,,,,,,,,,,,2016Q4,-0.11,-0.02,-0.09,-0.1,0,0.08,-0.07,-0.02,0.1,0.43,0.28,0.34
2431,聯昌,11.05,-0.15,-1.34,1.09,,,,,,,,,,,,,,,,,,,,,,,,,2016Q4,0.95,1.38,1.74,1.29,1.46,0.93,0.71,0.6,1.09,0.87,1.04,0.98
2438,翔耀,29.5,+0.5,+1.72,0.44,,,,,,,,,,,,,,,,,,,,,,,,,2016Q4,-0.03,0.32,0.53,0.63,0.66,0.62,0.61,0.51,0.37,0.28,0.36,0.44
2440,太空梭,15.8,+0.65,+4.29,0.52,,,,,,,,,,,,,,,,,,,,,,,,,2016Q4,0.47,0.44,0.41,0.59,0.52,0.68,0.45,0.38,0.26,0.54,0.69,0.81
2444,兆勁,12.1,-0.15,-1.22,0.66,,,,,,,,,,,,,,,,,,,,,,,,,2016Q4,0.59,0.57,0.49,0.75,0.7,0.72,0.65,0.77,0.8,0.82,0.6,0.46
代號,名稱,成交,漲跌 價,漲跌 幅,平均 毛利 (億),,,,,,,,,,,,,,,,,,,,,,,,,2016Q4,14Q1 毛利 (億),14Q2 毛利 (億),14Q3 毛利 (億),14Q4 毛利 (億),15Q1 毛利 (億),15Q2 毛利 (億),15Q3 毛利 (億),15Q4 毛利 (億),16Q1 毛利 (億),16Q2 毛利 (億),16Q3 毛利 (億),16Q4 毛利 (億)
2460,建通,16.45,-0.35,-2.08,1.13,,,,,,,,,,,,,,,,,,,,,,,,,2016Q4,0.53,1.94,1.49,1.32,0.75,0.82,0.74,1.12,0.82,1.43,1.24,1.43
2465,麗臺,47.6,0,0,0.9,,,,,,,,,,,,,,,,,,,,,,,,,2016Q4,0.81,0.6,0.93,0.83,1.27,0.77,0.93,1.06,0.87,0.89,1.02,0.88
2466,冠西電,108.5,+4,+3.83,0.49,,,,,,,,,,,,,,,,,,,,,,,,,2016Q4,0.23,0.23,0.7,0.39,0.32,0.23,0.77,0.18,0.3,0.86,0.69,0.96
2485,兆赫,11.5,-0.05,-0.43,3.96,,,,,,,,,,,,,,,,,,,,,,,,,2016Q4,3.26,2.74,3.47,3.2,3.62,3.56,4.31,6.01,5.96,4.24,4.05,3.07
2491,吉祥全,11.1,+0.05,+0.45,0.16,,,,,,,,,,,,,,,,,,,,,,,,,2016Q4,0.19,0.16,0.11,0.07,0.18,0.22,0.19,0.16,0.15,0.15,0.17,0.25
2498,宏達電,36.9,-0.15,-0.4,60.1,,,,,,,,,,,,,,,,,,,,,,,,,2016Q4,69.6,145,95.8,97.4,81.6,63.6,38.6,35.7,13.9,21.5,35.7,23.3
2547,日勝生,12.65,+0.25,+2.02,4.32,,,,,,,,,,,,,,,,,,,,,,,,,2016Q4,4.22,3.43,3.98,6.15,4.22,3.85,3.9,4.12,4.3,4.02,3.78,5.84
2601,益航,6.48,-0.09,-1.37,15.3,,,,,,,,,,,,,,,,,,,,,,,,,2016Q4,17.5,15.4,14.1,19.5,18.2,15.1,13.9,15.4,15.6,13,10.8,15.3
2616,山隆,16.15,-0.45,-2.71,3.28,,,,,,,,,,,,,,,,,,,,,,,,,2016Q4,2.79,3.04,2.98,3.35,3.07,3.21,3.01,3.15,3.45,3.84,3.54,3.95
2642,宅配通,28,-0.4,-1.41,1.21,,,,,,,,,,,,,,,,,,,,,,,,,2016Q4,1.43,1.3,1.12,1.34,1.42,1.11,1.02,1.19,1.3,1.13,1.1,1.11
2712,遠雄來,18.4,0,0,0.55,,,,,,,,,,,,,,,,,,,,,,,,,2016Q4,0.34,0.56,1.06,0.46,0.46,0.48,0.86,0.43,0.43,0.44,0.75,0.33
2722,夏都,27.5,-0.5,-1.79,1.03,,,,,,,,,,,,,,,,,,,,,,,,,2016Q4,0.59,1.15,1.76,0.66,0.63,1.16,1.69,0.75,0.7,1.16,1.48,0.66
2911,麗嬰房,5.08,-0.07,-1.36,10.7,,,,,,,,,,,,,,,,,,,,,,,,,2016Q4,11.4,9.31,10.8,14.4,12.7,9.57,10.1,12.6,11.1,8.31,8.08,10.5
2913,農林,15.45,+0.05,+0.32,1.08,,,,,,,,,,,,,,,,,,,,,,,,,2016Q4,1.43,1.56,1.72,1.53,1.02,0.97,0.99,1.02,1.03,1.06,0.39,0.28
2939,永邑-KY,28.85,+1.7,+6.26,3.58,,,,,,,,,,,,,,,,,,,,,,,,,2016Q4,,,,,,,,,,5.26,2.2,3.27
3011,今皓,12.6,-0.15,-1.18,0.42,,,,,,,,,,,,,,,,,,,,,,,,,2016Q4,0.49,0.46,0.52,0.42,0.28,0.11,0.15,0.34,0.23,0.53,0.7,0.76
3018,隆銘綠能,21.85,+0.4,+1.86,0.24,,,,,,,,,,,,,,,,,,,,,,,,,2016Q4,0.25,0.35,0.42,0.45,0.21,0.21,0.23,-0.34,0.22,0.13,0.29,0.5
3041,揚智,23.55,-0.15,-0.63,4.01,,,,,,,,,,,,,,,,,,,,,,,,,2016Q4,5.5,4.74,5.98,4.41,3.8,2.55,4.05,4.65,3.68,2.96,2.84,2.98
代號,名稱,成交,漲跌 價,漲跌 幅,平均 毛利 (億),,,,,,,,,,,,,,,,,,,,,,,,,2016Q4,14Q1 毛利 (億),14Q2 毛利 (億),14Q3 毛利 (億),14Q4 毛利 (億),15Q1 毛利 (億),15Q2 毛利 (億),15Q3 毛利 (億),15Q4 毛利 (億),16Q1 毛利 (億),16Q2 毛利 (億),16Q3 毛利 (億),16Q4 毛利 (億)
3048,益登,23.8,0,0,5.64,,,,,,,,,,,,,,,,,,,,,,,,,2016Q4,4.29,5.32,6.22,6.48,5.72,5.58,5.82,5.26,4.34,4.52,6.96,7.13
3049,精金,6.88,-0.08,-1.15,1.46,,,,,,,,,,,,,,,,,,,,,,,,,2016Q4,3.05,3.83,2.1,2.67,2.52,0.35,2.38,2.06,-2.58,-5.01,3.84,2.28
3054,立萬利,22.8,+0.8,+3.64,0.14,,,,,,,,,,,,,,,,,,,,,,,,,2016Q4,0.59,0.49,0.2,-0.05,0.13,0.07,-0.05,-0.12,0.06,0.04,0.04,0.24
3055,蔚華科,48.05,-0.35,-0.72,1.86,,,,,,,,,,,,,,,,,,,,,,,,,2016Q4,1.63,2.8,2.43,1.52,1.58,1.98,1.23,1.67,1.99,2.46,1.48,1.54
3057,喬鼎,8.18,-0.09,-1.09,3.4,,,,,,,,,,,,,,,,,,,,,,,,,2016Q4,3.81,4.63,4.32,4.74,3.78,3.08,2.58,3.22,2.64,2.48,2.79,2.78
3058,立德,10.25,-0.15,-1.44,2.12,,,,,,,,,,,,,,,,,,,,,,,,,2016Q4,2.2,1.93,2.33,2.29,1.79,2.27,2.33,2.24,1.86,1.95,2.08,2.11
3092,鴻碩,19.25,-0.5,-2.53,1.22,,,,,,,,,,,,,,,,,,,,,,,,,2016Q4,0.54,1.03,0.83,0.5,0.64,0.62,1.17,1.47,1.39,2.08,2.37,2.06
3149,正達,29.8,-0.35,-1.16,-2.59,,,,,,,,,,,,,,,,,,,,,,,,,2016Q4,-0.6,-0.68,1.01,-1.91,-5.04,-6.74,-2.8,-3.59,-4.95,-2.43,-1.77,-1.59
3321,同泰,7.08,+0.36,+5.36,1.23,,,,,,,,,,,,,,,,,,,,,,,,,2016Q4,1.51,2.1,2.11,1.76,2.07,1.74,1.04,0.93,0.46,0.35,0.32,0.39
3419,譁裕,14.55,+0.15,+1.04,1.03,,,,,,,,,,,,,,,,,,,,,,,,,2016Q4,0.82,0.79,1.05,1.17,1.02,0.78,1.18,0.98,0.7,0.91,1.31,1.6
3432,台端,13.8,+0.65,+4.94,0.55,,,,,,,,,,,,,,,,,,,,,,,,,2016Q4,0.59,0.81,0.91,0.93,0.58,0.41,0.53,0.5,0.4,0.29,0.4,0.21
3437,榮創,15.15,-0.15,-0.98,2.5,,,,,,,,,,,,,,,,,,,,,,,,,2016Q4,3.17,3.38,2.22,3.11,3.18,1.87,2.62,2.78,1.9,1.18,2.31,2.24
3494,誠研,14.55,0,0,1.25,,,,,,,,,,,,,,,,,,,,,,,,,2016Q4,1.57,1.62,1.43,1.49,1.46,1.32,1.29,1.11,1.64,1.09,0.62,0.38
3504,揚明光,44.35,+0.35,+0.8,2.86,,,,,,,,,,,,,,,,,,,,,,,,,2016Q4,2.83,3.17,3.36,4.03,2.71,3.05,3.37,3.14,2.29,1.83,2.44,2.14
3518,柏騰,17.75,0,0,0.53,,,,,,,,,,,,,,,,,,,,,,,,,2016Q4,0.43,0.49,0.5,0.82,0.96,0.74,0.45,0.58,0.33,0.4,0.38,0.3
3530,晶相光,55.4,-0.7,-1.25,2.42,,,,,,,,,,,,,,,,,,,,,,,,,2016Q4,,,,,,,,,,1.97,1.27,4.02
3543,州巧,17.4,+0.3,+1.75,,,,,,,,,,,,,,,,,,,,,,,,,,2016Q4,,,,,,,,,,,,
3550,聯穎,12.6,-0.05,-0.4,1.72,,,,,,,,,,,,,,,,,,,,,,,,,2016Q4,1.48,1.86,1.6,1.51,1.42,1.64,1.55,2.01,1.69,1.91,1.88,2.05
代號,名稱,成交,漲跌 價,漲跌 幅,平均 毛利 (億),,,,,,,,,,,,,,,,,,,,,,,,,2016Q4,14Q1 毛利 (億),14Q2 毛利 (億),14Q3 毛利 (億),14Q4 毛利 (億),15Q1 毛利 (億),15Q2 毛利 (億),15Q3 毛利 (億),15Q4 毛利 (億),16Q1 毛利 (億),16Q2 毛利 (億),16Q3 毛利 (億),16Q4 毛利 (億)
3576,聯合再生,8.2,+0.1,+1.23,0.42,,,,,,,,,,,,,,,,,,,,,,,,,2016Q4,7.91,6.69,2.27,1.01,-0.99,-1.66,2.79,6.11,7.51,-4.01,-12.7,-9.9
3593,力銘,9.85,-0.15,-1.5,-0.07,,,,,,,,,,,,,,,,,,,,,,,,,2016Q4,-0.02,-0.47,0.01,-0.57,0.17,-0.25,0.08,-0.32,0.08,0.13,0.35,0.02
3686,達能,14.1,-0.4,-2.76,-1.09,,,,,,,,,,,,,,,,,,,,,,,,,2016Q4,-0.63,-0.98,-1.37,-1,-1.2,-1.35,-0.96,-1.04,-0.45,-0.54,-2.18,-1.39
3714,富采,35.15,+0.2,+0.57,,,,,,,,,,,,,,,,,,,,,,,,,,2016Q4,,,,,,,,,,,,
4108,懷特,13.15,0,0,0.01,,,,,,,,,,,,,,,,,,,,,,,,,2016Q4,0.01,0,0.01,0,0,0,0.01,0.01,0,0.04,0.04,0.04
4142,國光生,18.55,-0.15,-0.8,-0.57,,,,,,,,,,,,,,,,,,,,,,,,,2016Q4,-0.53,0.61,-1.09,-1.04,-0.6,-0.03,-0.85,-1.43,-0.77,-0.2,-0.1,-0.82
4190,佐登-KY,34.5,+0.4,+1.17,3.21,,,,,,,,,,,,,,,,,,,,,,,,,2016Q4,,5.28,2.84,2.89,2.45,3.01,2.85,3.45,2.73,3,3,3.82
4426,利勤,11.2,-0.2,-1.75,2.29,,,,,,,,,,,,,,,,,,,,,,,,,2016Q4,1.12,0.97,1.38,1.74,2.43,2.58,2.51,2.91,3.85,2.33,3.42,2.23
4526,東台,21.5,-1,-4.44,5.66,,,,,,,,,,,,,,,,,,,,,,,,,2016Q4,4.55,6.46,6.25,4.33,4.28,5.47,6.86,8.19,5.65,4.32,4.8,6.74
4540,全球傳動,36.6,-0.05,-0.14,2.15,,,,,,,,,,,,,,,,,,,,,,,,,2016Q4,,,,,,,,,,1.41,1.93,3.1
4555,氣立,34.75,+0.35,+1.02,1.52,,,,,,,,,,,,,,,,,,,,,,,,,2016Q4,1.18,2.08,1.97,1.49,1.36,2.03,1.89,1.08,1.1,1.65,1.45,0.99
4562,穎漢,40.9,+0.55,+1.36,2.08,,,,,,,,,,,,,,,,,,,,,,,,,2016Q4,,,,,,2.49,1.57,4.85,1.1,1.18,1.57,1.8
4564,元翎,19.4,+0.65,+3.47,3.67,,,,,,,,,,,,,,,,,,,,,,,,,2016Q4,,,,,,,,,,,1.57,5.76
4737,華廣,55,+5,+10,1.72,,,,,,,,,,,,,,,,,,,,,,,,,2016Q4,1.24,1.43,1.37,1.9,1.5,1.45,1.94,2.12,1.36,1.88,2.01,2.45
4764,雙鍵,39,-0.2,-0.51,3.62,,,,,,,,,,,,,,,,,,,,,,,,,2016Q4,,,,,,,2.23,8.65,,2.35,2.23,2.66
4807,日成-KY,17.7,+1.6,+9.94,2.34,,,,,,,,,,,,,,,,,,,,,,,,,2016Q4,,,,,,1.91,1.26,6.39,1.93,2.03,1.24,1.64
4927,泰鼎-KY,22.5,-0.65,-2.81,3.54,,,,,,,,,,,,,,,,,,,,,,,,,2016Q4,3.12,3.17,3.95,2.98,2.61,3.57,6.11,4.12,3.18,3.57,3.77,2.3
4934,太極,9.9,0,0,1,,,,,,,,,,,,,,,,,,,,,,,,,2016Q4,2.11,1.81,0.09,0.48,0.69,0.64,1.65,3.31,3.02,2.4,-3.35,-0.81
代號,名稱,成交,漲跌 價,漲跌 幅,平均 毛利 (億),,,,,,,,,,,,,,,,,,,,,,,,,2016Q4,14Q1 毛利 (億),14Q2 毛利 (億),14Q3 毛利 (億),14Q4 毛利 (億),15Q1 毛利 (億),15Q2 毛利 (億),15Q3 毛利 (億),15Q4 毛利 (億),16Q1 毛利 (億),16Q2 毛利 (億),16Q3 毛利 (億),16Q4 毛利 (億)
4943,康控-KY,12,0,0,1.89,,,,,,,,,,,,,,,,,,,,,,,,,2016Q4,,2.19,1.47,5.13,1.47,1.4,1.47,1.74,1.23,1.07,1.71,1.95
4949,有成精密,38.5,-0.8,-2.04,,,,,,,,,,,,,,,,,,,,,,,,,,2016Q4,,,,,,,,,,,,
4956,光鋐,21.35,+0.75,+3.64,0.69,,,,,,,,,,,,,,,,,,,,,,,,,2016Q4,0.74,0.93,0.92,0.69,0.74,0.97,0.54,0.1,0.34,0.81,0.77,0.68
4960,誠美材,12.25,-0.15,-1.21,3.22,,,,,,,,,,,,,,,,,,,,,,,,,2016Q4,6.81,9.09,6.32,6.76,6.63,4.98,3.12,2.93,-0.27,-1.38,-3.12,-3.2
4976,佳凌,25.8,+0.3,+1.18,0.28,,,,,,,,,,,,,,,,,,,,,,,,,2016Q4,0.58,0.57,0.2,-0.04,0.1,0.25,0.31,0.02,0.22,0.39,0.64,0.18
4989,榮科,14.6,-0.05,-0.34,1.12,,,,,,,,,,,,,,,,,,,,,,,,,2016Q4,,,,,,,,-0.22,,1.42,1.04,2.23
5484,慧友,37.55,0,0,0.94,,,,,,,,,,,,,,,,,,,,,,,,,2016Q4,1.35,1.28,1.28,0.86,0.73,0.81,0.7,0.62,0.84,1.05,1.11,0.71
5531,鄉林,9.71,-0.11,-1.12,5.19,,,,,,,,,,,,,,,,,,,,,,,,,2016Q4,3.19,9.05,6.41,5.16,1.69,1.91,2.69,9.85,5.9,1.06,4.5,10.9
5546,永固-KY,28,+0.15,+0.54,,,,,,,,,,,,,,,,,,,,,,,,,,2016Q4,,,,,,,,,,,,
5608,四維航,16.3,-0.1,-0.61,0.03,,,,,,,,,,,,,,,,,,,,,,,,,2016Q4,0.13,0.85,1.15,1.39,1.27,0.77,1.07,-0.35,-2.08,-1.22,-1.19,-1.48
5907,大洋-KY,8.64,-0.34,-3.79,14.8,,,,,,,,,,,,,,,,,,,,,,,,,2016Q4,16.9,14.9,13.5,18.9,17.8,14.4,13.1,15.4,15.4,12.3,10.2,14.8
6112,邁達特,43.5,-0.55,-1.25,1.85,,,,,,,,,,,,,,,,,,,,,,,,,2016Q4,1.65,1.85,1.77,1.68,1.84,1.93,1.73,1.83,1.9,2.07,2.06,1.94
6116,彩晶,6.98,0,0,9.48,,,,,,,,,,,,,,,,,,,,,,,,,2016Q4,16.9,14.9,9.23,2.89,8.22,-0.09,-2.71,-5.25,-2.66,0.48,28.3,43.5
6141,柏承,9.4,-0.05,-0.53,0.63,,,,,,,,,,,,,,,,,,,,,,,,,2016Q4,0.86,0.84,1.27,0.83,0.16,-0.02,0.19,0.16,0.39,0.75,1.12,1.04
6142,友勁,8.62,+0.04,+0.47,1.19,,,,,,,,,,,,,,,,,,,,,,,,,2016Q4,1.09,1.09,1.18,0.98,1.01,1.35,1.53,1.2,1.09,1.12,1.21,1.44
6152,百一,9.01,-0.06,-0.66,2.27,,,,,,,,,,,,,,,,,,,,,,,,,2016Q4,2.66,2.43,1.35,2.01,1.46,2.21,1.48,2.42,2.49,2.34,3.22,3.14
6153,嘉聯益,11.4,+0.25,+2.24,5.35,,,,,,,,,,,,,,,,,,,,,,,,,2016Q4,4.64,5.66,8.58,7.47,2.29,2.98,7.95,7.52,2.99,3.84,4.78,5.52
6168,宏齊,15.9,0,0,1.12,,,,,,,,,,,,,,,,,,,,,,,,,2016Q4,1.12,2.52,2.06,1.26,0.66,0.12,1.57,0.66,0.4,0.55,1.22,1.26
代號,名稱,成交,漲跌 價,漲跌 幅,平均 毛利 (億),,,,,,,,,,,,,,,,,,,,,,,,,2016Q4,14Q1 毛利 (億),14Q2 毛利 (億),14Q3 毛利 (億),14Q4 毛利 (億),15Q1 毛利 (億),15Q2 毛利 (億),15Q3 毛利 (億),15Q4 毛利 (億),16Q1 毛利 (億),16Q2 毛利 (億),16Q3 毛利 (億),16Q4 毛利 (億)
6202,盛群,38.75,+0.2,+0.52,4.87,,,,,,,,,,,,,,,,,,,,,,,,,2016Q4,4.17,4.91,4.67,5.09,4.29,4.98,5.06,5.15,4.42,5.37,5.2,5.17
6209,今國光,23.5,-0.45,-1.88,0.79,,,,,,,,,,,,,,,,,,,,,,,,,2016Q4,0.77,0.49,1.08,0.25,0.56,0.67,1.12,0.67,0.73,0.87,1.31,0.91
6225,天瀚,12.35,-0.55,-4.26,0.01,,,,,,,,,,,,,,,,,,,,,,,,,2016Q4,-0.01,0.05,0.07,-0.05,0.18,0.07,0.05,-0.11,-0.02,-0.06,-0.04,-0.01
6226,光鼎,7.28,+0.05,+0.69,0.75,,,,,,,,,,,,,,,,,,,,,,,,,2016Q4,0.58,1.24,0.8,0.67,0.61,0.83,0.73,0.6,0.69,0.82,0.66,0.77
6269,台郡,49.8,-0.6,-1.19,10.2,,,,,,,,,,,,,,,,,,,,,,,,,2016Q4,3.12,4.22,6.95,14.6,11.4,11.8,11.5,13.4,9.25,7.19,14.4,14.6
6282,康舒,26.05,-0.2,-0.76,8.27,,,,,,,,,,,,,,,,,,,,,,,,,2016Q4,8,10.3,9.36,8.32,7.59,7.45,8.39,8.11,7.46,8,8.09,8.21
6405,悅城,21.6,-0.55,-2.48,0.82,,,,,,,,,,,,,,,,,,,,,,,,,2016Q4,1.33,1.94,1.63,1.21,0.62,0.64,0.57,0.63,0.16,0.17,0.27,0.64
6426,統新,59.1,0,0,0.52,,,,,,,,,,,,,,,,,,,,,,,,,2016Q4,0.61,0.4,0.38,0.34,0.6,0.5,0.44,0.5,0.49,0.56,0.61,0.84
6431,光麗-KY,18.75,+0.45,+2.46,-0.17,,,,,,,,,,,,,,,,,,,,,,,,,2016Q4,0.59,1.15,0.38,-0.09,-0.16,-0.31,-0.12,-0.99,-0.26,-0.82,-0.27,-1.15
6443,元晶,14.15,0,0,1.41,,,,,,,,,,,,,,,,,,,,,,,,,2016Q4,2.13,1.93,0.54,1.29,1.4,0.42,1.73,2.7,3.63,1.71,-1.38,0.74
6477,安集,27.9,-0.2,-0.71,0.67,,,,,,,,,,,,,,,,,,,,,,,,,2016Q4,,0.82,0.69,2.25,0.39,0.5,0.69,0.59,0.31,0.38,0.34,0.4
6541,泰福-KY,63.5,+0.7,+1.11,0,,,,,,,,,,,,,,,,,,,,,,,,,2016Q4,,,,,,,,0,0,0,0,0
6550,北極星藥業-KY,40.25,+3.65,+9.97,,,,,,,,,,,,,,,,,,,,,,,,,,2016Q4,,,,,,,,,,,,
6573,虹揚-KY,11.25,-0.3,-2.6,1.63,,,,,,,,,,,,,,,,,,,,,,,,,2016Q4,,,,,,,,,,2.34,1.16,1.37
6598,ABC-KY,18.85,-0.15,-0.79,,,,,,,,,,,,,,,,,,,,,,,,,,2016Q4,,,,,,,,,,,,
6645,金萬林-創,21.85,+0.35,+1.63,,,,,,,,,,,,,,,,,,,,,,,,,,2016Q4,,,,,,,,,,,,
6657,華安,59.5,0,0,,,,,,,,,,,,,,,,,,,,,,,,,,2016Q4,,,,,,,,,,,,
6668,中揚光,33.95,+0.25,+0.74,2.03,,,,,,,,,,,,,,,,,,,,,,,,,2016Q4,,,,,,,,,,,1.4,2.67
代號,名稱,成交,漲跌 價,漲跌 幅,平均 毛利 (億),,,,,,,,,,,,,,,,,,,,,,,,,2016Q4,14Q1 毛利 (億),14Q2 毛利 (億),14Q3 毛利 (億),14Q4 毛利 (億),15Q1 毛利 (億),15Q2 毛利 (億),15Q3 毛利 (億),15Q4 毛利 (億),16Q1 毛利 (億),16Q2 毛利 (億),16Q3 毛利 (億),16Q4 毛利 (億)
6674,鋐寶科技,16.95,+0.1,+0.59,3.91,,,,,,,,,,,,,,,,,,,,,,,,,2016Q4,,,,,,,,,,,1.86,5.96
6695,芯鼎,41.6,-0.05,-0.12,,,,,,,,,,,,,,,,,,,,,,,,,,2016Q4,,,,,,,,,,,,
6698,旭暉應材,27.2,+0.45,+1.68,,,,,,,,,,,,,,,,,,,,,,,,,,2016Q4,,,,,,,,,,,,
6706,惠特,66.5,-0.2,-0.3,,,,,,,,,,,,,,,,,,,,,,,,,,2016Q4,,,,,,,,,,,,
6770,力積電,14.1,0,0,,,,,,,,,,,,,,,,,,,,,,,,,,2016Q4,,,,,,,,,,,,
6794,向榮生技-創,64.8,+1.5,+2.37,,,,,,,,,,,,,,,,,,,,,,,,,,2016Q4,,,,,,,,,,,,
6838,台新藥,24.3,+0.15,+0.62,,,,,,,,,,,,,,,,,,,,,,,,,,2016Q4,,,,,,,,,,,,
6885,全福生技,23.3,-0.2,-0.85,,,,,,,,,,,,,,,,,,,,,,,,,,2016Q4,,,,,,,,,,,,
6901,鑽石投資,22.65,+0.6,+2.72,,,,,,,,,,,,,,,,,,,,,,,,,,2016Q4,,,,,,,,,,,,
6902,GOGOLOOK-創,98,-1.5,-1.51,,,,,,,,,,,,,,,,,,,,,,,,,,2016Q4,,,,,,,,,,,,
6919,康霈*,616,+4,+0.65,,,,,,,,,,,,,,,,,,,,,,,,,,2016Q4,,,,,,,,,,,,
6928,攸泰科技,44.3,-1.1,-2.42,,,,,,,,,,,,,,,,,,,,,,,,,,2016Q4,,,,,,,,,,,,
6949,沛爾生醫-創,125.5,+0.5,+0.4,,,,,,,,,,,,,,,,,,,,,,,,,,2016Q4,,,,,,,,,,,,
6969,成信實業*-創,26.75,-0.75,-2.73,,,,,,,,,,,,,,,,,,,,,,,,,,2016Q4,,,,,,,,,,,,
8101,華冠,16.1,0,0,3.22,,,,,,,,,,,,,,,,,,,,,,,,,2016Q4,4.99,4.1,4.47,6.93,3.73,2.77,3.43,2.9,2.48,2.06,-0.39,1.23
8110,華東,11.8,-0.05,-0.42,2.4,,,,,,,,,,,,,,,,,,,,,,,,,2016Q4,2.13,4.56,4.44,2.53,0.96,1.13,1.16,2.37,0.66,1.87,2.99,3.96
8201,無敵,11.85,+0.1,+0.85,0.38,,,,,,,,,,,,,,,,,,,,,,,,,2016Q4,1.63,0.29,0.41,0.05,0.69,0.22,0.11,-0.08,0.17,0.38,0.32,0.37
8411,福貞-KY,12.35,+0.55,+4.66,2.58,,,,,,,,,,,,,,,,,,,,,,,,,2016Q4,3.16,1.56,1.92,2.16,2.58,1.82,2.66,2.54,3.33,1.98,3.43,3.86
代號,名稱,成交,漲跌 價,漲跌 幅,平均 毛利 (億),,,,,,,,,,,,,,,,,,,,,,,,,2016Q4,14Q1 毛利 (億),14Q2 毛利 (億),14Q3 毛利 (億),14Q4 毛利 (億),15Q1 毛利 (億),15Q2 毛利 (億),15Q3 毛利 (億),15Q4 毛利 (億),16Q1 毛利 (億),16Q2 毛利 (億),16Q3 毛利 (億),16Q4 毛利 (億)
8429,金麗-KY,8.56,0,0,4.82,,,,,,,,,,,,,,,,,,,,,,,,,2016Q4,4.7,5.52,4.64,5.37,4.46,5.28,4.84,5.5,4.49,5.51,3.43,4.12
8443,阿瘦,11.6,+0.05,+0.43,3.17,,,,,,,,,,,,,,,,,,,,,,,,,2016Q4,4.28,3.75,3.56,3.27,3.2,3.07,2.97,3.2,2.85,2.9,2.51,2.53
8488,吉源-KY,11.85,+0.3,+2.6,2.36,,,,,,,,,,,,,,,,,,,,,,,,,2016Q4,,,,5.94,,,1.49,1.54,2.08,1.27,1.94,2.25
9912,偉聯,11.7,+0.05,+0.43,0.47,,,,,,,,,,,,,,,,,,,,,,,,,2016Q4,0.49,0.52,0.48,0.55,0.37,0.36,0.37,0.42,0.49,0.57,0.53,0.45
9914,美利達,131.5,-1,-0.75,10.9,,,,,,,,,,,,,,,,,,,,,,,,,2016Q4,11.1,13.1,12.5,11.2,11.9,13,13.8,9.25,10.4,9.57,8.5,6.42
9919,康那香,15.55,-0.45,-2.81,1.49,,,,,,,,,,,,,,,,,,,,,,,,,2016Q4,1.51,1.63,1.43,1.27,1.48,1.81,1.07,1.85,1.42,1.56,1.67,1.17
9928,中視,15.6,0,0,-0.39,,,,,,,,,,,,,,,,,,,,,,,,,2016Q4,-0.36,-0.06,-0.34,-0.27,-0.98,-0.7,-0.42,0.17,-0.35,-0.34,-0.42,-0.56
9929,秋雨,13.75,+0.4,+3,0.14,,,,,,,,,,,,,,,,,,,,,,,,,2016Q4,0.08,0.15,0.01,0.08,0.18,0.19,0.18,0.21,0.1,0.12,0.15,0.27
9955,佳龍,29.15,+2.65,+10,0.12,,,,,,,,,,,,,,,,,,,,,,,,,2016Q4,0.47,0.38,0.41,0.48,0.44,-0.03,-0.05,-0.5,0.18,0.53,0.15,-0.97
